Delta,Time,CPU_FREQUENCY_0,CPU_FREQUENCY_1,CPU_FREQUENCY_2,CPU_FREQUENCY_3,CPU_FREQUENCY_4,CPU_FREQUENCY_5,CPU_FREQUENCY_6,CPU_FREQUENCY_7,CPU_USAGE_0,CPU_USAGE_1,CPU_USAGE_2,CPU_USAGE_3,CPU_USAGE_4,CPU_USAGE_5,CPU_USAGE_6,CPU_USAGE_7,DRAM_ENERGY (J),PACKAGE_ENERGY (J),PP0_ENERGY (J),PP1_ENERGY (J),TOTAL_MEMORY,TOTAL_SWAP,USED_MEMORY,USED_SWAP
0,1784829078664,799,800,800,800,799,800,800,800,16.216215133666992,21.62162208557129,18.91891860961914,16.216215133666992,29.7297306060791,15.789472579956055,13.88888931274414,21.052631378173828,2340.2813110351563,8900.720153808594,3193.1033935546875,268.560791015625,12385198080,2147479552,5448462336,905183232
0,1784829078665,799,800,800,800,799,800,800,800,16.216215133666992,21.62162208557129,18.91891860961914,16.216215133666992,29.7297306060791,15.789472579956055,13.88888931274414,21.052631378173828,2340.2833251953125,8900.727294921875,3193.1065063476563,268.560791015625,12385198080,2147479552,5448462336,905183232
