Delta,Time,CPU_FREQUENCY_0,CPU_FREQUENCY_1,CPU_USAGE_0,CPU_USAGE_1,DRAM_ENERGY (J),PACKAGE_ENERGY (J),PP0_ENERGY (J),PP1_ENERGY (J),TOTAL_MEMORY,TOTAL_SWAP,USED_MEMORY,USED_SWAP
0,1788375621119,3191,3191,9.090909004211426,4.761904716491699,0,155854.52459716797,0,0,4112314368,0,378552320,0
200,1788375621119,3191,3191,9.090909004211426,4.761904716491699,0,155854.52459716797,0,0,4112314368,0,378552320,0
200,1788375621319,3191,3191,0,0,0,155854.52459716797,0,0,4112314368,0,378552320,0
200,1788375621520,3191,3191,0,0,0,155854.54376220703,0,0,4112314368,0,378552320,0
200,1788375621720,3191,3191,0,0,0,155854.54376220703,0,0,4112314368,0,378556416,0
200,1788375621920,3191,3191,0,0,0,155854.54376220703,0,0,4112314368,0,378556416,0
200,1788375622121,3191,3191,0,0,0,155854.54376220703,0,0,4112314368,0,378556416,0
200,1788375622321,3191,3191,0,0,0,155854.54376220703,0,0,4112314368,0,378556416,0
200,1788375622521,3191,3191,0,0,0,155854.5498046875,0,0,4112314368,0,378556416,0
200,1788375622722,3191,3191,0,0,0,155854.5498046875,0,0,4112314368,0,378556416,0
200,1788375622922,3191,3191,0,0,0,155854.5498046875,0,0,4112314368,0,378556416,0
200,1788375623122,3191,3191,0,0,0,155854.5498046875,0,0,4112314368,0,378556416,0
200,1788375623323,3191,3191,0,0,0,155854.5498046875,0,0,4112314368,0,378556416,0
200,1788375623523,3191,3191,0,0,0,155854.5498046875,0,0,4112314368,0,378556416,0
200,1788375623723,3191,3191,0,0,0,155854.5498046875,0,0,4112314368,0,378556416,0
200,1788375623923,3191,3191,4.761904716491699,0,0,155854.5498046875,0,0,4112314368,0,378556416,0
200,1788375624124,3191,3191,0,0,0,155854.5498046875,0,0,4112314368,0,378556416,0
200,1788375624324,3191,3191,0,0,0,155854.5498046875,0,0,4112314368,0,378556416,0
200,1788375624524,3191,3191,0,0,0,155854.5498046875,0,0,4112314368,0,378556416,0
200,1788375624725,3191,3191,0,0,0,155854.5498046875,0,0,4112314368,0,378556416,0
200,1788375624925,3191,3191,0,0,0,155854.5498046875,0,0,4112314368,0,378556416,0
200,1788375625125,3191,3191,0,0,0,155854.5498046875,0,0,4112314368,0,378556416,0
200,1788375625325,3191,3191,0,0,0,155854.5498046875,0,0,4112314368,0,378556416,0
200,1788375625525,3191,3191,0,0,0,155854.56756591797,0,0,4112314368,0,378556416,0
200,1788375625725,3191,3191,0,0,0,155854.56756591797,0,0,4112314368,0,378556416,0
200,1788375625926,3191,3191,0,0,0,155854.56756591797,0,0,4112314368,0,378556416,0
200,1788375626126,3191,3191,0,0,0,155854.56756591797,0,0,4112314368,0,378556416,0
200,1788375626326,3191,3191,0,0,0,155854.56756591797,0,0,4112314368,0,378556416,0
200,1788375626527,3191,3191,0,0,0,155854.56756591797,0,0,4112314368,0,378556416,0
200,1788375626727,3191,3191,0,0,0,155854.56756591797,0,0,4112314368,0,378556416,0
200,1788375626927,3191,3191,0,0,0,155854.56756591797,0,0,4112314368,0,378556416,0
200,1788375627128,3191,3191,0,0,0,155854.56756591797,0,0,4112314368,0,378556416,0
200,1788375627328,3191,3191,0,0,0,155854.56756591797,0,0,4112314368,0,378556416,0
200,1788375627528,3191,3191,0,0,0,155854.56756591797,0,0,4112314368,0,378556416,0
200,1788375627729,3191,3191,0,0,0,155854.56756591797,0,0,4112314368,0,378556416,0
200,1788375627929,3191,3191,0,0,0,155854.56756591797,0,0,4112314368,0,378556416,0
200,1788375628129,3191,3191,0,0,0,155854.56756591797,0,0,4112314368,0,378556416,0
200,1788375628329,3191,3191,0,0,0,155854.56756591797,0,0,4112314368,0,378556416,0
200,1788375628530,3191,3191,0,0,0,155854.57977294922,0,0,4112314368,0,378556416,0
200,1788375628730,3191,3191,0,0,0,155854.57977294922,0,0,4112314368,0,378556416,0
200,1788375628930,3191,3191,0,0,0,155854.57977294922,0,0,4112314368,0,378556416,0
200,1788375629131,3191,3191,0,0,0,155854.57977294922,0,0,4112314368,0,378556416,0
200,1788375629331,3191,3191,0,0,0,155854.57977294922,0,0,4112314368,0,378556416,0
200,1788375629531,3191,3191,0,0,0,155854.57977294922,0,0,4112314368,0,378556416,0
200,1788375629732,3191,3191,0,0,0,155854.57977294922,0,0,4112314368,0,378556416,0
200,1788375629932,3191,3191,0,0,0,155854.57977294922,0,0,4112314368,0,378556416,0
200,1788375630133,3191,3191,0,0,0,155854.57977294922,0,0,4112314368,0,378556416,0
200,1788375630333,3191,3191,0,0,0,155854.57977294922,0,0,4112314368,0,378556416,0
200,1788375630533,3191,3191,0,0,0,155854.57977294922,0,0,4112314368,0,378556416,0
200,1788375630733,3191,3191,0,0,0,155854.57977294922,0,0,4112314368,0,378556416,0
200,1788375630933,3191,3191,0,0,0,155854.57977294922,0,0,4112314368,0,378556416,0
200,1788375631134,3191,3191,0,0,0,155854.57977294922,0,0,4112314368,0,378548224,0
200,1788375631334,3191,3191,0,0,0,155854.57977294922,0,0,4112314368,0,378548224,0
200,1788375631534,3191,3191,0,0,0,155854.57977294922,0,0,4112314368,0,378548224,0
200,1788375631735,3191,3191,0,0,0,155854.57977294922,0,0,4112314368,0,378548224,0
200,1788375631935,3191,3191,0,0,0,155854.57977294922,0,0,4112314368,0,378548224,0
200,1788375632135,3191,3191,0,0,0,155854.57977294922,0,0,4112314368,0,378548224,0
200,1788375632336,3191,3191,4.761904716491699,0,0,155854.57977294922,0,0,4112314368,0,378548224,0
200,1788375632536,3191,3191,0,0,0,155854.58587646484,0,0,4112314368,0,378548224,0
200,1788375632736,3191,3191,0,0,0,155854.58587646484,0,0,4112314368,0,378548224,0
200,1788375632937,3191,3191,0,0,0,155854.58587646484,0,0,4112314368,0,378548224,0
200,1788375633137,3191,3191,0,0,0,155854.58587646484,0,0,4112314368,0,378548224,0
200,1788375633337,3191,3191,0,0,0,155854.58587646484,0,0,4112314368,0,378548224,0
200,1788375633537,3191,3191,0,0,0,155854.59796142578,0,0,4112314368,0,378548224,0
200,1788375633738,3191,3191,0,0,0,155854.59796142578,0,0,4112314368,0,378548224,0
200,1788375633938,3191,3191,0,0,0,155854.59796142578,0,0,4112314368,0,378548224,0
200,1788375634138,3191,3191,0,0,0,155854.59796142578,0,0,4112314368,0,378548224,0
200,1788375634338,3191,3191,0,0,0,155854.59796142578,0,0,4112314368,0,378548224,0
200,1788375634539,3191,3191,0,0,0,155854.59796142578,0,0,4112314368,0,378548224,0
200,1788375634739,3191,3191,0,0,0,155854.59796142578,0,0,4112314368,0,378548224,0
200,1788375634939,3191,3191,0,0,0,155854.59796142578,0,0,4112314368,0,378548224,0
200,1788375635139,3191,3191,0,0,0,155854.59796142578,0,0,4112314368,0,378548224,0
200,1788375635340,3191,3191,0,0,0,155854.59796142578,0,0,4112314368,0,378548224,0
200,1788375635540,3191,3191,0,0,0,155854.60473632813,0,0,4112314368,0,378548224,0
200,1788375635740,3191,3191,0,0,0,155854.60473632813,0,0,4112314368,0,378548224,0
200,1788375635940,3191,3191,0,0,0,155854.60473632813,0,0,4112314368,0,378548224,0
200,1788375636140,3191,3191,0,0,0,155854.60473632813,0,0,4112314368,0,378548224,0
200,1788375636341,3191,3191,0,0,0,155854.60473632813,0,0,4112314368,0,378548224,0
200,1788375636541,3191,3191,0,0,0,155854.60473632813,0,0,4112314368,0,378548224,0
200,1788375636741,3191,3191,0,0,0,155854.60473632813,0,0,4112314368,0,378548224,0
200,1788375636941,3191,3191,0,0,0,155854.60473632813,0,0,4112314368,0,378548224,0
200,1788375637141,3191,3191,0,0,0,155854.60473632813,0,0,4112314368,0,378548224,0
200,1788375637342,3191,3191,0,0,0,155854.60473632813,0,0,4112314368,0,378548224,0
200,1788375637542,3191,3191,0,0,0,155854.60473632813,0,0,4112314368,0,378548224,0
200,1788375637742,3191,3191,0,0,0,155854.60473632813,0,0,4112314368,0,378548224,0
200,1788375637943,3191,3191,0,0,0,155854.60473632813,0,0,4112314368,0,378548224,0
200,1788375638143,3191,3191,0,0,0,155854.60473632813,0,0,4112314368,0,378548224,0
200,1788375638344,3191,3191,0,0,0,155854.60473632813,0,0,4112314368,0,378548224,0
200,1788375638544,3191,3191,0,0,0,155854.60473632813,0,0,4112314368,0,378548224,0
200,1788375638744,3191,3191,0,0,0,155854.60473632813,0,0,4112314368,0,378548224,0
200,1788375638945,3191,3191,0,0,0,155854.60473632813,0,0,4112314368,0,378548224,0
200,1788375639145,3191,3191,0,0,0,155854.60473632813,0,0,4112314368,0,378548224,0
200,1788375639345,3191,3191,0,0,0,155854.60473632813,0,0,4112314368,0,378548224,0
200,1788375639545,3191,3191,0,0,0,155854.60473632813,0,0,4112314368,0,378548224,0
200,1788375639746,3191,3191,0,0,0,155854.60473632813,0,0,4112314368,0,378548224,0
200,1788375639946,3191,3191,0,0,0,155854.60473632813,0,0,4112314368,0,378548224,0
200,1788375640146,3191,3191,0,0,0,155854.60473632813,0,0,4112314368,0,378548224,0
200,1788375640347,3191,3191,4.761904716491699,0,0,155854.60473632813,0,0,4112314368,0,378548224,0
200,1788375640547,3191,3191,0,0,0,155854.61755371094,0,0,4112314368,0,378548224,0
200,1788375640747,3191,3191,0,0,0,155854.61755371094,0,0,4112314368,0,378548224,0
200,1788375640948,3191,3191,0,0,0,155854.61755371094,0,0,4112314368,0,378548224,0
200,1788375641148,3191,3191,0,0,0,155854.61755371094,0,0,4112314368,0,378548224,0
200,1788375641348,3191,3191,0,0,0,155854.61755371094,0,0,4112314368,0,378548224,0
200,1788375641549,3191,3191,0,0,0,155854.61755371094,0,0,4112314368,0,378548224,0
200,1788375641749,3191,3191,0,0,0,155854.61755371094,0,0,4112314368,0,378548224,0
200,1788375641949,3191,3191,0,0,0,155854.61755371094,0,0,4112314368,0,378548224,0
200,1788375642149,3191,3191,0,0,0,155854.61755371094,0,0,4112314368,0,378548224,0
200,1788375642350,3191,3191,0,0,0,155854.61755371094,0,0,4112314368,0,378548224,0
200,1788375642550,3191,3191,0,0,0,155854.61755371094,0,0,4112314368,0,378548224,0
200,1788375642750,3191,3191,0,0,0,155854.61755371094,0,0,4112314368,0,378548224,0
200,1788375642950,3191,3191,0,0,0,155854.61755371094,0,0,4112314368,0,378548224,0
200,1788375643151,3191,3191,0,0,0,155854.61755371094,0,0,4112314368,0,378548224,0
200,1788375643351,3191,3191,0,0,0,155854.61755371094,0,0,4112314368,0,378548224,0
200,1788375643552,3191,3191,0,0,0,155854.62573242188,0,0,4112314368,0,378548224,0
200,1788375643752,3191,3191,0,0,0,155854.62573242188,0,0,4112314368,0,378548224,0
200,1788375643952,3191,3191,0,0,0,155854.62573242188,0,0,4112314368,0,378548224,0
200,1788375644153,3191,3191,0,0,0,155854.62573242188,0,0,4112314368,0,378548224,0
200,1788375644353,3191,3191,0,0,0,155854.62573242188,0,0,4112314368,0,378548224,0
200,1788375644553,3191,3191,0,4.761904716491699,0,155854.62573242188,0,0,4112314368,0,378548224,0
200,1788375644753,3191,3191,0,0,0,155854.62573242188,0,0,4112314368,0,378548224,0
200,1788375644954,3191,3191,0,0,0,155854.62573242188,0,0,4112314368,0,378548224,0
200,1788375645154,3191,3191,0,0,0,155854.62573242188,0,0,4112314368,0,378548224,0
200,1788375645354,3191,3191,0,0,0,155854.62573242188,0,0,4112314368,0,378548224,0
200,1788375645555,3191,3191,0,0,0,155854.62573242188,0,0,4112314368,0,378548224,0
200,1788375645755,3191,3191,0,0,0,155854.62573242188,0,0,4112314368,0,378548224,0
200,1788375645955,3191,3191,0,0,0,155854.62573242188,0,0,4112314368,0,378548224,0
200,1788375646155,3191,3191,4.761904716491699,0,0,155854.62573242188,0,0,4112314368,0,378548224,0
200,1788375646355,3191,3191,0,0,0,155854.62573242188,0,0,4112314368,0,378548224,0
200,1788375646556,3191,3191,0,0,0,155854.64483642578,0,0,4112314368,0,378548224,0
200,1788375646756,3191,3191,0,0,0,155854.64483642578,0,0,4112314368,0,378548224,0
200,1788375646957,3191,3191,0,0,0,155854.64483642578,0,0,4112314368,0,378548224,0
200,1788375647157,3191,3191,0,0,0,155854.64483642578,0,0,4112314368,0,378548224,0
200,1788375647357,3191,3191,0,0,0,155854.64483642578,0,0,4112314368,0,378548224,0
200,1788375647557,3191,3191,0,0,0,155854.64483642578,0,0,4112314368,0,378548224,0
200,1788375647758,3191,3191,0,0,0,155854.64483642578,0,0,4112314368,0,378548224,0
200,1788375647958,3191,3191,0,0,0,155854.64483642578,0,0,4112314368,0,378548224,0
200,1788375648158,3191,3191,0,0,0,155854.64483642578,0,0,4112314368,0,378548224,0
200,1788375648359,3191,3191,0,0,0,155854.64483642578,0,0,4112314368,0,378548224,0
200,1788375648559,3191,3191,0,0,0,155854.64483642578,0,0,4112314368,0,378548224,0
200,1788375648759,3191,3191,0,0,0,155854.64483642578,0,0,4112314368,0,378548224,0
200,1788375648960,3191,3191,0,0,0,155854.64483642578,0,0,4112314368,0,378548224,0
200,1788375649160,3191,3191,0,0,0,155854.64483642578,0,0,4112314368,0,378548224,0
200,1788375649360,3191,3191,0,0,0,155854.64483642578,0,0,4112314368,0,378548224,0
200,1788375649561,3191,3191,0,0,0,155854.65716552734,0,0,4112314368,0,378548224,0
200,1788375649761,3191,3191,0,0,0,155854.65716552734,0,0,4112314368,0,378548224,0
200,1788375649961,3191,3191,0,0,0,155854.65716552734,0,0,4112314368,0,378548224,0
200,1788375650161,3191,3191,0,0,0,155854.65716552734,0,0,4112314368,0,378548224,0
200,1788375650361,3191,3191,0,0,0,155854.65716552734,0,0,4112314368,0,378548224,0
200,1788375650562,3191,3191,0,0,0,155854.66387939453,0,0,4112314368,0,378548224,0
200,1788375650762,3191,3191,0,0,0,155854.66387939453,0,0,4112314368,0,378548224,0
200,1788375650962,3191,3191,0,0,0,155854.66387939453,0,0,4112314368,0,378548224,0
200,1788375651162,3191,3191,0,0,0,155854.66387939453,0,0,4112314368,0,378548224,0
200,1788375651363,3191,3191,0,0,0,155854.66387939453,0,0,4112314368,0,378548224,0
200,1788375651563,3191,3191,0,0,0,155854.66387939453,0,0,4112314368,0,378548224,0
200,1788375651764,3191,3191,0,0,0,155854.66387939453,0,0,4112314368,0,378548224,0
200,1788375651964,3191,3191,0,0,0,155854.66387939453,0,0,4112314368,0,378548224,0
200,1788375652164,3191,3191,0,0,0,155854.66387939453,0,0,4112314368,0,378548224,0
200,1788375652365,3191,3191,0,0,0,155854.66387939453,0,0,4112314368,0,378548224,0
200,1788375652565,3191,3191,0,0,0,155854.66986083984,0,0,4112314368,0,378548224,0
200,1788375652765,3191,3191,0,0,0,155854.66986083984,0,0,4112314368,0,378548224,0
200,1788375652965,3191,3191,0,0,0,155854.66986083984,0,0,4112314368,0,378548224,0
200,1788375653165,3191,3191,0,0,0,155854.66986083984,0,0,4112314368,0,378548224,0
200,1788375653365,3191,3191,0,0,0,155854.66986083984,0,0,4112314368,0,378548224,0
200,1788375653566,3191,3191,0,0,0,155854.66986083984,0,0,4112314368,0,378548224,0
200,1788375653766,3191,3191,0,0,0,155854.66986083984,0,0,4112314368,0,378548224,0
200,1788375653966,3191,3191,0,0,0,155854.66986083984,0,0,4112314368,0,378548224,0
200,1788375654167,3191,3191,0,0,0,155854.66986083984,0,0,4112314368,0,378548224,0
200,1788375654367,3191,3191,0,0,0,155854.66986083984,0,0,4112314368,0,378548224,0
200,1788375654567,3191,3191,0,0,0,155854.66986083984,0,0,4112314368,0,378548224,0
200,1788375654768,3191,3191,0,0,0,155854.66986083984,0,0,4112314368,0,378548224,0
200,1788375654968,3191,3191,0,0,0,155854.66986083984,0,0,4112314368,0,378548224,0
200,1788375655169,3191,3191,0,0,0,155854.66986083984,0,0,4112314368,0,378548224,0
200,1788375655369,3191,3191,0,0,0,155854.66986083984,0,0,4112314368,0,378548224,0
200,1788375655569,3191,3191,0,0,0,155854.66986083984,0,0,4112314368,0,378548224,0
200,1788375655769,3191,3191,0,0,0,155854.66986083984,0,0,4112314368,0,378548224,0
200,1788375655969,3191,3191,0,0,0,155854.66986083984,0,0,4112314368,0,378548224,0
200,1788375656169,3191,3191,0,0,0,155854.66986083984,0,0,4112314368,0,378548224,0
200,1788375656370,3191,3191,0,0,0,155854.66986083984,0,0,4112314368,0,378548224,0
200,1788375656570,3191,3191,0,0,0,155854.68969726563,0,0,4112314368,0,378548224,0
200,1788375656770,3191,3191,0,0,0,155854.68969726563,0,0,4112314368,0,378548224,0
200,1788375656971,3191,3191,0,0,0,155854.68969726563,0,0,4112314368,0,378548224,0
200,1788375657171,3191,3191,0,0,0,155854.68969726563,0,0,4112314368,0,378548224,0
200,1788375657372,3191,3191,0,0,0,155854.68969726563,0,0,4112314368,0,378548224,0
200,1788375657572,3191,3191,0,0,0,155854.68969726563,0,0,4112314368,0,378548224,0
200,1788375657772,3191,3191,0,0,0,155854.68969726563,0,0,4112314368,0,378548224,0
200,1788375657972,3191,3191,0,0,0,155854.68969726563,0,0,4112314368,0,378548224,0
200,1788375658173,3191,3191,0,0,0,155854.68969726563,0,0,4112314368,0,378548224,0
200,1788375658373,3191,3191,0,0,0,155854.68969726563,0,0,4112314368,0,378548224,0
200,1788375658573,3191,3191,0,0,0,155854.68969726563,0,0,4112314368,0,378548224,0
200,1788375658773,3191,3191,0,0,0,155854.68969726563,0,0,4112314368,0,378548224,0
200,1788375658974,3191,3191,0,0,0,155854.68969726563,0,0,4112314368,0,378548224,0
200,1788375659174,3191,3191,0,0,0,155854.68969726563,0,0,4112314368,0,378548224,0
200,1788375659374,3191,3191,0,0,0,155854.68969726563,0,0,4112314368,0,378548224,0
200,1788375659575,3191,3191,0,0,0,155854.70190429688,0,0,4112314368,0,378548224,0
200,1788375659775,3191,3191,0,0,0,155854.70190429688,0,0,4112314368,0,378548224,0
200,1788375659976,3191,3191,0,0,0,155854.70190429688,0,0,4112314368,0,378548224,0
200,1788375660176,3191,3191,0,0,0,155854.70190429688,0,0,4112314368,0,378548224,0
200,1788375660376,3191,3191,0,0,0,155854.70190429688,0,0,4112314368,0,378548224,0
200,1788375660577,3191,3191,0,0,0,155854.70190429688,0,0,4112314368,0,378548224,0
200,1788375660777,3191,3191,0,0,0,155854.70190429688,0,0,4112314368,0,378548224,0
200,1788375660977,3191,3191,0,0,0,155854.70190429688,0,0,4112314368,0,378548224,0
200,1788375661177,3191,3191,0,0,0,155854.70190429688,0,0,4112314368,0,378548224,0
200,1788375661378,3191,3191,0,0,0,155854.70190429688,0,0,4112314368,0,378548224,0
200,1788375661578,3191,3191,0,0,0,155854.70190429688,0,0,4112314368,0,378548224,0
200,1788375661778,3191,3191,0,0,0,155854.70190429688,0,0,4112314368,0,378548224,0
200,1788375661979,3191,3191,0,0,0,155854.70190429688,0,0,4112314368,0,378548224,0
200,1788375662179,3191,3191,0,0,0,155854.70190429688,0,0,4112314368,0,378548224,0
200,1788375662380,3191,3191,4.761904716491699,0,0,155854.70190429688,0,0,4112314368,0,378548224,0
200,1788375662580,3191,3191,0,0,0,155854.7078857422,0,0,4112314368,0,378548224,0
200,1788375662780,3191,3191,0,0,0,155854.7078857422,0,0,4112314368,0,378548224,0
200,1788375662980,3191,3191,0,0,0,155854.7078857422,0,0,4112314368,0,378548224,0
200,1788375663181,3191,3191,0,0,0,155854.7078857422,0,0,4112314368,0,378548224,0
200,1788375663381,3191,3191,0,0,0,155854.7078857422,0,0,4112314368,0,378548224,0
200,1788375663581,3191,3191,0,0,0,155854.7078857422,0,0,4112314368,0,378548224,0
200,1788375663781,3191,3191,0,0,0,155854.7078857422,0,0,4112314368,0,378548224,0
200,1788375663982,3191,3191,0,0,0,155854.7078857422,0,0,4112314368,0,378548224,0
200,1788375664182,3191,3191,0,0,0,155854.7078857422,0,0,4112314368,0,378548224,0
200,1788375664382,3191,3191,0,0,0,155854.7078857422,0,0,4112314368,0,378548224,0
200,1788375664583,3191,3191,0,0,0,155854.7078857422,0,0,4112314368,0,378548224,0
200,1788375664783,3191,3191,0,0,0,155854.7078857422,0,0,4112314368,0,378548224,0
200,1788375664983,3191,3191,0,0,0,155854.7078857422,0,0,4112314368,0,378548224,0
200,1788375665183,3191,3191,0,0,0,155854.7078857422,0,0,4112314368,0,378548224,0
200,1788375665384,3191,3191,0,0,0,155854.7078857422,0,0,4112314368,0,378548224,0
200,1788375665584,3191,3191,0,0,0,155854.7078857422,0,0,4112314368,0,378548224,0
200,1788375665784,3191,3191,0,0,0,155854.7078857422,0,0,4112314368,0,378548224,0
200,1788375665984,3191,3191,0,0,0,155854.7078857422,0,0,4112314368,0,378548224,0
200,1788375666185,3191,3191,0,0,0,155854.7078857422,0,0,4112314368,0,378548224,0
200,1788375666385,3191,3191,0,0,0,155854.7078857422,0,0,4112314368,0,378548224,0
200,1788375666585,3191,3191,0,0,0,155854.74139404297,0,0,4112314368,0,378548224,0
200,1788375666785,3191,3191,0,0,0,155854.74139404297,0,0,4112314368,0,378548224,0
200,1788375666986,3191,3191,0,0,0,155854.74139404297,0,0,4112314368,0,378548224,0
200,1788375667186,3191,3191,0,0,0,155854.74139404297,0,0,4112314368,0,378548224,0
200,1788375667386,3191,3191,0,0,0,155854.74139404297,0,0,4112314368,0,378548224,0
200,1788375667587,3191,3191,0,0,0,155854.74139404297,0,0,4112314368,0,378548224,0
200,1788375667787,3191,3191,0,0,0,155854.74139404297,0,0,4112314368,0,378548224,0
200,1788375667987,3191,3191,0,0,0,155854.74139404297,0,0,4112314368,0,378548224,0
200,1788375668188,3191,3191,4.761904716491699,0,0,155854.74139404297,0,0,4112314368,0,378548224,0
200,1788375668388,3191,3191,0,0,0,155854.74139404297,0,0,4112314368,0,378548224,0
200,1788375668588,3191,3191,0,0,0,155854.74139404297,0,0,4112314368,0,378548224,0
200,1788375668789,3191,3191,0,0,0,155854.74139404297,0,0,4112314368,0,378548224,0
200,1788375668989,3191,3191,0,0,0,155854.74139404297,0,0,4112314368,0,378548224,0
200,1788375669189,3191,3191,0,0,0,155854.74139404297,0,0,4112314368,0,378548224,0
200,1788375669389,3191,3191,0,0,0,155854.74139404297,0,0,4112314368,0,378548224,0
200,1788375669590,3191,3191,0,0,0,155854.7474975586,0,0,4112314368,0,378548224,0
200,1788375669790,3191,3191,0,0,0,155854.7474975586,0,0,4112314368,0,378548224,0
200,1788375669990,3191,3191,0,0,0,155854.7474975586,0,0,4112314368,0,378548224,0
200,1788375670191,3191,3191,0,0,0,155854.7474975586,0,0,4112314368,0,378548224,0
200,1788375670391,3191,3191,0,0,0,155854.7474975586,0,0,4112314368,0,378548224,0
200,1788375670591,3191,3191,0,0,0,155854.7474975586,0,0,4112314368,0,378548224,0
200,1788375670792,3191,3191,0,0,0,155854.7474975586,0,0,4112314368,0,378548224,0
200,1788375670992,3191,3191,0,0,0,155854.7474975586,0,0,4112314368,0,378548224,0
200,1788375671192,3191,3191,0,0,0,155854.7474975586,0,0,4112314368,0,378548224,0
200,1788375671393,3191,3191,0,0,0,155854.7474975586,0,0,4112314368,0,378548224,0
200,1788375671593,3191,3191,0,0,0,155854.7474975586,0,0,4112314368,0,378548224,0
200,1788375671793,3191,3191,0,0,0,155854.7474975586,0,0,4112314368,0,378548224,0
200,1788375671994,3191,3191,0,0,0,155854.7474975586,0,0,4112314368,0,378548224,0
200,1788375672194,3191,3191,0,0,0,155854.7474975586,0,0,4112314368,0,378548224,0
200,1788375672394,3191,3191,0,0,0,155854.7474975586,0,0,4112314368,0,378548224,0
200,1788375672595,3191,3191,0,0,0,155854.7474975586,0,0,4112314368,0,378548224,0
200,1788375672795,3191,3191,0,0,0,155854.7474975586,0,0,4112314368,0,378548224,0
200,1788375672995,3191,3191,4.761904716491699,0,0,155854.7474975586,0,0,4112314368,0,378548224,0
200,1788375673196,3191,3191,0,0,0,155854.7474975586,0,0,4112314368,0,378548224,0
200,1788375673396,3191,3191,0,0,0,155854.7474975586,0,0,4112314368,0,378548224,0
200,1788375673596,3191,3191,0,0,0,155854.7554321289,0,0,4112314368,0,378548224,0
200,1788375673797,3191,3191,0,0,0,155854.7554321289,0,0,4112314368,0,378548224,0
200,1788375673997,3191,3191,0,0,0,155854.7554321289,0,0,4112314368,0,378548224,0
200,1788375674197,3191,3191,0,0,0,155854.7554321289,0,0,4112314368,0,378548224,0
200,1788375674398,3191,3191,0,0,0,155854.7554321289,0,0,4112314368,0,378548224,0
200,1788375674598,3191,3191,0,0,0,155854.76763916016,0,0,4112314368,0,378548224,0
200,1788375674798,3191,3191,0,0,0,155854.76763916016,0,0,4112314368,0,378548224,0
200,1788375674999,3191,3191,0,0,0,155854.76763916016,0,0,4112314368,0,378548224,0
200,1788375675199,3191,3191,0,0,0,155854.76763916016,0,0,4112314368,0,378548224,0
200,1788375675399,3191,3191,0,0,0,155854.76763916016,0,0,4112314368,0,378548224,0
200,1788375675599,3191,3191,0,0,0,155854.76763916016,0,0,4112314368,0,378548224,0
200,1788375675799,3191,3191,0,0,0,155854.76763916016,0,0,4112314368,0,378548224,0
200,1788375676000,3191,3191,0,0,0,155854.76763916016,0,0,4112314368,0,378548224,0
200,1788375676200,3191,3191,0,0,0,155854.76763916016,0,0,4112314368,0,378548224,0
200,1788375676400,3191,3191,0,0,0,155854.76763916016,0,0,4112314368,0,378548224,0
200,1788375676601,3191,3191,0,0,0,155854.78002929688,0,0,4112314368,0,378548224,0
200,1788375676801,3191,3191,0,0,0,155854.78002929688,0,0,4112314368,0,378548224,0
200,1788375677001,3191,3191,0,0,0,155854.78002929688,0,0,4112314368,0,378548224,0
200,1788375677201,3191,3191,0,0,0,155854.78002929688,0,0,4112314368,0,378548224,0
200,1788375677402,3191,3191,0,0,0,155854.78002929688,0,0,4112314368,0,378548224,0
200,1788375677602,3191,3191,0,0,0,155854.78002929688,0,0,4112314368,0,378548224,0
200,1788375677802,3191,3191,0,0,0,155854.78002929688,0,0,4112314368,0,378548224,0
200,1788375678003,3191,3191,0,0,0,155854.78002929688,0,0,4112314368,0,378548224,0
200,1788375678203,3191,3191,0,0,0,155854.78002929688,0,0,4112314368,0,378548224,0
200,1788375678403,3191,3191,0,0,0,155854.78002929688,0,0,4112314368,0,378548224,0
200,1788375678603,3191,3191,0,0,0,155854.78002929688,0,0,4112314368,0,378548224,0
200,1788375678804,3191,3191,0,0,0,155854.78002929688,0,0,4112314368,0,378548224,0
200,1788375679004,3191,3191,0,0,0,155854.78002929688,0,0,4112314368,0,378548224,0
200,1788375679205,3191,3191,0,0,0,155854.78002929688,0,0,4112314368,0,378548224,0
200,1788375679405,3191,3191,0,0,0,155854.78002929688,0,0,4112314368,0,378548224,0
200,1788375679605,3191,3191,0,0,0,155854.78619384766,0,0,4112314368,0,378548224,0
200,1788375679805,3191,3191,0,0,0,155854.78619384766,0,0,4112314368,0,378548224,0
200,1788375680005,3191,3191,0,0,0,155854.78619384766,0,0,4112314368,0,378548224,0
200,1788375680206,3191,3191,0,0,0,155854.78619384766,0,0,4112314368,0,378548224,0
200,1788375680406,3191,3191,0,0,0,155854.78619384766,0,0,4112314368,0,378548224,0
200,1788375680606,3191,3191,0,0,0,155854.78619384766,0,0,4112314368,0,378548224,0
200,1788375680807,3191,3191,0,0,0,155854.78619384766,0,0,4112314368,0,378548224,0
200,1788375681007,3191,3191,0,0,0,155854.78619384766,0,0,4112314368,0,378548224,0
200,1788375681207,3191,3191,4.761904716491699,0,0,155854.78619384766,0,0,4112314368,0,378548224,0
200,1788375681408,3191,3191,0,0,0,155854.78619384766,0,0,4112314368,0,378548224,0
200,1788375681608,3191,3191,0,0,0,155854.78619384766,0,0,4112314368,0,378548224,0
200,1788375681808,3191,3191,0,0,0,155854.78619384766,0,0,4112314368,0,378548224,0
200,1788375682009,3191,3191,0,0,0,155854.78619384766,0,0,4112314368,0,378548224,0
200,1788375682209,3191,3191,0,0,0,155854.78619384766,0,0,4112314368,0,378548224,0
200,1788375682409,3191,3191,0,0,0,155854.78619384766,0,0,4112314368,0,378548224,0
200,1788375682610,3191,3191,0,0,0,155854.78619384766,0,0,4112314368,0,378540032,0
200,1788375682810,3191,3191,0,0,0,155854.78619384766,0,0,4112314368,0,378540032,0
200,1788375683010,3191,3191,0,0,0,155854.78619384766,0,0,4112314368,0,378540032,0
200,1788375683211,3191,3191,0,0,0,155854.78619384766,0,0,4112314368,0,378540032,0
200,1788375683411,3191,3191,0,0,0,155854.78619384766,0,0,4112314368,0,378540032,0
200,1788375683611,3191,3191,0,0,0,155854.80017089844,0,0,4112314368,0,378540032,0
200,1788375683812,3191,3191,0,0,0,155854.80017089844,0,0,4112314368,0,378540032,0
200,1788375684012,3191,3191,0,0,0,155854.80017089844,0,0,4112314368,0,378540032,0
200,1788375684212,3191,3191,0,0,0,155854.80017089844,0,0,4112314368,0,378540032,0
200,1788375684413,3191,3191,0,0,0,155854.80017089844,0,0,4112314368,0,378540032,0
200,1788375684613,3191,3191,0,0,0,155854.80017089844,0,0,4112314368,0,378540032,0
200,1788375684813,3191,3191,0,0,0,155854.80017089844,0,0,4112314368,0,378540032,0
200,1788375685013,3191,3191,0,0,0,155854.80017089844,0,0,4112314368,0,378540032,0
200,1788375685213,3191,3191,0,0,0,155854.80017089844,0,0,4112314368,0,378540032,0
200,1788375685414,3191,3191,0,0,0,155854.80017089844,0,0,4112314368,0,378540032,0
200,1788375685614,3191,3191,0,0,0,155854.80017089844,0,0,4112314368,0,378540032,0
200,1788375685814,3191,3191,0,0,0,155854.80017089844,0,0,4112314368,0,378540032,0
200,1788375686014,3191,3191,0,0,0,155854.80017089844,0,0,4112314368,0,378540032,0
200,1788375686214,3191,3191,0,0,0,155854.80017089844,0,0,4112314368,0,378540032,0
200,1788375686415,3191,3191,0,0,0,155854.81719970703,0,0,4112314368,0,378540032,0
200,1788375686615,3191,3191,0,0,0,155854.81719970703,0,0,4112314368,0,378540032,0
200,1788375686815,3191,3191,0,0,0,155854.81719970703,0,0,4112314368,0,378540032,0
200,1788375687015,3191,3191,0,0,0,155854.81719970703,0,0,4112314368,0,378540032,0
200,1788375687216,3191,3191,0,0,0,155854.81719970703,0,0,4112314368,0,378540032,0
200,1788375687416,3191,3191,0,0,0,155854.81719970703,0,0,4112314368,0,378540032,0
200,1788375687616,3191,3191,0,0,0,155854.81719970703,0,0,4112314368,0,378540032,0
200,1788375687817,3191,3191,0,0,0,155854.81719970703,0,0,4112314368,0,378540032,0
200,1788375688017,3191,3191,0,0,0,155854.81719970703,0,0,4112314368,0,378540032,0
200,1788375688217,3191,3191,0,0,0,155854.81719970703,0,0,4112314368,0,378540032,0
200,1788375688417,3191,3191,0,0,0,155854.81719970703,0,0,4112314368,0,378540032,0
200,1788375688617,3191,3191,0,0,0,155854.81719970703,0,0,4112314368,0,378540032,0
200,1788375688818,3191,3191,0,0,0,155854.81719970703,0,0,4112314368,0,378540032,0
200,1788375689018,3191,3191,0,0,0,155854.81719970703,0,0,4112314368,0,378540032,0
200,1788375689218,3191,3191,0,0,0,155854.81719970703,0,0,4112314368,0,378540032,0
200,1788375689418,3191,3191,0,0,0,155854.81719970703,0,0,4112314368,0,378540032,0
200,1788375689618,3191,3191,0,0,0,155854.81719970703,0,0,4112314368,0,378540032,0
200,1788375689819,3191,3191,0,0,0,155854.81719970703,0,0,4112314368,0,378540032,0
200,1788375690019,3191,3191,0,0,0,155854.81719970703,0,0,4112314368,0,378540032,0
200,1788375690220,3191,3191,0,0,0,155854.81719970703,0,0,4112314368,0,378540032,0
200,1788375690420,3191,3191,0,0,0,155854.830078125,0,0,4112314368,0,378540032,0
200,1788375690620,3191,3191,0,0,0,155854.830078125,0,0,4112314368,0,378540032,0
200,1788375690820,3191,3191,0,0,0,155854.830078125,0,0,4112314368,0,378540032,0
200,1788375691021,3191,3191,0,0,0,155854.830078125,0,0,4112314368,0,378540032,0
200,1788375691221,3191,3191,0,0,0,155854.830078125,0,0,4112314368,0,378540032,0
200,1788375691421,3191,3191,0,0,0,155854.830078125,0,0,4112314368,0,378540032,0
200,1788375691621,3191,3191,0,0,0,155854.830078125,0,0,4112314368,0,378540032,0
200,1788375691822,3191,3191,0,0,0,155854.830078125,0,0,4112314368,0,378540032,0
200,1788375692022,3191,3191,0,0,0,155854.830078125,0,0,4112314368,0,378540032,0
200,1788375692222,3191,3191,0,0,0,155854.830078125,0,0,4112314368,0,378540032,0
200,1788375692423,3191,3191,0,0,0,155854.8360595703,0,0,4112314368,0,378540032,0
200,1788375692623,3191,3191,0,0,0,155854.8360595703,0,0,4112314368,0,378540032,0
200,1788375692823,3191,3191,0,0,0,155854.8360595703,0,0,4112314368,0,378540032,0
200,1788375693024,3191,3191,0,0,0,155854.8360595703,0,0,4112314368,0,378540032,0
200,1788375693224,3191,3191,0,0,0,155854.8360595703,0,0,4112314368,0,378540032,0
200,1788375693424,3191,3191,0,0,0,155854.8360595703,0,0,4112314368,0,378540032,0
200,1788375693625,3191,3191,0,0,0,155854.8360595703,0,0,4112314368,0,378540032,0
200,1788375693825,3191,3191,0,0,0,155854.8360595703,0,0,4112314368,0,378540032,0
200,1788375694025,3191,3191,0,0,0,155854.8360595703,0,0,4112314368,0,378540032,0
200,1788375694225,3191,3191,0,0,0,155854.8360595703,0,0,4112314368,0,378540032,0
200,1788375694426,3191,3191,0,0,0,155854.8360595703,0,0,4112314368,0,378540032,0
200,1788375694626,3191,3191,0,0,0,155854.8360595703,0,0,4112314368,0,378540032,0
200,1788375694826,3191,3191,0,0,0,155854.8360595703,0,0,4112314368,0,378540032,0
200,1788375695027,3191,3191,0,0,0,155854.8360595703,0,0,4112314368,0,378540032,0
200,1788375695227,3191,3191,0,0,0,155854.8360595703,0,0,4112314368,0,378540032,0
200,1788375695427,3191,3191,0,0,0,155854.84271240234,0,0,4112314368,0,378540032,0
200,1788375695627,3191,3191,0,0,0,155854.84271240234,0,0,4112314368,0,378540032,0
200,1788375695828,3191,3191,0,0,0,155854.84271240234,0,0,4112314368,0,378540032,0
200,1788375696028,3191,3191,0,0,0,155854.84271240234,0,0,4112314368,0,378540032,0
200,1788375696228,3191,3191,0,0,0,155854.84271240234,0,0,4112314368,0,378540032,0
200,1788375696428,3191,3191,0,0,0,155854.84271240234,0,0,4112314368,0,378540032,0
200,1788375696629,3191,3191,0,0,0,155854.84271240234,0,0,4112314368,0,378540032,0
200,1788375696829,3191,3191,0,0,0,155854.84271240234,0,0,4112314368,0,378540032,0
200,1788375697029,3191,3191,0,0,0,155854.84271240234,0,0,4112314368,0,378540032,0
200,1788375697230,3191,3191,0,0,0,155854.84271240234,0,0,4112314368,0,378540032,0
200,1788375697430,3191,3191,4.761904716491699,0,0,155854.84271240234,0,0,4112314368,0,378540032,0
200,1788375697630,3191,3191,0,0,0,155854.84271240234,0,0,4112314368,0,378540032,0
200,1788375697830,3191,3191,0,0,0,155854.84271240234,0,0,4112314368,0,378540032,0
200,1788375698030,3191,3191,0,0,0,155854.84271240234,0,0,4112314368,0,378540032,0
200,1788375698231,3191,3191,0,0,0,155854.84271240234,0,0,4112314368,0,378540032,0
200,1788375698431,3191,3191,0,0,0,155854.8487548828,0,0,4112314368,0,378540032,0
200,1788375698631,3191,3191,4.761904716491699,0,0,155854.8487548828,0,0,4112314368,0,378540032,0
200,1788375698832,3191,3191,0,0,0,155854.8487548828,0,0,4112314368,0,378540032,0
200,1788375699032,3191,3191,0,0,0,155854.8487548828,0,0,4112314368,0,378540032,0
200,1788375699232,3191,3191,0,0,0,155854.8487548828,0,0,4112314368,0,378540032,0
200,1788375699433,3191,3191,0,0,0,155854.86096191406,0,0,4112314368,0,378540032,0
200,1788375699633,3191,3191,0,0,0,155854.86096191406,0,0,4112314368,0,378540032,0
200,1788375699833,3191,3191,0,0,0,155854.86096191406,0,0,4112314368,0,378540032,0
200,1788375700034,3191,3191,0,0,0,155854.86096191406,0,0,4112314368,0,378540032,0
200,1788375700234,3191,3191,0,0,0,155854.86096191406,0,0,4112314368,0,378540032,0
200,1788375700434,3191,3191,0,0,0,155854.86096191406,0,0,4112314368,0,378540032,0
200,1788375700634,3191,3191,0,0,0,155854.86096191406,0,0,4112314368,0,378540032,0
200,1788375700835,3191,3191,0,0,0,155854.86096191406,0,0,4112314368,0,378540032,0
200,1788375701035,3191,3191,0,0,0,155854.86096191406,0,0,4112314368,0,378540032,0
200,1788375701235,3191,3191,0,0,0,155854.86096191406,0,0,4112314368,0,378540032,0
200,1788375701436,3191,3191,0,0,0,155854.86096191406,0,0,4112314368,0,378540032,0
200,1788375701636,3191,3191,0,0,0,155854.86096191406,0,0,4112314368,0,378540032,0
200,1788375701836,3191,3191,0,0,0,155854.86096191406,0,0,4112314368,0,378540032,0
200,1788375702036,3191,3191,0,0,0,155854.86096191406,0,0,4112314368,0,378540032,0
200,1788375702237,3191,3191,0,0,0,155854.86096191406,0,0,4112314368,0,378540032,0
200,1788375702437,3191,3191,0,0,0,155854.8670654297,0,0,4112314368,0,378540032,0
200,1788375702637,3191,3191,0,0,0,155854.8670654297,0,0,4112314368,0,378540032,0
200,1788375702837,3191,3191,0,0,0,155854.8670654297,0,0,4112314368,0,378540032,0
200,1788375703037,3191,3191,0,0,0,155854.8670654297,0,0,4112314368,0,378540032,0
200,1788375703238,3191,3191,0,0,0,155854.8670654297,0,0,4112314368,0,378540032,0
200,1788375703438,3191,3191,0,0,0,155854.8670654297,0,0,4112314368,0,378540032,0
200,1788375703638,3191,3191,0,0,0,155854.8670654297,0,0,4112314368,0,378540032,0
200,1788375703838,3191,3191,0,0,0,155854.8670654297,0,0,4112314368,0,378540032,0
200,1788375704039,3191,3191,0,0,0,155854.8670654297,0,0,4112314368,0,378540032,0
200,1788375704239,3191,3191,0,0,0,155854.8670654297,0,0,4112314368,0,378540032,0
200,1788375704439,3191,3191,0,4.761904716491699,0,155854.8670654297,0,0,4112314368,0,378540032,0
200,1788375704640,3191,3191,0,0,0,155854.8670654297,0,0,4112314368,0,378540032,0
200,1788375704840,3191,3191,0,0,0,155854.8670654297,0,0,4112314368,0,378540032,0
200,1788375705041,3191,3191,0,0,0,155854.8670654297,0,0,4112314368,0,378540032,0
200,1788375705241,3191,3191,0,0,0,155854.8670654297,0,0,4112314368,0,378540032,0
200,1788375705441,3191,3191,0,0,0,155854.8740234375,0,0,4112314368,0,378540032,0
200,1788375705641,3191,3191,0,0,0,155854.8740234375,0,0,4112314368,0,378540032,0
200,1788375705841,3191,3191,0,0,0,155854.8740234375,0,0,4112314368,0,378540032,0
200,1788375706042,3191,3191,0,0,0,155854.8740234375,0,0,4112314368,0,378540032,0
200,1788375706242,3191,3191,0,0,0,155854.8740234375,0,0,4112314368,0,378540032,0
200,1788375706442,3191,3191,0,0,0,155854.8740234375,0,0,4112314368,0,378540032,0
200,1788375706642,3191,3191,0,0,0,155854.8740234375,0,0,4112314368,0,378540032,0
200,1788375706843,3191,3191,0,0,0,155854.8740234375,0,0,4112314368,0,378540032,0
200,1788375707043,3191,3191,0,0,0,155854.8740234375,0,0,4112314368,0,378540032,0
200,1788375707243,3191,3191,0,0,0,155854.8740234375,0,0,4112314368,0,378540032,0
200,1788375707444,3191,3191,0,0,0,155854.8740234375,0,0,4112314368,0,378540032,0
200,1788375707644,3191,3191,0,0,0,155854.8740234375,0,0,4112314368,0,378540032,0
200,1788375707844,3191,3191,0,0,0,155854.8740234375,0,0,4112314368,0,378540032,0
200,1788375708045,3191,3191,0,0,0,155854.8740234375,0,0,4112314368,0,378540032,0
200,1788375708245,3191,3191,0,0,0,155854.8740234375,0,0,4112314368,0,378540032,0
200,1788375708445,3191,3191,0,0,0,155854.88012695313,0,0,4112314368,0,378540032,0
200,1788375708645,3191,3191,0,0,0,155854.88012695313,0,0,4112314368,0,378540032,0
200,1788375708845,3191,3191,0,0,0,155854.88012695313,0,0,4112314368,0,378540032,0
200,1788375709046,3191,3191,0,0,0,155854.88012695313,0,0,4112314368,0,378540032,0
200,1788375709246,3191,3191,0,0,0,155854.88012695313,0,0,4112314368,0,378540032,0
200,1788375709446,3191,3191,0,0,0,155854.88012695313,0,0,4112314368,0,378540032,0
200,1788375709647,3191,3191,0,0,0,155854.88012695313,0,0,4112314368,0,378540032,0
200,1788375709847,3191,3191,0,0,0,155854.88012695313,0,0,4112314368,0,378540032,0
200,1788375710047,3191,3191,0,0,0,155854.88012695313,0,0,4112314368,0,378540032,0
200,1788375710248,3191,3191,0,0,0,155854.88012695313,0,0,4112314368,0,378540032,0
200,1788375710448,3191,3191,0,0,0,155854.88012695313,0,0,4112314368,0,378540032,0
200,1788375710648,3191,3191,0,0,0,155854.88012695313,0,0,4112314368,0,378540032,0
200,1788375710849,3191,3191,0,0,0,155854.88012695313,0,0,4112314368,0,378540032,0
200,1788375711049,3191,3191,0,0,0,155854.88012695313,0,0,4112314368,0,378540032,0
200,1788375711249,3191,3191,0,0,0,155854.88012695313,0,0,4112314368,0,378540032,0
200,1788375711449,3191,3191,0,0,0,155854.88012695313,0,0,4112314368,0,378540032,0
200,1788375711649,3191,3191,0,0,0,155854.88012695313,0,0,4112314368,0,378540032,0
200,1788375711850,3191,3191,0,0,0,155854.88012695313,0,0,4112314368,0,378540032,0
200,1788375712050,3191,3191,0,0,0,155854.88012695313,0,0,4112314368,0,378540032,0
200,1788375712250,3191,3191,0,0,0,155854.88012695313,0,0,4112314368,0,378540032,0
200,1788375712451,3191,3191,0,0,0,155854.8994140625,0,0,4112314368,0,378540032,0
200,1788375712651,3191,3191,0,0,0,155854.8994140625,0,0,4112314368,0,378540032,0
200,1788375712851,3191,3191,4.761904716491699,0,0,155854.8994140625,0,0,4112314368,0,378540032,0
200,1788375713052,3191,3191,0,0,0,155854.8994140625,0,0,4112314368,0,378540032,0
200,1788375713252,3191,3191,0,0,0,155854.8994140625,0,0,4112314368,0,378540032,0
200,1788375713452,3191,3191,0,0,0,155854.8994140625,0,0,4112314368,0,378540032,0
200,1788375713653,3191,3191,0,0,0,155854.8994140625,0,0,4112314368,0,378540032,0
200,1788375713853,3191,3191,0,0,0,155854.8994140625,0,0,4112314368,0,378540032,0
200,1788375714053,3191,3191,0,0,0,155854.8994140625,0,0,4112314368,0,378540032,0
200,1788375714254,3191,3191,0,0,0,155854.8994140625,0,0,4112314368,0,378540032,0
200,1788375714454,3191,3191,0,0,0,155854.8994140625,0,0,4112314368,0,378540032,0
200,1788375714654,3191,3191,0,0,0,155854.8994140625,0,0,4112314368,0,378540032,0
200,1788375714854,3191,3191,0,0,0,155854.8994140625,0,0,4112314368,0,378540032,0
200,1788375715054,3191,3191,0,0,0,155854.8994140625,0,0,4112314368,0,378540032,0
200,1788375715254,3191,3191,0,0,0,155854.8994140625,0,0,4112314368,0,378540032,0
200,1788375715455,3191,3191,0,0,0,155854.9107055664,0,0,4112314368,0,378540032,0
200,1788375715655,3191,3191,0,0,0,155854.9107055664,0,0,4112314368,0,378540032,0
200,1788375715855,3191,3191,0,0,0,155854.9107055664,0,0,4112314368,0,378540032,0
200,1788375716055,3191,3191,4.761904716491699,0,0,155854.9107055664,0,0,4112314368,0,378540032,0
200,1788375716256,3191,3191,0,0,0,155854.9107055664,0,0,4112314368,0,378540032,0
200,1788375716456,3191,3191,0,0,0,155854.9107055664,0,0,4112314368,0,378540032,0
200,1788375716656,3191,3191,0,0,0,155854.9107055664,0,0,4112314368,0,378540032,0
200,1788375716857,3191,3191,0,0,0,155854.9107055664,0,0,4112314368,0,378540032,0
200,1788375717057,3191,3191,0,0,0,155854.9107055664,0,0,4112314368,0,378540032,0
200,1788375717257,3191,3191,0,0,0,155854.9107055664,0,0,4112314368,0,378540032,0
200,1788375717458,3191,3191,0,0,0,155854.9107055664,0,0,4112314368,0,378540032,0
200,1788375717658,3191,3191,0,0,0,155854.9107055664,0,0,4112314368,0,378540032,0
200,1788375717858,3191,3191,0,0,0,155854.9107055664,0,0,4112314368,0,378540032,0
200,1788375718058,3191,3191,0,0,0,155854.9107055664,0,0,4112314368,0,378540032,0
200,1788375718259,3191,3191,0,0,0,155854.9107055664,0,0,4112314368,0,378540032,0
200,1788375718459,3191,3191,0,0,0,155854.9107055664,0,0,4112314368,0,378540032,0
200,1788375718659,3191,3191,0,0,0,155854.9107055664,0,0,4112314368,0,378540032,0
200,1788375718860,3191,3191,0,0,0,155854.9107055664,0,0,4112314368,0,378540032,0
200,1788375719060,3191,3191,0,0,0,155854.9107055664,0,0,4112314368,0,378540032,0
200,1788375719260,3191,3191,0,0,0,155854.9107055664,0,0,4112314368,0,378540032,0
200,1788375719461,3191,3191,0,0,0,155854.92279052734,0,0,4112314368,0,378540032,0
200,1788375719661,3191,3191,0,0,0,155854.92279052734,0,0,4112314368,0,378540032,0
200,1788375719861,3191,3191,0,0,0,155854.92279052734,0,0,4112314368,0,378540032,0
200,1788375720061,3191,3191,0,0,0,155854.92279052734,0,0,4112314368,0,378540032,0
200,1788375720262,3191,3191,0,0,0,155854.92279052734,0,0,4112314368,0,378540032,0
200,1788375720462,3191,3191,0,0,0,155854.92279052734,0,0,4112314368,0,378540032,0
200,1788375720662,3191,3191,0,0,0,155854.92279052734,0,0,4112314368,0,378540032,0
200,1788375720862,3191,3191,0,0,0,155854.92279052734,0,0,4112314368,0,378540032,0
200,1788375721062,3191,3191,0,0,0,155854.92279052734,0,0,4112314368,0,378540032,0
200,1788375721263,3191,3191,0,0,0,155854.92279052734,0,0,4112314368,0,378540032,0
200,1788375721463,3191,3191,0,0,0,155854.92279052734,0,0,4112314368,0,378540032,0
200,1788375721664,3191,3191,0,0,0,155854.92279052734,0,0,4112314368,0,378540032,0
200,1788375721864,3191,3191,0,0,0,155854.92279052734,0,0,4112314368,0,378540032,0
200,1788375722064,3191,3191,0,0,0,155854.92279052734,0,0,4112314368,0,378540032,0
200,1788375722265,3191,3191,0,0,0,155854.92279052734,0,0,4112314368,0,378540032,0
200,1788375722465,3191,3191,0,0,0,155854.9354248047,0,0,4112314368,0,378540032,0
200,1788375722665,3191,3191,0,0,0,155854.9354248047,0,0,4112314368,0,378540032,0
200,1788375722865,3191,3191,0,0,0,155854.9354248047,0,0,4112314368,0,378540032,0
200,1788375723066,3191,3191,0,0,0,155854.9354248047,0,0,4112314368,0,378540032,0
200,1788375723266,3191,3191,0,0,0,155854.9354248047,0,0,4112314368,0,378540032,0
200,1788375723466,3191,3191,0,0,0,155854.9354248047,0,0,4112314368,0,378540032,0
200,1788375723667,3191,3191,0,0,0,155854.9354248047,0,0,4112314368,0,378540032,0
200,1788375723867,3191,3191,0,0,0,155854.9354248047,0,0,4112314368,0,378540032,0
200,1788375724067,3191,3191,0,0,0,155854.9354248047,0,0,4112314368,0,378540032,0
200,1788375724267,3191,3191,0,4.761904716491699,0,155854.9354248047,0,0,4112314368,0,378540032,0
200,1788375724468,3191,3191,0,0,0,155854.9354248047,0,0,4112314368,0,378540032,0
200,1788375724668,3191,3191,0,0,0,155854.9354248047,0,0,4112314368,0,378540032,0
200,1788375724868,3191,3191,0,0,0,155854.9354248047,0,0,4112314368,0,378540032,0
200,1788375725069,3191,3191,0,0,0,155854.9354248047,0,0,4112314368,0,378540032,0
200,1788375725269,3191,3191,0,0,0,155854.9354248047,0,0,4112314368,0,378540032,0
200,1788375725469,3191,3191,0,0,0,155854.9354248047,0,0,4112314368,0,378540032,0
200,1788375725670,3191,3191,0,0,0,155854.9354248047,0,0,4112314368,0,378540032,0
200,1788375725870,3191,3191,0,0,0,155854.9354248047,0,0,4112314368,0,378540032,0
200,1788375726070,3191,3191,0,0,0,155854.9354248047,0,0,4112314368,0,378540032,0
200,1788375726270,3191,3191,0,0,0,155854.9354248047,0,0,4112314368,0,378540032,0
200,1788375726470,3191,3191,0,0,0,155854.95098876953,0,0,4112314368,0,378540032,0
200,1788375726671,3191,3191,0,0,0,155854.95098876953,0,0,4112314368,0,378540032,0
200,1788375726871,3191,3191,0,0,0,155854.95098876953,0,0,4112314368,0,378540032,0
200,1788375727071,3191,3191,0,0,0,155854.95098876953,0,0,4112314368,0,378540032,0
200,1788375727272,3191,3191,4.761904716491699,0,0,155854.95098876953,0,0,4112314368,0,378540032,0
200,1788375727472,3191,3191,0,0,0,155854.9619140625,0,0,4112314368,0,378540032,0
200,1788375727672,3191,3191,0,0,0,155854.9619140625,0,0,4112314368,0,378540032,0
200,1788375727873,3191,3191,0,0,0,155854.9619140625,0,0,4112314368,0,378540032,0
200,1788375728073,3191,3191,0,0,0,155854.9619140625,0,0,4112314368,0,378540032,0
200,1788375728273,3191,3191,0,0,0,155854.9619140625,0,0,4112314368,0,378540032,0
200,1788375728474,3191,3191,0,0,0,155854.9619140625,0,0,4112314368,0,378540032,0
200,1788375728674,3191,3191,0,0,0,155854.9619140625,0,0,4112314368,0,378540032,0
200,1788375728874,3191,3191,0,0,0,155854.9619140625,0,0,4112314368,0,378540032,0
200,1788375729075,3191,3191,0,0,0,155854.9619140625,0,0,4112314368,0,378540032,0
200,1788375729275,3191,3191,0,0,0,155854.9619140625,0,0,4112314368,0,378540032,0
200,1788375729475,3191,3191,0,0,0,155854.96795654297,0,0,4112314368,0,378540032,0
200,1788375729675,3191,3191,4.761904716491699,0,0,155854.96795654297,0,0,4112314368,0,378540032,0
200,1788375729876,3191,3191,0,0,0,155854.96795654297,0,0,4112314368,0,378540032,0
200,1788375730076,3191,3191,0,0,0,155854.96795654297,0,0,4112314368,0,378540032,0
200,1788375730276,3191,3191,0,0,0,155854.96795654297,0,0,4112314368,0,378540032,0
200,1788375730476,3191,3191,0,0,0,155854.96795654297,0,0,4112314368,0,378540032,0
200,1788375730676,3191,3191,0,0,0,155854.96795654297,0,0,4112314368,0,378540032,0
200,1788375730877,3191,3191,0,0,0,155854.96795654297,0,0,4112314368,0,378540032,0
200,1788375731077,3191,3191,0,0,0,155854.96795654297,0,0,4112314368,0,378540032,0
200,1788375731277,3191,3191,0,0,0,155854.96795654297,0,0,4112314368,0,378540032,0
200,1788375731478,3191,3191,0,0,0,155854.96795654297,0,0,4112314368,0,378540032,0
200,1788375731678,3191,3191,0,0,0,155854.96795654297,0,0,4112314368,0,378540032,0
200,1788375731878,3191,3191,0,0,0,155854.96795654297,0,0,4112314368,0,378540032,0
200,1788375732079,3191,3191,0,0,0,155854.96795654297,0,0,4112314368,0,378540032,0
200,1788375732279,3191,3191,0,0,0,155854.96795654297,0,0,4112314368,0,378540032,0
200,1788375732479,3191,3191,0,0,0,155854.96795654297,0,0,4112314368,0,378540032,0
200,1788375732680,3191,3191,0,0,0,155854.96795654297,0,0,4112314368,0,378540032,0
200,1788375732880,3191,3191,0,0,0,155854.96795654297,0,0,4112314368,0,378540032,0
200,1788375733080,3191,3191,0,0,0,155854.96795654297,0,0,4112314368,0,378540032,0
200,1788375733281,3191,3191,0,0,0,155854.96795654297,0,0,4112314368,0,378540032,0
200,1788375733481,3191,3191,0,0,0,155854.96795654297,0,0,4112314368,0,378540032,0
200,1788375733681,3191,3191,0,0,0,155854.96795654297,0,0,4112314368,0,378540032,0
200,1788375733881,3191,3191,0,0,0,155854.96795654297,0,0,4112314368,0,378540032,0
200,1788375734082,3191,3191,0,0,0,155854.96795654297,0,0,4112314368,0,378540032,0
200,1788375734282,3191,3191,0,0,0,155854.96795654297,0,0,4112314368,0,378540032,0
200,1788375734482,3191,3191,0,0,0,155854.9835205078,0,0,4112314368,0,378540032,0
200,1788375734682,3191,3191,0,0,0,155854.9835205078,0,0,4112314368,0,378540032,0
200,1788375734883,3191,3191,0,0,0,155854.9835205078,0,0,4112314368,0,378540032,0
200,1788375735083,3191,3191,0,0,0,155854.9835205078,0,0,4112314368,0,378540032,0
200,1788375735284,3191,3191,4.761904716491699,0,0,155854.9835205078,0,0,4112314368,0,378540032,0
200,1788375735484,3191,3191,0,0,0,155854.9835205078,0,0,4112314368,0,378540032,0
200,1788375735684,3191,3191,0,0,0,155854.9835205078,0,0,4112314368,0,378540032,0
200,1788375735884,3191,3191,0,0,0,155854.9835205078,0,0,4112314368,0,378540032,0
200,1788375736084,3191,3191,0,0,0,155854.9835205078,0,0,4112314368,0,378540032,0
200,1788375736284,3191,3191,0,0,0,155854.9835205078,0,0,4112314368,0,378540032,0
200,1788375736485,3191,3191,0,0,0,155854.9835205078,0,0,4112314368,0,378540032,0
200,1788375736685,3191,3191,0,0,0,155854.9835205078,0,0,4112314368,0,378540032,0
200,1788375736885,3191,3191,0,0,0,155854.9835205078,0,0,4112314368,0,378540032,0
200,1788375737086,3191,3191,0,0,0,155854.9835205078,0,0,4112314368,0,378540032,0
200,1788375737286,3191,3191,0,0,0,155854.9835205078,0,0,4112314368,0,378540032,0
200,1788375737486,3191,3191,0,0,0,155854.99041748047,0,0,4112314368,0,378540032,0
200,1788375737686,3191,3191,0,0,0,155854.99041748047,0,0,4112314368,0,378540032,0
200,1788375737887,3191,3191,0,0,0,155854.99041748047,0,0,4112314368,0,378540032,0
200,1788375738087,3191,3191,0,0,0,155854.99041748047,0,0,4112314368,0,378540032,0
200,1788375738287,3191,3191,0,0,0,155854.99041748047,0,0,4112314368,0,378540032,0
200,1788375738488,3191,3191,0,0,0,155854.99658203125,0,0,4112314368,0,378540032,0
200,1788375738688,3191,3191,0,0,0,155854.99658203125,0,0,4112314368,0,378540032,0
200,1788375738889,3191,3191,0,0,0,155854.99658203125,0,0,4112314368,0,378540032,0
200,1788375739089,3191,3191,0,0,0,155854.99658203125,0,0,4112314368,0,378540032,0
200,1788375739289,3191,3191,0,0,0,155854.99658203125,0,0,4112314368,0,378540032,0
200,1788375739489,3191,3191,0,0,0,155854.99658203125,0,0,4112314368,0,378540032,0
200,1788375739689,3191,3191,0,0,0,155854.99658203125,0,0,4112314368,0,378540032,0
200,1788375739890,3191,3191,0,0,0,155854.99658203125,0,0,4112314368,0,378540032,0
200,1788375740090,3191,3191,0,0,0,155854.99658203125,0,0,4112314368,0,378540032,0
200,1788375740290,3191,3191,0,0,0,155854.99658203125,0,0,4112314368,0,378540032,0
200,1788375740491,3191,3191,0,0,0,155854.99658203125,0,0,4112314368,0,378540032,0
200,1788375740691,3191,3191,0,0,0,155854.99658203125,0,0,4112314368,0,378540032,0
200,1788375740891,3191,3191,0,0,0,155854.99658203125,0,0,4112314368,0,378540032,0
200,1788375741092,3191,3191,0,0,0,155854.99658203125,0,0,4112314368,0,378540032,0
200,1788375741292,3191,3191,0,0,0,155854.99658203125,0,0,4112314368,0,378540032,0
200,1788375741492,3191,3191,0,0,0,155854.99658203125,0,0,4112314368,0,378540032,0
200,1788375741693,3191,3191,0,0,0,155854.99658203125,0,0,4112314368,0,378540032,0
200,1788375741893,3191,3191,0,0,0,155854.99658203125,0,0,4112314368,0,378540032,0
200,1788375742093,3191,3191,0,0,0,155854.99658203125,0,0,4112314368,0,378540032,0
200,1788375742294,3191,3191,0,0,0,155854.99658203125,0,0,4112314368,0,378540032,0
200,1788375742494,3191,3191,0,0,0,155854.99658203125,0,0,4112314368,0,378540032,0
200,1788375742694,3191,3191,0,0,0,155854.99658203125,0,0,4112314368,0,378540032,0
200,1788375742894,3191,3191,0,0,0,155854.99658203125,0,0,4112314368,0,378540032,0
200,1788375743095,3191,3191,0,0,0,155854.99658203125,0,0,4112314368,0,378540032,0
200,1788375743295,3191,3191,0,0,0,155854.99658203125,0,0,4112314368,0,378540032,0
200,1788375743495,3191,3191,0,0,0,155855.0087890625,0,0,4112314368,0,378540032,0
200,1788375743696,3191,3191,0,0,0,155855.0087890625,0,0,4112314368,0,378540032,0
200,1788375743896,3191,3191,0,0,0,155855.0087890625,0,0,4112314368,0,378540032,0
200,1788375744097,3191,3191,0,0,0,155855.0087890625,0,0,4112314368,0,378540032,0
200,1788375744297,3191,3191,0,0,0,155855.0087890625,0,0,4112314368,0,378540032,0
200,1788375744497,3191,3191,0,0,0,155855.0167236328,0,0,4112314368,0,378540032,0
200,1788375744697,3191,3191,0,0,0,155855.0167236328,0,0,4112314368,0,378540032,0
200,1788375744898,3191,3191,0,0,0,155855.0167236328,0,0,4112314368,0,378540032,0
200,1788375745098,3191,3191,0,0,0,155855.0167236328,0,0,4112314368,0,378540032,0
200,1788375745298,3191,3191,0,0,0,155855.0167236328,0,0,4112314368,0,378540032,0
200,1788375745498,3191,3191,0,0,0,155855.0167236328,0,0,4112314368,0,378540032,0
200,1788375745698,3191,3191,0,0,0,155855.0167236328,0,0,4112314368,0,378540032,0
200,1788375745898,3191,3191,0,0,0,155855.0167236328,0,0,4112314368,0,378540032,0
200,1788375746099,3191,3191,0,0,0,155855.0167236328,0,0,4112314368,0,378540032,0
200,1788375746299,3191,3191,0,0,0,155855.0167236328,0,0,4112314368,0,378540032,0
200,1788375746499,3191,3191,0,0,0,155855.03704833984,0,0,4112314368,0,378540032,0
200,1788375746699,3191,3191,0,0,0,155855.03704833984,0,0,4112314368,0,378540032,0
200,1788375746900,3191,3191,0,0,0,155855.03704833984,0,0,4112314368,0,378540032,0
200,1788375747100,3191,3191,0,0,0,155855.03704833984,0,0,4112314368,0,378540032,0
200,1788375747301,3191,3191,0,0,0,155855.03704833984,0,0,4112314368,0,378540032,0
200,1788375747501,3191,3191,0,0,0,155855.03704833984,0,0,4112314368,0,378540032,0
200,1788375747701,3191,3191,0,0,0,155855.03704833984,0,0,4112314368,0,378540032,0
200,1788375747901,3191,3191,0,0,0,155855.03704833984,0,0,4112314368,0,378540032,0
200,1788375748102,3191,3191,0,0,0,155855.03704833984,0,0,4112314368,0,378540032,0
200,1788375748302,3191,3191,0,0,0,155855.03704833984,0,0,4112314368,0,378540032,0
200,1788375748502,3191,3191,0,0,0,155855.03704833984,0,0,4112314368,0,378540032,0
200,1788375748703,3191,3191,0,0,0,155855.03704833984,0,0,4112314368,0,378540032,0
200,1788375748903,3191,3191,0,0,0,155855.03704833984,0,0,4112314368,0,378540032,0
200,1788375749103,3191,3191,4.761904716491699,0,0,155855.03704833984,0,0,4112314368,0,378540032,0
200,1788375749304,3191,3191,0,0,0,155855.03704833984,0,0,4112314368,0,378540032,0
200,1788375749504,3191,3191,0,0,0,155855.04919433594,0,0,4112314368,0,378540032,0
200,1788375749704,3191,3191,0,0,0,155855.04919433594,0,0,4112314368,0,378540032,0
200,1788375749905,3191,3191,0,0,0,155855.04919433594,0,0,4112314368,0,378540032,0
200,1788375750105,3191,3191,0,0,0,155855.04919433594,0,0,4112314368,0,378540032,0
200,1788375750305,3191,3191,0,0,0,155855.04919433594,0,0,4112314368,0,378540032,0
200,1788375750505,3191,3191,0,0,0,155855.04919433594,0,0,4112314368,0,378540032,0
200,1788375750706,3191,3191,0,0,0,155855.04919433594,0,0,4112314368,0,378540032,0
200,1788375750906,3191,3191,0,0,0,155855.04919433594,0,0,4112314368,0,378540032,0
200,1788375751106,3191,3191,0,0,0,155855.04919433594,0,0,4112314368,0,378540032,0
200,1788375751306,3191,3191,0,0,0,155855.04919433594,0,0,4112314368,0,378540032,0
200,1788375751507,3191,3191,0,0,0,155855.04919433594,0,0,4112314368,0,378540032,0
200,1788375751707,3191,3191,0,0,0,155855.04919433594,0,0,4112314368,0,378540032,0
200,1788375751907,3191,3191,0,0,0,155855.04919433594,0,0,4112314368,0,378540032,0
200,1788375752108,3191,3191,0,4.761904716491699,0,155855.04919433594,0,0,4112314368,0,378540032,0
200,1788375752308,3191,3191,0,0,0,155855.04919433594,0,0,4112314368,0,378540032,0
200,1788375752508,3191,3191,0,0,0,155855.05529785156,0,0,4112314368,0,378540032,0
200,1788375752709,3191,3191,0,0,0,155855.05529785156,0,0,4112314368,0,378540032,0
200,1788375752909,3191,3191,0,0,0,155855.05529785156,0,0,4112314368,0,378540032,0
200,1788375753109,3191,3191,0,0,0,155855.05529785156,0,0,4112314368,0,378540032,0
200,1788375753309,3191,3191,0,0,0,155855.05529785156,0,0,4112314368,0,378540032,0
200,1788375753510,3191,3191,0,0,0,155855.05529785156,0,0,4112314368,0,378540032,0
200,1788375753710,3191,3191,0,0,0,155855.05529785156,0,0,4112314368,0,378540032,0
200,1788375753910,3191,3191,0,0,0,155855.05529785156,0,0,4112314368,0,378540032,0
200,1788375754110,3191,3191,0,0,0,155855.05529785156,0,0,4112314368,0,378540032,0
200,1788375754311,3191,3191,0,0,0,155855.05529785156,0,0,4112314368,0,378540032,0
200,1788375754511,3191,3191,0,0,0,155855.05529785156,0,0,4112314368,0,378540032,0
200,1788375754711,3191,3191,0,0,0,155855.05529785156,0,0,4112314368,0,378531840,0
200,1788375754912,3191,3191,0,0,0,155855.05529785156,0,0,4112314368,0,378531840,0
200,1788375755112,3191,3191,0,0,0,155855.05529785156,0,0,4112314368,0,378531840,0
200,1788375755312,3191,3191,0,0,0,155855.05529785156,0,0,4112314368,0,378531840,0
200,1788375755513,3191,3191,0,0,0,155855.07373046875,0,0,4112314368,0,378531840,0
200,1788375755713,3191,3191,0,0,0,155855.07373046875,0,0,4112314368,0,378531840,0
199,1788375755913,3191,3191,0,0,0,155855.07373046875,0,0,4112314368,0,378531840,0
200,1788375756113,3191,3191,0,0,0,155855.07373046875,0,0,4112314368,0,378531840,0
200,1788375756314,3191,3191,0,0,0,155855.07373046875,0,0,4112314368,0,378531840,0
200,1788375756514,3191,3191,0,0,0,155855.07373046875,0,0,4112314368,0,378531840,0
200,1788375756714,3191,3191,0,0,0,155855.07373046875,0,0,4112314368,0,378531840,0
200,1788375756914,3191,3191,0,0,0,155855.07373046875,0,0,4112314368,0,378531840,0
200,1788375757115,3191,3191,0,0,0,155855.07373046875,0,0,4112314368,0,378531840,0
200,1788375757315,3191,3191,0,0,0,155855.07373046875,0,0,4112314368,0,378531840,0
200,1788375757515,3191,3191,9.090909004211426,0,0,155855.07373046875,0,0,4112314368,0,378531840,0
200,1788375757716,3191,3191,0,0,0,155855.07373046875,0,0,4112314368,0,378531840,0
200,1788375757916,3191,3191,0,0,0,155855.07373046875,0,0,4112314368,0,378531840,0
200,1788375758116,3191,3191,0,0,0,155855.07373046875,0,0,4112314368,0,378531840,0
200,1788375758317,3191,3191,0,0,0,155855.07373046875,0,0,4112314368,0,378531840,0
200,1788375758517,3191,3191,0,0,0,155855.0805053711,0,0,4112314368,0,378531840,0
200,1788375758717,3191,3191,0,0,0,155855.0805053711,0,0,4112314368,0,378531840,0
200,1788375758918,3191,3191,0,0,0,155855.0805053711,0,0,4112314368,0,378531840,0
200,1788375759118,3191,3191,0,0,0,155855.0805053711,0,0,4112314368,0,378531840,0
200,1788375759318,3191,3191,0,0,0,155855.0805053711,0,0,4112314368,0,378531840,0
200,1788375759518,3191,3191,0,0,0,155855.0805053711,0,0,4112314368,0,378531840,0
200,1788375759718,3191,3191,0,0,0,155855.0805053711,0,0,4112314368,0,378531840,0
200,1788375759919,3191,3191,0,0,0,155855.0805053711,0,0,4112314368,0,378531840,0
200,1788375760119,3191,3191,0,0,0,155855.0805053711,0,0,4112314368,0,378531840,0
200,1788375760319,3191,3191,0,0,0,155855.0805053711,0,0,4112314368,0,378531840,0
200,1788375760520,3191,3191,0,0,0,155855.0805053711,0,0,4112314368,0,378531840,0
200,1788375760720,3191,3191,0,0,0,155855.0805053711,0,0,4112314368,0,378531840,0
200,1788375760921,3191,3191,0,0,0,155855.0805053711,0,0,4112314368,0,378531840,0
200,1788375761121,3191,3191,0,0,0,155855.0805053711,0,0,4112314368,0,378531840,0
200,1788375761321,3191,3191,0,0,0,155855.0805053711,0,0,4112314368,0,378531840,0
200,1788375761521,3191,3191,0,0,0,155855.0805053711,0,0,4112314368,0,378531840,0
200,1788375761722,3191,3191,0,0,0,155855.0805053711,0,0,4112314368,0,378531840,0
200,1788375761922,3191,3191,0,0,0,155855.0805053711,0,0,4112314368,0,378531840,0
200,1788375762122,3191,3191,0,0,0,155855.0805053711,0,0,4112314368,0,378531840,0
200,1788375762323,3191,3191,0,0,0,155855.0805053711,0,0,4112314368,0,378531840,0
200,1788375762523,3191,3191,0,0,0,155855.08660888672,0,0,4112314368,0,378531840,0
200,1788375762723,3191,3191,0,0,0,155855.08660888672,0,0,4112314368,0,378531840,0
200,1788375762924,3191,3191,0,0,0,155855.08660888672,0,0,4112314368,0,378531840,0
200,1788375763124,3191,3191,0,0,0,155855.08660888672,0,0,4112314368,0,378531840,0
200,1788375763324,3191,3191,0,0,0,155855.08660888672,0,0,4112314368,0,378531840,0
200,1788375763525,3191,3191,0,0,0,155855.08660888672,0,0,4112314368,0,378531840,0
200,1788375763725,3191,3191,0,0,0,155855.08660888672,0,0,4112314368,0,378531840,0
200,1788375763925,3191,3191,0,0,0,155855.08660888672,0,0,4112314368,0,378531840,0
200,1788375764125,3191,3191,0,0,0,155855.08660888672,0,0,4112314368,0,378531840,0
200,1788375764326,3191,3191,0,0,0,155855.08660888672,0,0,4112314368,0,378531840,0
200,1788375764526,3191,3191,4.761904716491699,0,0,155855.08660888672,0,0,4112314368,0,378531840,0
200,1788375764726,3191,3191,0,0,0,155855.08660888672,0,0,4112314368,0,378531840,0
200,1788375764926,3191,3191,0,0,0,155855.08660888672,0,0,4112314368,0,378531840,0
200,1788375765127,3191,3191,0,0,0,155855.08660888672,0,0,4112314368,0,378531840,0
200,1788375765327,3191,3191,0,0,0,155855.08660888672,0,0,4112314368,0,378531840,0
200,1788375765527,3191,3191,0,0,0,155855.1141357422,0,0,4112314368,0,378531840,0
200,1788375765727,3191,3191,0,0,0,155855.1141357422,0,0,4112314368,0,378531840,0
200,1788375765927,3191,3191,0,0,0,155855.1141357422,0,0,4112314368,0,378531840,0
200,1788375766128,3191,3191,0,0,0,155855.1141357422,0,0,4112314368,0,378531840,0
200,1788375766328,3191,3191,0,0,0,155855.1141357422,0,0,4112314368,0,378531840,0
200,1788375766529,3191,3191,0,0,0,155855.126953125,0,0,4112314368,0,378531840,0
200,1788375766729,3191,3191,0,0,0,155855.126953125,0,0,4112314368,0,378531840,0
200,1788375766929,3191,3191,0,0,0,155855.126953125,0,0,4112314368,0,378531840,0
200,1788375767130,3191,3191,0,0,0,155855.126953125,0,0,4112314368,0,378531840,0
200,1788375767330,3191,3191,0,0,0,155855.126953125,0,0,4112314368,0,378531840,0
200,1788375767530,3191,3191,0,0,0,155855.126953125,0,0,4112314368,0,378531840,0
200,1788375767730,3191,3191,0,0,0,155855.126953125,0,0,4112314368,0,378531840,0
200,1788375767931,3191,3191,0,0,0,155855.126953125,0,0,4112314368,0,378531840,0
200,1788375768131,3191,3191,0,0,0,155855.126953125,0,0,4112314368,0,378531840,0
200,1788375768331,3191,3191,0,0,0,155855.126953125,0,0,4112314368,0,378531840,0
200,1788375768532,3191,3191,0,0,0,155855.13305664063,0,0,4112314368,0,378531840,0
200,1788375768732,3191,3191,0,0,0,155855.13305664063,0,0,4112314368,0,378531840,0
200,1788375768933,3191,3191,0,0,0,155855.13305664063,0,0,4112314368,0,378531840,0
200,1788375769133,3191,3191,0,0,0,155855.13305664063,0,0,4112314368,0,378531840,0
200,1788375769333,3191,3191,0,0,0,155855.13305664063,0,0,4112314368,0,378531840,0
200,1788375769534,3191,3191,0,0,0,155855.13305664063,0,0,4112314368,0,378531840,0
200,1788375769734,3191,3191,0,0,0,155855.13305664063,0,0,4112314368,0,378531840,0
200,1788375769934,3191,3191,0,0,0,155855.13305664063,0,0,4112314368,0,378531840,0
200,1788375770134,3191,3191,0,0,0,155855.13305664063,0,0,4112314368,0,378531840,0
200,1788375770335,3191,3191,0,0,0,155855.13305664063,0,0,4112314368,0,378531840,0
200,1788375770535,3191,3191,0,0,0,155855.13305664063,0,0,4112314368,0,378531840,0
200,1788375770735,3191,3191,0,0,0,155855.13305664063,0,0,4112314368,0,378531840,0
200,1788375770936,3191,3191,0,0,0,155855.13305664063,0,0,4112314368,0,378531840,0
200,1788375771136,3191,3191,0,0,0,155855.13305664063,0,0,4112314368,0,378531840,0
200,1788375771336,3191,3191,0,0,0,155855.13305664063,0,0,4112314368,0,378531840,0
200,1788375771537,3191,3191,0,0,0,155855.13983154297,0,0,4112314368,0,378531840,0
200,1788375771737,3191,3191,0,0,0,155855.13983154297,0,0,4112314368,0,378531840,0
200,1788375771937,3191,3191,0,0,0,155855.13983154297,0,0,4112314368,0,378531840,0
200,1788375772138,3191,3191,0,0,0,155855.13983154297,0,0,4112314368,0,378531840,0
200,1788375772338,3191,3191,0,0,0,155855.13983154297,0,0,4112314368,0,378531840,0
200,1788375772538,3191,3191,0,0,0,155855.13983154297,0,0,4112314368,0,378531840,0
200,1788375772738,3191,3191,0,0,0,155855.13983154297,0,0,4112314368,0,378531840,0
200,1788375772938,3191,3191,0,0,0,155855.13983154297,0,0,4112314368,0,378531840,0
200,1788375773138,3191,3191,0,0,0,155855.13983154297,0,0,4112314368,0,378531840,0
200,1788375773339,3191,3191,0,0,0,155855.13983154297,0,0,4112314368,0,378531840,0
200,1788375773539,3191,3191,0,0,0,155855.13983154297,0,0,4112314368,0,378531840,0
200,1788375773739,3191,3191,0,0,0,155855.13983154297,0,0,4112314368,0,378531840,0
200,1788375773940,3191,3191,4.761904716491699,0,0,155855.13983154297,0,0,4112314368,0,378531840,0
200,1788375774140,3191,3191,0,0,0,155855.13983154297,0,0,4112314368,0,378531840,0
200,1788375774340,3191,3191,0,0,0,155855.13983154297,0,0,4112314368,0,378531840,0
200,1788375774540,3191,3191,0,0,0,155855.13983154297,0,0,4112314368,0,378531840,0
200,1788375774740,3191,3191,0,0,0,155855.13983154297,0,0,4112314368,0,378531840,0
200,1788375774941,3191,3191,0,0,0,155855.13983154297,0,0,4112314368,0,378531840,0
200,1788375775141,3191,3191,0,0,0,155855.13983154297,0,0,4112314368,0,378531840,0
200,1788375775341,3191,3191,0,0,0,155855.13983154297,0,0,4112314368,0,378531840,0
200,1788375775542,3191,3191,0,0,0,155855.15216064453,0,0,4112314368,0,378531840,0
200,1788375775742,3191,3191,0,0,0,155855.15216064453,0,0,4112314368,0,378531840,0
200,1788375775942,3191,3191,0,0,0,155855.15216064453,0,0,4112314368,0,378531840,0
200,1788375776142,3191,3191,0,0,0,155855.15216064453,0,0,4112314368,0,378531840,0
200,1788375776342,3191,3191,0,0,0,155855.15216064453,0,0,4112314368,0,378531840,0
200,1788375776542,3191,3191,0,0,0,155855.15216064453,0,0,4112314368,0,378531840,0
200,1788375776743,3191,3191,0,0,0,155855.15216064453,0,0,4112314368,0,378531840,0
200,1788375776943,3191,3191,0,0,0,155855.15216064453,0,0,4112314368,0,378531840,0
200,1788375777144,3191,3191,4.761904716491699,0,0,155855.15216064453,0,0,4112314368,0,378531840,0
200,1788375777344,3191,3191,0,0,0,155855.15216064453,0,0,4112314368,0,378531840,0
200,1788375777544,3191,3191,0,0,0,155855.15216064453,0,0,4112314368,0,378531840,0
200,1788375777744,3191,3191,0,0,0,155855.15216064453,0,0,4112314368,0,378531840,0
200,1788375777945,3191,3191,0,0,0,155855.15216064453,0,0,4112314368,0,378531840,0
200,1788375778145,3191,3191,0,0,0,155855.15216064453,0,0,4112314368,0,378531840,0
200,1788375778345,3191,3191,0,0,0,155855.15216064453,0,0,4112314368,0,378531840,0
200,1788375778546,3191,3191,0,0,0,155855.15844726563,0,0,4112314368,0,378531840,0
200,1788375778746,3191,3191,0,0,0,155855.15844726563,0,0,4112314368,0,378531840,0
200,1788375778946,3191,3191,0,0,0,155855.15844726563,0,0,4112314368,0,378531840,0
200,1788375779146,3191,3191,0,0,0,155855.15844726563,0,0,4112314368,0,378531840,0
200,1788375779347,3191,3191,0,0,0,155855.15844726563,0,0,4112314368,0,378531840,0
200,1788375779547,3191,3191,0,0,0,155855.15844726563,0,0,4112314368,0,378531840,0
200,1788375779747,3191,3191,0,0,0,155855.15844726563,0,0,4112314368,0,378531840,0
200,1788375779948,3191,3191,0,0,0,155855.15844726563,0,0,4112314368,0,378531840,0
200,1788375780148,3191,3191,0,0,0,155855.15844726563,0,0,4112314368,0,378531840,0
200,1788375780349,3191,3191,0,0,0,155855.15844726563,0,0,4112314368,0,378531840,0
200,1788375780549,3191,3191,0,0,0,155855.15844726563,0,0,4112314368,0,378531840,0
200,1788375780749,3191,3191,0,0,0,155855.15844726563,0,0,4112314368,0,378531840,0
200,1788375780949,3191,3191,0,0,0,155855.15844726563,0,0,4112314368,0,378531840,0
200,1788375781150,3191,3191,0,0,0,155855.15844726563,0,0,4112314368,0,378531840,0
200,1788375781350,3191,3191,0,0,0,155855.15844726563,0,0,4112314368,0,378531840,0
200,1788375781550,3191,3191,0,0,0,155855.17333984375,0,0,4112314368,0,378531840,0
200,1788375781750,3191,3191,0,0,0,155855.17333984375,0,0,4112314368,0,378531840,0
200,1788375781951,3191,3191,0,0,0,155855.17333984375,0,0,4112314368,0,378531840,0
200,1788375782151,3191,3191,0,0,0,155855.17333984375,0,0,4112314368,0,378531840,0
200,1788375782352,3191,3191,0,0,0,155855.17333984375,0,0,4112314368,0,378531840,0
200,1788375782552,3191,3191,0,0,0,155855.17333984375,0,0,4112314368,0,378531840,0
200,1788375782752,3191,3191,0,0,0,155855.17333984375,0,0,4112314368,0,378531840,0
200,1788375782953,3191,3191,0,0,0,155855.17333984375,0,0,4112314368,0,378531840,0
200,1788375783153,3191,3191,0,0,0,155855.17333984375,0,0,4112314368,0,378531840,0
200,1788375783353,3191,3191,0,0,0,155855.17333984375,0,0,4112314368,0,378531840,0
200,1788375783554,3191,3191,0,0,0,155855.17333984375,0,0,4112314368,0,378531840,0
200,1788375783754,3191,3191,0,0,0,155855.17333984375,0,0,4112314368,0,378531840,0
200,1788375783954,3191,3191,0,0,0,155855.17333984375,0,0,4112314368,0,378531840,0
200,1788375784154,3191,3191,0,0,0,155855.17333984375,0,0,4112314368,0,378531840,0
200,1788375784354,3191,3191,0,0,0,155855.17333984375,0,0,4112314368,0,378531840,0
200,1788375784554,3191,3191,0,0,0,155855.17950439453,0,0,4112314368,0,378531840,0
200,1788375784754,3191,3191,0,0,0,155855.17950439453,0,0,4112314368,0,378531840,0
200,1788375784955,3191,3191,0,0,0,155855.17950439453,0,0,4112314368,0,378531840,0
200,1788375785155,3191,3191,0,0,0,155855.17950439453,0,0,4112314368,0,378531840,0
200,1788375785355,3191,3191,0,0,0,155855.17950439453,0,0,4112314368,0,378531840,0
200,1788375785556,3191,3191,0,0,0,155855.17950439453,0,0,4112314368,0,378531840,0
200,1788375785756,3191,3191,0,0,0,155855.17950439453,0,0,4112314368,0,378531840,0
200,1788375785956,3191,3191,0,0,0,155855.17950439453,0,0,4112314368,0,378531840,0
200,1788375786156,3191,3191,0,0,0,155855.17950439453,0,0,4112314368,0,378531840,0
200,1788375786356,3191,3191,0,0,0,155855.17950439453,0,0,4112314368,0,378531840,0
200,1788375786557,3191,3191,0,0,0,155855.17950439453,0,0,4112314368,0,378531840,0
200,1788375786757,3191,3191,0,0,0,155855.17950439453,0,0,4112314368,0,378531840,0
200,1788375786957,3191,3191,0,0,0,155855.17950439453,0,0,4112314368,0,378531840,0
200,1788375787158,3191,3191,0,0,0,155855.17950439453,0,0,4112314368,0,378531840,0
200,1788375787358,3191,3191,0,0,0,155855.17950439453,0,0,4112314368,0,378531840,0
200,1788375787558,3191,3191,0,0,0,155855.1856689453,0,0,4112314368,0,378531840,0
200,1788375787758,3191,3191,0,0,0,155855.1856689453,0,0,4112314368,0,378531840,0
200,1788375787958,3191,3191,0,0,0,155855.1856689453,0,0,4112314368,0,378531840,0
200,1788375788158,3191,3191,0,0,0,155855.1856689453,0,0,4112314368,0,378531840,0
200,1788375788359,3191,3191,0,0,0,155855.1856689453,0,0,4112314368,0,378531840,0
200,1788375788559,3191,3191,0,0,0,155855.19177246094,0,0,4112314368,0,378531840,0
200,1788375788760,3191,3191,0,0,0,155855.19177246094,0,0,4112314368,0,378531840,0
200,1788375788960,3191,3191,0,0,0,155855.19177246094,0,0,4112314368,0,378531840,0
200,1788375789160,3191,3191,0,0,0,155855.19177246094,0,0,4112314368,0,378531840,0
200,1788375789361,3191,3191,0,0,0,155855.19177246094,0,0,4112314368,0,378531840,0
200,1788375789561,3191,3191,0,0,0,155855.19177246094,0,0,4112314368,0,378531840,0
200,1788375789761,3191,3191,0,0,0,155855.19177246094,0,0,4112314368,0,378531840,0
200,1788375789962,3191,3191,0,0,0,155855.19177246094,0,0,4112314368,0,378531840,0
200,1788375790162,3191,3191,0,0,0,155855.19177246094,0,0,4112314368,0,378531840,0
200,1788375790362,3191,3191,0,0,0,155855.19177246094,0,0,4112314368,0,378531840,0
200,1788375790562,3191,3191,0,0,0,155855.19177246094,0,0,4112314368,0,378531840,0
200,1788375790763,3191,3191,0,0,0,155855.19177246094,0,0,4112314368,0,378531840,0
200,1788375790963,3191,3191,0,0,0,155855.19177246094,0,0,4112314368,0,378531840,0
200,1788375791163,3191,3191,0,0,0,155855.19177246094,0,0,4112314368,0,378531840,0
200,1788375791363,3191,3191,0,0,0,155855.19177246094,0,0,4112314368,0,378531840,0
200,1788375791564,3191,3191,0,0,0,155855.2045288086,0,0,4112314368,0,378531840,0
200,1788375791764,3191,3191,0,0,0,155855.2045288086,0,0,4112314368,0,378531840,0
200,1788375791964,3191,3191,0,0,0,155855.2045288086,0,0,4112314368,0,378531840,0
200,1788375792165,3191,3191,0,0,0,155855.2045288086,0,0,4112314368,0,378531840,0
200,1788375792365,3191,3191,0,0,0,155855.2045288086,0,0,4112314368,0,378531840,0
200,1788375792565,3191,3191,0,0,0,155855.2045288086,0,0,4112314368,0,378531840,0
200,1788375792766,3191,3191,0,0,0,155855.2045288086,0,0,4112314368,0,378531840,0
200,1788375792966,3191,3191,0,0,0,155855.2045288086,0,0,4112314368,0,378531840,0
200,1788375793166,3191,3191,0,0,0,155855.2045288086,0,0,4112314368,0,378531840,0
200,1788375793366,3191,3191,0,0,0,155855.2045288086,0,0,4112314368,0,378531840,0
200,1788375793566,3191,3191,0,0,0,155855.2045288086,0,0,4112314368,0,378531840,0
200,1788375793766,3191,3191,0,0,0,155855.2045288086,0,0,4112314368,0,378531840,0
200,1788375793967,3191,3191,0,0,0,155855.2045288086,0,0,4112314368,0,378531840,0
200,1788375794167,3191,3191,0,0,0,155855.2045288086,0,0,4112314368,0,378531840,0
200,1788375794367,3191,3191,0,0,0,155855.2045288086,0,0,4112314368,0,378531840,0
200,1788375794568,3191,3191,4.761904716491699,0,0,155855.21057128906,0,0,4112314368,0,378531840,0
200,1788375794768,3191,3191,0,0,0,155855.21057128906,0,0,4112314368,0,378531840,0
200,1788375794968,3191,3191,0,0,0,155855.21057128906,0,0,4112314368,0,378531840,0
200,1788375795169,3191,3191,0,0,0,155855.21057128906,0,0,4112314368,0,378531840,0
200,1788375795369,3191,3191,0,0,0,155855.21057128906,0,0,4112314368,0,378531840,0
200,1788375795569,3191,3191,0,0,0,155855.21057128906,0,0,4112314368,0,378531840,0
200,1788375795769,3191,3191,0,0,0,155855.21057128906,0,0,4112314368,0,378531840,0
200,1788375795969,3191,3191,0,0,0,155855.21057128906,0,0,4112314368,0,378531840,0
200,1788375796170,3191,3191,0,0,0,155855.21057128906,0,0,4112314368,0,378531840,0
200,1788375796370,3191,3191,0,0,0,155855.21057128906,0,0,4112314368,0,378531840,0
200,1788375796570,3191,3191,0,0,0,155855.21057128906,0,0,4112314368,0,378531840,0
200,1788375796770,3191,3191,0,0,0,155855.21057128906,0,0,4112314368,0,378531840,0
200,1788375796971,3191,3191,0,0,0,155855.21057128906,0,0,4112314368,0,378531840,0
200,1788375797171,3191,3191,0,0,0,155855.21057128906,0,0,4112314368,0,378531840,0
200,1788375797371,3191,3191,0,0,0,155855.21057128906,0,0,4112314368,0,378531840,0
200,1788375797572,3191,3191,0,0,0,155855.2166748047,0,0,4112314368,0,378531840,0
200,1788375797772,3191,3191,0,0,0,155855.2166748047,0,0,4112314368,0,378531840,0
200,1788375797972,3191,3191,0,0,0,155855.2166748047,0,0,4112314368,0,378531840,0
200,1788375798173,3191,3191,0,0,0,155855.2166748047,0,0,4112314368,0,378531840,0
200,1788375798373,3191,3191,0,0,0,155855.2166748047,0,0,4112314368,0,378740736,0
200,1788375798574,3191,3191,0,0,0,155855.2166748047,0,0,4112314368,0,378740736,0
200,1788375798774,3191,3191,0,0,0,155855.2166748047,0,0,4112314368,0,378789888,0
200,1788375798974,3191,3191,0,0,0,155855.2166748047,0,0,4112314368,0,378789888,0
200,1788375799174,3191,3191,0,0,0,155855.2166748047,0,0,4112314368,0,378789888,0
200,1788375799375,3191,3191,0,0,0,155855.2166748047,0,0,4112314368,0,378789888,0
200,1788375799575,3191,3191,0,0,0,155855.2166748047,0,0,4112314368,0,378789888,0
200,1788375799775,3191,3191,4.761904716491699,0,0,155855.2166748047,0,0,4112314368,0,378789888,0
200,1788375799976,3191,3191,0,0,0,155855.2166748047,0,0,4112314368,0,378789888,0
200,1788375800176,3191,3191,0,0,0,155855.2166748047,0,0,4112314368,0,378789888,0
200,1788375800376,3191,3191,0,0,0,155855.2166748047,0,0,4112314368,0,378789888,0
200,1788375800577,3191,3191,0,0,0,155855.22882080078,0,0,4112314368,0,378789888,0
200,1788375800777,3191,3191,0,0,0,155855.22882080078,0,0,4112314368,0,378789888,0
200,1788375800978,3191,3191,0,0,0,155855.22882080078,0,0,4112314368,0,378789888,0
200,1788375801178,3191,3191,0,0,0,155855.22882080078,0,0,4112314368,0,378789888,0
200,1788375801378,3191,3191,0,0,0,155855.22882080078,0,0,4112314368,0,378789888,0
200,1788375801578,3191,3191,0,0,0,155855.22882080078,0,0,4112314368,0,378789888,0
200,1788375801779,3191,3191,0,0,0,155855.22882080078,0,0,4112314368,0,378789888,0
200,1788375801979,3191,3191,0,0,0,155855.22882080078,0,0,4112314368,0,378789888,0
200,1788375802179,3191,3191,0,0,0,155855.22882080078,0,0,4112314368,0,378789888,0
200,1788375802380,3191,3191,0,0,0,155855.22882080078,0,0,4112314368,0,378789888,0
200,1788375802580,3191,3191,0,0,0,155855.22882080078,0,0,4112314368,0,378789888,0
200,1788375802780,3191,3191,0,0,0,155855.22882080078,0,0,4112314368,0,378789888,0
200,1788375802981,3191,3191,0,0,0,155855.22882080078,0,0,4112314368,0,378789888,0
200,1788375803181,3191,3191,0,0,0,155855.22882080078,0,0,4112314368,0,378789888,0
200,1788375803381,3191,3191,0,0,0,155855.22882080078,0,0,4112314368,0,378789888,0
200,1788375803581,3191,3191,0,0,0,155855.22882080078,0,0,4112314368,0,378789888,0
200,1788375803782,3191,3191,0,0,0,155855.22882080078,0,0,4112314368,0,378789888,0
200,1788375803982,3191,3191,0,0,0,155855.22882080078,0,0,4112314368,0,378789888,0
200,1788375804182,3191,3191,0,0,0,155855.22882080078,0,0,4112314368,0,378789888,0
200,1788375804382,3191,3191,0,0,0,155855.22882080078,0,0,4112314368,0,378789888,0
200,1788375804583,3191,3191,0,0,0,155855.2359008789,0,0,4112314368,0,378789888,0
200,1788375804783,3191,3191,0,0,0,155855.2359008789,0,0,4112314368,0,378789888,0
200,1788375804983,3191,3191,0,0,0,155855.2359008789,0,0,4112314368,0,378789888,0
200,1788375805184,3191,3191,0,0,0,155855.2359008789,0,0,4112314368,0,378789888,0
200,1788375805384,3191,3191,0,0,0,155855.2359008789,0,0,4112314368,0,378789888,0
200,1788375805584,3191,3191,0,0,0,155855.2359008789,0,0,4112314368,0,378789888,0
200,1788375805784,3191,3191,0,0,0,155855.2359008789,0,0,4112314368,0,378789888,0
200,1788375805984,3191,3191,0,0,0,155855.2359008789,0,0,4112314368,0,378789888,0
200,1788375806184,3191,3191,0,0,0,155855.2359008789,0,0,4112314368,0,378789888,0
200,1788375806385,3191,3191,0,0,0,155855.2359008789,0,0,4112314368,0,378789888,0
200,1788375806585,3191,3191,0,0,0,155855.2359008789,0,0,4112314368,0,378789888,0
200,1788375806785,3191,3191,0,0,0,155855.2359008789,0,0,4112314368,0,378789888,0
200,1788375806986,3191,3191,0,0,0,155855.2359008789,0,0,4112314368,0,378789888,0
200,1788375807186,3191,3191,0,0,0,155855.2359008789,0,0,4112314368,0,378789888,0
200,1788375807386,3191,3191,0,0,0,155855.2359008789,0,0,4112314368,0,378789888,0
200,1788375807586,3191,3191,0,0,0,155855.24810791016,0,0,4112314368,0,378789888,0
200,1788375807787,3191,3191,0,0,0,155855.24810791016,0,0,4112314368,0,378789888,0
200,1788375807987,3191,3191,0,0,0,155855.24810791016,0,0,4112314368,0,378789888,0
200,1788375808187,3191,3191,0,0,0,155855.24810791016,0,0,4112314368,0,378789888,0
200,1788375808387,3191,3191,0,0,0,155855.24810791016,0,0,4112314368,0,378789888,0
200,1788375808588,3191,3191,0,0,0,155855.24810791016,0,0,4112314368,0,378789888,0
200,1788375808788,3191,3191,0,0,0,155855.24810791016,0,0,4112314368,0,378789888,0
200,1788375808988,3191,3191,0,0,0,155855.24810791016,0,0,4112314368,0,378789888,0
200,1788375809189,3191,3191,0,0,0,155855.24810791016,0,0,4112314368,0,378789888,0
200,1788375809389,3191,3191,0,0,0,155855.24810791016,0,0,4112314368,0,378789888,0
200,1788375809590,3191,3191,0,0,0,155855.24810791016,0,0,4112314368,0,378789888,0
200,1788375809790,3191,3191,0,0,0,155855.24810791016,0,0,4112314368,0,378789888,0
200,1788375809990,3191,3191,0,0,0,155855.24810791016,0,0,4112314368,0,378789888,0
200,1788375810190,3191,3191,0,0,0,155855.24810791016,0,0,4112314368,0,378789888,0
200,1788375810390,3191,3191,0,0,0,155855.24810791016,0,0,4112314368,0,378789888,0
200,1788375810590,3191,3191,0,0,0,155855.25421142578,0,0,4112314368,0,378789888,0
200,1788375810791,3191,3191,0,0,0,155855.25421142578,0,0,4112314368,0,378789888,0
200,1788375810991,3191,3191,0,0,0,155855.25421142578,0,0,4112314368,0,378789888,0
200,1788375811191,3191,3191,0,0,0,155855.25421142578,0,0,4112314368,0,378789888,0
200,1788375811391,3191,3191,0,0,0,155855.25421142578,0,0,4112314368,0,378789888,0
200,1788375811592,3191,3191,0,0,0,155855.25421142578,0,0,4112314368,0,378789888,0
200,1788375811792,3191,3191,0,0,0,155855.25421142578,0,0,4112314368,0,378789888,0
200,1788375811993,3191,3191,0,0,0,155855.25421142578,0,0,4112314368,0,378789888,0
200,1788375812193,3191,3191,0,0,0,155855.25421142578,0,0,4112314368,0,378789888,0
200,1788375812393,3191,3191,0,0,0,155855.25421142578,0,0,4112314368,0,378789888,0
200,1788375812594,3191,3191,0,0,0,155855.25421142578,0,0,4112314368,0,378789888,0
200,1788375812794,3191,3191,0,0,0,155855.25421142578,0,0,4112314368,0,378789888,0
200,1788375812994,3191,3191,0,0,0,155855.25421142578,0,0,4112314368,0,378789888,0
200,1788375813194,3191,3191,0,0,0,155855.25421142578,0,0,4112314368,0,378789888,0
200,1788375813395,3191,3191,0,0,0,155855.25421142578,0,0,4112314368,0,378789888,0
200,1788375813595,3191,3191,0,0,0,155855.27032470703,0,0,4112314368,0,378789888,0
200,1788375813795,3191,3191,0,0,0,155855.27032470703,0,0,4112314368,0,378789888,0
200,1788375813996,3191,3191,4.761904716491699,0,0,155855.27032470703,0,0,4112314368,0,378789888,0
200,1788375814196,3191,3191,0,0,0,155855.27032470703,0,0,4112314368,0,378789888,0
200,1788375814396,3191,3191,0,0,0,155855.27032470703,0,0,4112314368,0,378789888,0
200,1788375814597,3191,3191,0,0,0,155855.27032470703,0,0,4112314368,0,378789888,0
200,1788375814797,3191,3191,0,0,0,155855.27032470703,0,0,4112314368,0,378789888,0
200,1788375814997,3191,3191,0,0,0,155855.27032470703,0,0,4112314368,0,378789888,0
200,1788375815198,3191,3191,0,0,0,155855.27032470703,0,0,4112314368,0,378789888,0
200,1788375815398,3191,3191,0,0,0,155855.27032470703,0,0,4112314368,0,378789888,0
200,1788375815598,3191,3191,0,0,0,155855.27032470703,0,0,4112314368,0,378789888,0
200,1788375815798,3191,3191,0,0,0,155855.27032470703,0,0,4112314368,0,378789888,0
200,1788375815998,3191,3191,0,0,0,155855.27032470703,0,0,4112314368,0,378789888,0
200,1788375816199,3191,3191,0,0,0,155855.27032470703,0,0,4112314368,0,378789888,0
200,1788375816399,3191,3191,0,0,0,155855.27032470703,0,0,4112314368,0,378789888,0
200,1788375816599,3191,3191,4.761904716491699,0,0,155855.28125,0,0,4112314368,0,378789888,0
200,1788375816800,3191,3191,0,0,0,155855.28125,0,0,4112314368,0,378789888,0
200,1788375817000,3191,3191,0,0,0,155855.28125,0,0,4112314368,0,378789888,0
200,1788375817200,3191,3191,0,0,0,155855.28125,0,0,4112314368,0,378789888,0
199,1788375817401,3191,3191,0,0,0,155855.28125,0,0,4112314368,0,378789888,0
200,1788375817601,3191,3191,0,0,0,155855.28125,0,0,4112314368,0,378789888,0
200,1788375817801,3191,3191,0,0,0,155855.28125,0,0,4112314368,0,378789888,0
200,1788375818001,3191,3191,0,0,0,155855.28125,0,0,4112314368,0,378789888,0
200,1788375818202,3191,3191,0,0,0,155855.28125,0,0,4112314368,0,378789888,0
200,1788375818402,3191,3191,0,0,0,155855.28125,0,0,4112314368,0,378789888,0
200,1788375818602,3191,3191,0,0,0,155855.2935180664,0,0,4112314368,0,378789888,0
200,1788375818802,3191,3191,0,0,0,155855.2935180664,0,0,4112314368,0,378789888,0
200,1788375819003,3191,3191,0,0,0,155855.2935180664,0,0,4112314368,0,378789888,0
200,1788375819203,3191,3191,0,0,0,155855.2935180664,0,0,4112314368,0,378789888,0
200,1788375819403,3191,3191,0,0,0,155855.2935180664,0,0,4112314368,0,378789888,0
200,1788375819603,3191,3191,0,0,0,155855.2935180664,0,0,4112314368,0,378789888,0
200,1788375819804,3191,3191,0,0,0,155855.2935180664,0,0,4112314368,0,378789888,0
200,1788375820004,3191,3191,0,0,0,155855.2935180664,0,0,4112314368,0,378789888,0
200,1788375820205,3191,3191,0,0,0,155855.2935180664,0,0,4112314368,0,378789888,0
200,1788375820405,3191,3191,0,0,0,155855.2935180664,0,0,4112314368,0,378789888,0
200,1788375820605,3191,3191,0,0,0,155855.2935180664,0,0,4112314368,0,378789888,0
200,1788375820806,3191,3191,0,0,0,155855.2935180664,0,0,4112314368,0,378789888,0
200,1788375821006,3191,3191,0,0,0,155855.2935180664,0,0,4112314368,0,378789888,0
200,1788375821206,3191,3191,0,0,0,155855.2935180664,0,0,4112314368,0,378789888,0
200,1788375821406,3191,3191,0,0,0,155855.2935180664,0,0,4112314368,0,378789888,0
200,1788375821606,3191,3191,0,0,0,155855.30029296875,0,0,4112314368,0,378789888,0
200,1788375821806,3191,3191,0,0,0,155855.30029296875,0,0,4112314368,0,378789888,0
200,1788375822006,3191,3191,0,0,0,155855.30029296875,0,0,4112314368,0,378789888,0
200,1788375822207,3191,3191,0,0,0,155855.30029296875,0,0,4112314368,0,378789888,0
200,1788375822407,3191,3191,0,0,0,155855.30029296875,0,0,4112314368,0,378789888,0
200,1788375822607,3191,3191,0,0,0,155855.30029296875,0,0,4112314368,0,378789888,0
200,1788375822808,3191,3191,0,0,0,155855.30029296875,0,0,4112314368,0,378789888,0
200,1788375823008,3191,3191,0,0,0,155855.30029296875,0,0,4112314368,0,378789888,0
200,1788375823208,3191,3191,0,0,0,155855.30029296875,0,0,4112314368,0,378789888,0
200,1788375823409,3191,3191,0,0,0,155855.30029296875,0,0,4112314368,0,378789888,0
200,1788375823609,3191,3191,0,0,0,155855.30029296875,0,0,4112314368,0,378789888,0
200,1788375823809,3191,3191,0,0,0,155855.30029296875,0,0,4112314368,0,378789888,0
200,1788375824010,3191,3191,0,0,0,155855.30029296875,0,0,4112314368,0,378789888,0
200,1788375824210,3191,3191,0,0,0,155855.30029296875,0,0,4112314368,0,378789888,0
200,1788375824410,3191,3191,0,0,0,155855.30029296875,0,0,4112314368,0,378789888,0
200,1788375824610,3191,3191,0,0,0,155855.3125,0,0,4112314368,0,378789888,0
200,1788375824810,3191,3191,0,0,0,155855.3125,0,0,4112314368,0,378789888,0
200,1788375825010,3191,3191,0,0,0,155855.3125,0,0,4112314368,0,378789888,0
200,1788375825211,3191,3191,0,0,0,155855.3125,0,0,4112314368,0,378789888,0
200,1788375825411,3191,3191,0,0,0,155855.3125,0,0,4112314368,0,378789888,0
200,1788375825611,3191,3191,4.761904716491699,0,0,155855.3125,0,0,4112314368,0,378781696,0
200,1788375825811,3191,3191,0,0,0,155855.3125,0,0,4112314368,0,378781696,0
200,1788375826012,3191,3191,0,0,0,155855.3125,0,0,4112314368,0,378781696,0
200,1788375826212,3191,3191,0,0,0,155855.3125,0,0,4112314368,0,378781696,0
200,1788375826412,3191,3191,0,0,0,155855.3125,0,0,4112314368,0,378781696,0
200,1788375826612,3191,3191,0,0,0,155855.3125,0,0,4112314368,0,378781696,0
200,1788375826813,3191,3191,0,0,0,155855.3125,0,0,4112314368,0,378781696,0
200,1788375827013,3191,3191,0,0,0,155855.3125,0,0,4112314368,0,378781696,0
200,1788375827213,3191,3191,0,0,0,155855.3125,0,0,4112314368,0,378781696,0
200,1788375827414,3191,3191,0,0,0,155855.3125,0,0,4112314368,0,378781696,0
200,1788375827614,3191,3191,0,0,0,155855.31939697266,0,0,4112314368,0,378781696,0
200,1788375827814,3191,3191,0,0,0,155855.31939697266,0,0,4112314368,0,378781696,0
200,1788375828014,3191,3191,0,0,0,155855.31939697266,0,0,4112314368,0,378781696,0
200,1788375828215,3191,3191,0,0,0,155855.31939697266,0,0,4112314368,0,378781696,0
200,1788375828415,3191,3191,0,0,0,155855.31939697266,0,0,4112314368,0,378781696,0
200,1788375828615,3191,3191,0,0,0,155855.31939697266,0,0,4112314368,0,378781696,0
200,1788375828816,3191,3191,0,0,0,155855.31939697266,0,0,4112314368,0,378781696,0
200,1788375829016,3191,3191,0,0,0,155855.31939697266,0,0,4112314368,0,378781696,0
200,1788375829216,3191,3191,0,0,0,155855.31939697266,0,0,4112314368,0,378781696,0
200,1788375829417,3191,3191,0,0,0,155855.31939697266,0,0,4112314368,0,378781696,0
200,1788375829617,3191,3191,0,0,0,155855.31939697266,0,0,4112314368,0,378781696,0
200,1788375829818,3191,3191,0,0,0,155855.31939697266,0,0,4112314368,0,378781696,0
200,1788375830018,3191,3191,0,0,0,155855.31939697266,0,0,4112314368,0,378781696,0
200,1788375830218,3191,3191,0,0,0,155855.31939697266,0,0,4112314368,0,378781696,0
200,1788375830418,3191,3191,0,0,0,155855.31939697266,0,0,4112314368,0,378781696,0
200,1788375830619,3191,3191,0,0,0,155855.31939697266,0,0,4112314368,0,378781696,0
200,1788375830819,3191,3191,0,0,0,155855.31939697266,0,0,4112314368,0,378781696,0
200,1788375831019,3191,3191,0,0,0,155855.31939697266,0,0,4112314368,0,378781696,0
200,1788375831220,3191,3191,0,0,0,155855.31939697266,0,0,4112314368,0,378781696,0
200,1788375831420,3191,3191,0,0,0,155855.31939697266,0,0,4112314368,0,378781696,0
200,1788375831620,3191,3191,0,0,0,155855.33221435547,0,0,4112314368,0,378781696,0
200,1788375831820,3191,3191,0,0,0,155855.33221435547,0,0,4112314368,0,378781696,0
200,1788375832021,3191,3191,0,0,0,155855.33221435547,0,0,4112314368,0,378781696,0
200,1788375832221,3191,3191,0,0,0,155855.33221435547,0,0,4112314368,0,378781696,0
200,1788375832422,3191,3191,0,0,0,155855.33221435547,0,0,4112314368,0,378781696,0
200,1788375832622,3191,3191,0,0,0,155855.3383178711,0,0,4112314368,0,378781696,0
200,1788375832822,3191,3191,0,0,0,155855.3383178711,0,0,4112314368,0,378781696,0
200,1788375833022,3191,3191,0,0,0,155855.3383178711,0,0,4112314368,0,378781696,0
200,1788375833223,3191,3191,0,0,0,155855.3383178711,0,0,4112314368,0,378781696,0
200,1788375833423,3191,3191,0,0,0,155855.3383178711,0,0,4112314368,0,378781696,0
200,1788375833623,3191,3191,0,0,0,155855.3383178711,0,0,4112314368,0,378781696,0
200,1788375833823,3191,3191,0,0,0,155855.3383178711,0,0,4112314368,0,378781696,0
200,1788375834024,3191,3191,0,0,0,155855.3383178711,0,0,4112314368,0,378781696,0
200,1788375834224,3191,3191,0,0,0,155855.3383178711,0,0,4112314368,0,378781696,0
200,1788375834425,3191,3191,0,0,0,155855.3383178711,0,0,4112314368,0,378781696,0
200,1788375834625,3191,3191,0,0,0,155855.34454345703,0,0,4112314368,0,378781696,0
200,1788375834825,3191,3191,0,0,0,155855.34454345703,0,0,4112314368,0,378781696,0
200,1788375835026,3191,3191,0,0,0,155855.34454345703,0,0,4112314368,0,378781696,0
200,1788375835226,3191,3191,0,0,0,155855.34454345703,0,0,4112314368,0,378781696,0
200,1788375835426,3191,3191,0,0,0,155855.34454345703,0,0,4112314368,0,378781696,0
200,1788375835626,3191,3191,0,0,0,155855.34454345703,0,0,4112314368,0,378781696,0
200,1788375835826,3191,3191,0,0,0,155855.34454345703,0,0,4112314368,0,378781696,0
200,1788375836027,3191,3191,0,0,0,155855.34454345703,0,0,4112314368,0,378781696,0
200,1788375836227,3191,3191,0,0,0,155855.34454345703,0,0,4112314368,0,378781696,0
200,1788375836427,3191,3191,0,0,0,155855.34454345703,0,0,4112314368,0,378781696,0
200,1788375836627,3191,3191,0,0,0,155855.34454345703,0,0,4112314368,0,378781696,0
200,1788375836828,3191,3191,4.761904716491699,0,0,155855.34454345703,0,0,4112314368,0,378781696,0
200,1788375837028,3191,3191,0,0,0,155855.34454345703,0,0,4112314368,0,378781696,0
200,1788375837228,3191,3191,0,0,0,155855.34454345703,0,0,4112314368,0,378781696,0
200,1788375837429,3191,3191,0,0,0,155855.34454345703,0,0,4112314368,0,378781696,0
200,1788375837629,3191,3191,0,0,0,155855.35076904297,0,0,4112314368,0,378781696,0
200,1788375837829,3191,3191,0,0,0,155855.35076904297,0,0,4112314368,0,378781696,0
200,1788375838030,3191,3191,0,0,0,155855.35076904297,0,0,4112314368,0,378781696,0
200,1788375838230,3191,3191,0,0,0,155855.35076904297,0,0,4112314368,0,378781696,0
200,1788375838430,3191,3191,0,0,0,155855.35076904297,0,0,4112314368,0,378781696,0
200,1788375838630,3191,3191,0,0,0,155855.35076904297,0,0,4112314368,0,378781696,0
200,1788375838831,3191,3191,0,0,0,155855.35076904297,0,0,4112314368,0,378781696,0
200,1788375839031,3191,3191,0,0,0,155855.35076904297,0,0,4112314368,0,378781696,0
200,1788375839231,3191,3191,0,0,0,155855.35076904297,0,0,4112314368,0,378781696,0
200,1788375839432,3191,3191,4.761904716491699,0,0,155855.35076904297,0,0,4112314368,0,378781696,0
200,1788375839632,3191,3191,0,0,0,155855.35076904297,0,0,4112314368,0,378781696,0
200,1788375839832,3191,3191,0,0,0,155855.35076904297,0,0,4112314368,0,378781696,0
200,1788375840032,3191,3191,0,0,0,155855.35076904297,0,0,4112314368,0,378781696,0
200,1788375840233,3191,3191,0,0,0,155855.35076904297,0,0,4112314368,0,378781696,0
200,1788375840433,3191,3191,0,0,0,155855.35076904297,0,0,4112314368,0,378781696,0
200,1788375840633,3191,3191,0,0,0,155855.35076904297,0,0,4112314368,0,378781696,0
200,1788375840834,3191,3191,0,0,0,155855.35076904297,0,0,4112314368,0,378781696,0
200,1788375841034,3191,3191,0,0,0,155855.35076904297,0,0,4112314368,0,378781696,0
200,1788375841234,3191,3191,0,0,0,155855.35076904297,0,0,4112314368,0,378781696,0
200,1788375841434,3191,3191,0,0,0,155855.35076904297,0,0,4112314368,0,378781696,0
200,1788375841634,3191,3191,0,0,0,155855.36364746094,0,0,4112314368,0,378781696,0
200,1788375841834,3191,3191,0,0,0,155855.36364746094,0,0,4112314368,0,378781696,0
200,1788375842035,3191,3191,0,0,0,155855.36364746094,0,0,4112314368,0,378781696,0
200,1788375842235,3191,3191,0,0,0,155855.36364746094,0,0,4112314368,0,378781696,0
200,1788375842435,3191,3191,0,0,0,155855.36364746094,0,0,4112314368,0,378781696,0
200,1788375842635,3191,3191,0,0,0,155855.36364746094,0,0,4112314368,0,378781696,0
200,1788375842836,3191,3191,0,0,0,155855.36364746094,0,0,4112314368,0,378781696,0
200,1788375843036,3191,3191,0,0,0,155855.36364746094,0,0,4112314368,0,378781696,0
200,1788375843237,3191,3191,0,0,0,155855.36364746094,0,0,4112314368,0,378781696,0
200,1788375843437,3191,3191,0,0,0,155855.36364746094,0,0,4112314368,0,378781696,0
200,1788375843637,3191,3191,0,0,0,155855.36364746094,0,0,4112314368,0,378781696,0
200,1788375843838,3191,3191,0,0,0,155855.36364746094,0,0,4112314368,0,378781696,0
200,1788375844038,3191,3191,0,0,0,155855.36364746094,0,0,4112314368,0,378781696,0
200,1788375844238,3191,3191,0,0,0,155855.36364746094,0,0,4112314368,0,378781696,0
200,1788375844438,3191,3191,0,0,0,155855.36364746094,0,0,4112314368,0,378781696,0
200,1788375844639,3191,3191,0,0,0,155855.3699951172,0,0,4112314368,0,378781696,0
200,1788375844839,3191,3191,0,0,0,155855.3699951172,0,0,4112314368,0,378781696,0
200,1788375845039,3191,3191,0,0,0,155855.3699951172,0,0,4112314368,0,378781696,0
200,1788375845240,3191,3191,0,4.761904716491699,0,155855.3699951172,0,0,4112314368,0,378781696,0
200,1788375845440,3191,3191,0,0,0,155855.3699951172,0,0,4112314368,0,378781696,0
200,1788375845640,3191,3191,0,0,0,155855.3699951172,0,0,4112314368,0,378781696,0
200,1788375845840,3191,3191,0,0,0,155855.3699951172,0,0,4112314368,0,378781696,0
200,1788375846040,3191,3191,0,0,0,155855.3699951172,0,0,4112314368,0,378781696,0
200,1788375846241,3191,3191,0,0,0,155855.3699951172,0,0,4112314368,0,378781696,0
200,1788375846441,3191,3191,0,0,0,155855.3699951172,0,0,4112314368,0,378781696,0
200,1788375846641,3191,3191,0,0,0,155855.3699951172,0,0,4112314368,0,378781696,0
200,1788375846841,3191,3191,0,0,0,155855.3699951172,0,0,4112314368,0,378781696,0
200,1788375847042,3191,3191,0,0,0,155855.3699951172,0,0,4112314368,0,378781696,0
200,1788375847242,3191,3191,0,0,0,155855.3699951172,0,0,4112314368,0,378781696,0
200,1788375847442,3191,3191,0,0,0,155855.3699951172,0,0,4112314368,0,378781696,0
200,1788375847643,3191,3191,0,0,0,155855.38232421875,0,0,4112314368,0,378781696,0
200,1788375847843,3191,3191,0,0,0,155855.38232421875,0,0,4112314368,0,378781696,0
200,1788375848043,3191,3191,0,0,0,155855.38232421875,0,0,4112314368,0,378781696,0
200,1788375848244,3191,3191,4.761904716491699,0,0,155855.38232421875,0,0,4112314368,0,378781696,0
200,1788375848444,3191,3191,0,0,0,155855.38232421875,0,0,4112314368,0,378781696,0
200,1788375848644,3191,3191,0,0,0,155855.38232421875,0,0,4112314368,0,378781696,0
200,1788375848844,3191,3191,0,0,0,155855.38232421875,0,0,4112314368,0,378781696,0
200,1788375849045,3191,3191,0,0,0,155855.38232421875,0,0,4112314368,0,378781696,0
200,1788375849245,3191,3191,0,0,0,155855.38232421875,0,0,4112314368,0,378781696,0
200,1788375849445,3191,3191,0,0,0,155855.38232421875,0,0,4112314368,0,378781696,0
200,1788375849646,3191,3191,0,0,0,155855.38232421875,0,0,4112314368,0,378781696,0
200,1788375849846,3191,3191,0,0,0,155855.38232421875,0,0,4112314368,0,378781696,0
200,1788375850046,3191,3191,0,0,0,155855.38232421875,0,0,4112314368,0,378781696,0
200,1788375850246,3191,3191,0,0,0,155855.38232421875,0,0,4112314368,0,378781696,0
200,1788375850446,3191,3191,0,0,0,155855.38232421875,0,0,4112314368,0,378781696,0
200,1788375850646,3191,3191,0,0,0,155855.38842773438,0,0,4112314368,0,378781696,0
200,1788375850847,3191,3191,0,0,0,155855.38842773438,0,0,4112314368,0,378781696,0
200,1788375851047,3191,3191,0,0,0,155855.38842773438,0,0,4112314368,0,378781696,0
200,1788375851247,3191,3191,0,0,0,155855.38842773438,0,0,4112314368,0,378781696,0
200,1788375851447,3191,3191,0,0,0,155855.38842773438,0,0,4112314368,0,378781696,0
200,1788375851647,3191,3191,0,4.761904716491699,0,155855.38842773438,0,0,4112314368,0,378781696,0
200,1788375851848,3191,3191,0,0,0,155855.38842773438,0,0,4112314368,0,378781696,0
200,1788375852048,3191,3191,0,0,0,155855.38842773438,0,0,4112314368,0,378781696,0
200,1788375852248,3191,3191,0,0,0,155855.38842773438,0,0,4112314368,0,378781696,0
200,1788375852449,3191,3191,0,0,0,155855.38842773438,0,0,4112314368,0,378781696,0
200,1788375852649,3191,3191,0,0,0,155855.38842773438,0,0,4112314368,0,378781696,0
200,1788375852850,3191,3191,0,0,0,155855.38842773438,0,0,4112314368,0,378781696,0
200,1788375853050,3191,3191,0,0,0,155855.38842773438,0,0,4112314368,0,378781696,0
200,1788375853250,3191,3191,0,0,0,155855.38842773438,0,0,4112314368,0,378781696,0
200,1788375853450,3191,3191,0,0,0,155855.38842773438,0,0,4112314368,0,378781696,0
200,1788375853650,3191,3191,0,0,0,155855.38842773438,0,0,4112314368,0,378781696,0
200,1788375853850,3191,3191,0,0,0,155855.38842773438,0,0,4112314368,0,378781696,0
200,1788375854051,3191,3191,0,0,0,155855.38842773438,0,0,4112314368,0,378781696,0
200,1788375854251,3191,3191,0,0,0,155855.38842773438,0,0,4112314368,0,378781696,0
200,1788375854451,3191,3191,0,0,0,155855.38842773438,0,0,4112314368,0,378781696,0
200,1788375854651,3191,3191,0,0,0,155855.38842773438,0,0,4112314368,0,378781696,0
200,1788375854851,3191,3191,0,0,0,155855.38842773438,0,0,4112314368,0,378781696,0
200,1788375855052,3191,3191,0,0,0,155855.38842773438,0,0,4112314368,0,378781696,0
200,1788375855252,3191,3191,0,0,0,155855.38842773438,0,0,4112314368,0,378781696,0
200,1788375855452,3191,3191,0,0,0,155855.38842773438,0,0,4112314368,0,378781696,0
200,1788375855652,3191,3191,0,0,0,155855.38842773438,0,0,4112314368,0,378781696,0
200,1788375855852,3191,3191,0,0,0,155855.38842773438,0,0,4112314368,0,378781696,0
200,1788375856052,3191,3191,0,0,0,155855.38842773438,0,0,4112314368,0,378781696,0
200,1788375856253,3191,3191,0,0,0,155855.38842773438,0,0,4112314368,0,378781696,0
200,1788375856453,3191,3191,0,0,0,155855.38842773438,0,0,4112314368,0,378781696,0
200,1788375856654,3191,3191,0,0,0,155855.435546875,0,0,4112314368,0,378781696,0
200,1788375856854,3191,3191,0,0,0,155855.435546875,0,0,4112314368,0,378781696,0
200,1788375857054,3191,3191,0,0,0,155855.435546875,0,0,4112314368,0,378781696,0
200,1788375857254,3191,3191,0,0,0,155855.435546875,0,0,4112314368,0,378781696,0
200,1788375857455,3191,3191,0,0,0,155855.435546875,0,0,4112314368,0,378781696,0
200,1788375857655,3191,3191,0,0,0,155855.435546875,0,0,4112314368,0,378781696,0
200,1788375857855,3191,3191,0,0,0,155855.435546875,0,0,4112314368,0,378781696,0
200,1788375858056,3191,3191,0,4.761904716491699,0,155855.435546875,0,0,4112314368,0,378781696,0
200,1788375858256,3191,3191,0,0,0,155855.435546875,0,0,4112314368,0,378781696,0
200,1788375858456,3191,3191,0,0,0,155855.435546875,0,0,4112314368,0,378781696,0
200,1788375858656,3191,3191,0,0,0,155855.44787597656,0,0,4112314368,0,378781696,0
200,1788375858857,3191,3191,0,0,0,155855.44787597656,0,0,4112314368,0,378781696,0
200,1788375859057,3191,3191,0,0,0,155855.44787597656,0,0,4112314368,0,378781696,0
200,1788375859257,3191,3191,0,0,0,155855.44787597656,0,0,4112314368,0,378781696,0
200,1788375859458,3191,3191,0,0,0,155855.44787597656,0,0,4112314368,0,378781696,0
200,1788375859658,3191,3191,0,0,0,155855.44787597656,0,0,4112314368,0,378781696,0
200,1788375859858,3191,3191,0,0,0,155855.44787597656,0,0,4112314368,0,378781696,0
200,1788375860058,3191,3191,0,0,0,155855.44787597656,0,0,4112314368,0,378781696,0
200,1788375860259,3191,3191,0,0,0,155855.44787597656,0,0,4112314368,0,378781696,0
200,1788375860459,3191,3191,0,0,0,155855.44787597656,0,0,4112314368,0,378781696,0
200,1788375860659,3191,3191,0,0,0,155855.44787597656,0,0,4112314368,0,378781696,0
200,1788375860860,3191,3191,0,0,0,155855.44787597656,0,0,4112314368,0,378781696,0
200,1788375861060,3191,3191,0,0,0,155855.44787597656,0,0,4112314368,0,378781696,0
200,1788375861260,3191,3191,0,0,0,155855.44787597656,0,0,4112314368,0,378781696,0
200,1788375861461,3191,3191,0,0,0,155855.44787597656,0,0,4112314368,0,378781696,0
200,1788375861661,3191,3191,0,0,0,155855.44787597656,0,0,4112314368,0,378781696,0
200,1788375861861,3191,3191,0,0,0,155855.44787597656,0,0,4112314368,0,378781696,0
200,1788375862061,3191,3191,0,0,0,155855.44787597656,0,0,4112314368,0,378781696,0
200,1788375862262,3191,3191,0,0,0,155855.44787597656,0,0,4112314368,0,378781696,0
200,1788375862462,3191,3191,0,0,0,155855.44787597656,0,0,4112314368,0,378781696,0
200,1788375862662,3191,3191,0,0,0,155855.44787597656,0,0,4112314368,0,378781696,0
200,1788375862862,3191,3191,0,0,0,155855.44787597656,0,0,4112314368,0,378781696,0
200,1788375863063,3191,3191,0,0,0,155855.44787597656,0,0,4112314368,0,378781696,0
200,1788375863263,3191,3191,0,0,0,155855.44787597656,0,0,4112314368,0,378781696,0
200,1788375863463,3191,3191,0,4.761904716491699,0,155855.44787597656,0,0,4112314368,0,378781696,0
200,1788375863663,3191,3191,0,0,0,155855.46697998047,0,0,4112314368,0,378781696,0
200,1788375863864,3191,3191,0,0,0,155855.46697998047,0,0,4112314368,0,378781696,0
200,1788375864064,3191,3191,0,0,0,155855.46697998047,0,0,4112314368,0,378781696,0
200,1788375864265,3191,3191,0,0,0,155855.46697998047,0,0,4112314368,0,378781696,0
200,1788375864465,3191,3191,0,0,0,155855.46697998047,0,0,4112314368,0,378781696,0
200,1788375864665,3191,3191,0,0,0,155855.46697998047,0,0,4112314368,0,378781696,0
200,1788375864866,3191,3191,0,0,0,155855.46697998047,0,0,4112314368,0,378781696,0
200,1788375865066,3191,3191,0,0,0,155855.46697998047,0,0,4112314368,0,378781696,0
200,1788375865266,3191,3191,0,0,0,155855.46697998047,0,0,4112314368,0,378781696,0
200,1788375865466,3191,3191,0,0,0,155855.46697998047,0,0,4112314368,0,378781696,0
200,1788375865667,3191,3191,0,0,0,155855.46697998047,0,0,4112314368,0,378781696,0
200,1788375865867,3191,3191,0,0,0,155855.46697998047,0,0,4112314368,0,378781696,0
200,1788375866067,3191,3191,0,4.761904716491699,0,155855.46697998047,0,0,4112314368,0,378781696,0
200,1788375866267,3191,3191,0,0,0,155855.46697998047,0,0,4112314368,0,378781696,0
200,1788375866467,3191,3191,0,0,0,155855.46697998047,0,0,4112314368,0,378781696,0
200,1788375866668,3191,3191,0,0,0,155855.46697998047,0,0,4112314368,0,378781696,0
200,1788375866868,3191,3191,0,0,0,155855.46697998047,0,0,4112314368,0,378781696,0
200,1788375867068,3191,3191,0,0,0,155855.46697998047,0,0,4112314368,0,378781696,0
200,1788375867268,3191,3191,0,0,0,155855.46697998047,0,0,4112314368,0,378781696,0
200,1788375867469,3191,3191,0,0,0,155855.46697998047,0,0,4112314368,0,378781696,0
200,1788375867669,3191,3191,0,0,0,155855.46697998047,0,0,4112314368,0,378781696,0
200,1788375867869,3191,3191,0,0,0,155855.46697998047,0,0,4112314368,0,378781696,0
200,1788375868070,3191,3191,0,0,0,155855.46697998047,0,0,4112314368,0,378781696,0
200,1788375868270,3191,3191,0,0,0,155855.46697998047,0,0,4112314368,0,378781696,0
200,1788375868470,3191,3191,0,0,0,155855.46697998047,0,0,4112314368,0,378781696,0
200,1788375868671,3191,3191,0,0,0,155855.46697998047,0,0,4112314368,0,378781696,0
200,1788375868871,3191,3191,0,0,0,155855.46697998047,0,0,4112314368,0,378781696,0
200,1788375869071,3191,3191,0,4.761904716491699,0,155855.46697998047,0,0,4112314368,0,378781696,0
200,1788375869271,3191,3191,0,0,0,155855.46697998047,0,0,4112314368,0,378781696,0
200,1788375869471,3191,3191,0,0,0,155855.46697998047,0,0,4112314368,0,378781696,0
200,1788375869672,3191,3191,0,0,0,155855.46697998047,0,0,4112314368,0,378781696,0
200,1788375869872,3191,3191,0,0,0,155855.46697998047,0,0,4112314368,0,378781696,0
200,1788375870072,3191,3191,0,0,0,155855.46697998047,0,0,4112314368,0,378781696,0
200,1788375870273,3191,3191,0,0,0,155855.46697998047,0,0,4112314368,0,378781696,0
200,1788375870473,3191,3191,0,0,0,155855.46697998047,0,0,4112314368,0,378781696,0
200,1788375870674,3191,3191,0,0,0,155855.46697998047,0,0,4112314368,0,378781696,0
200,1788375870874,3191,3191,0,0,0,155855.46697998047,0,0,4112314368,0,378781696,0
200,1788375871074,3191,3191,0,0,0,155855.46697998047,0,0,4112314368,0,378781696,0
200,1788375871274,3191,3191,0,0,0,155855.46697998047,0,0,4112314368,0,378781696,0
200,1788375871475,3191,3191,0,0,0,155855.46697998047,0,0,4112314368,0,378781696,0
200,1788375871675,3191,3191,0,0,0,155855.51037597656,0,0,4112314368,0,378781696,0
200,1788375871875,3191,3191,0,0,0,155855.51037597656,0,0,4112314368,0,378781696,0
200,1788375872075,3191,3191,0,0,0,155855.51037597656,0,0,4112314368,0,378781696,0
200,1788375872276,3191,3191,0,0,0,155855.51037597656,0,0,4112314368,0,378781696,0
200,1788375872476,3191,3191,0,0,0,155855.51037597656,0,0,4112314368,0,378781696,0
200,1788375872676,3191,3191,0,0,0,155855.51037597656,0,0,4112314368,0,378781696,0
200,1788375872876,3191,3191,0,0,0,155855.51037597656,0,0,4112314368,0,378781696,0
200,1788375873077,3191,3191,0,0,0,155855.51037597656,0,0,4112314368,0,378781696,0
200,1788375873277,3191,3191,0,0,0,155855.51037597656,0,0,4112314368,0,378781696,0
200,1788375873477,3191,3191,0,0,0,155855.51037597656,0,0,4112314368,0,378781696,0
200,1788375873678,3191,3191,0,0,0,155855.51037597656,0,0,4112314368,0,378781696,0
200,1788375873878,3191,3191,0,0,0,155855.51037597656,0,0,4112314368,0,378781696,0
200,1788375874078,3191,3191,0,0,0,155855.51037597656,0,0,4112314368,0,378781696,0
200,1788375874278,3191,3191,0,0,0,155855.51037597656,0,0,4112314368,0,378781696,0
200,1788375874479,3191,3191,0,0,0,155855.51037597656,0,0,4112314368,0,378781696,0
200,1788375874679,3191,3191,0,0,0,155855.52471923828,0,0,4112314368,0,378781696,0
200,1788375874879,3191,3191,0,4.761904716491699,0,155855.52471923828,0,0,4112314368,0,378781696,0
200,1788375875080,3191,3191,0,0,0,155855.52471923828,0,0,4112314368,0,378781696,0
200,1788375875280,3191,3191,0,0,0,155855.52471923828,0,0,4112314368,0,378781696,0
200,1788375875480,3191,3191,0,0,0,155855.52471923828,0,0,4112314368,0,378781696,0
200,1788375875681,3191,3191,0,0,0,155855.52471923828,0,0,4112314368,0,378781696,0
200,1788375875881,3191,3191,0,0,0,155855.52471923828,0,0,4112314368,0,378781696,0
200,1788375876081,3191,3191,0,0,0,155855.52471923828,0,0,4112314368,0,378781696,0
200,1788375876281,3191,3191,0,0,0,155855.52471923828,0,0,4112314368,0,378781696,0
200,1788375876482,3191,3191,0,0,0,155855.52471923828,0,0,4112314368,0,378781696,0
200,1788375876682,3191,3191,0,0,0,155855.52471923828,0,0,4112314368,0,378781696,0
200,1788375876882,3191,3191,0,0,0,155855.52471923828,0,0,4112314368,0,378781696,0
200,1788375877082,3191,3191,0,0,0,155855.52471923828,0,0,4112314368,0,378781696,0
200,1788375877282,3191,3191,0,0,0,155855.52471923828,0,0,4112314368,0,378781696,0
200,1788375877483,3191,3191,0,0,0,155855.52471923828,0,0,4112314368,0,378781696,0
200,1788375877683,3191,3191,0,0,0,155855.52471923828,0,0,4112314368,0,378781696,0
200,1788375877883,3191,3191,0,0,0,155855.52471923828,0,0,4112314368,0,378781696,0
200,1788375878084,3191,3191,0,0,0,155855.52471923828,0,0,4112314368,0,378781696,0
200,1788375878284,3191,3191,0,0,0,155855.52471923828,0,0,4112314368,0,378781696,0
200,1788375878484,3191,3191,0,0,0,155855.52471923828,0,0,4112314368,0,378781696,0
200,1788375878685,3191,3191,0,0,0,155855.52471923828,0,0,4112314368,0,378781696,0
200,1788375878885,3191,3191,0,0,0,155855.52471923828,0,0,4112314368,0,378781696,0
200,1788375879086,3191,3191,0,0,0,155855.52471923828,0,0,4112314368,0,378781696,0
200,1788375879286,3191,3191,0,0,0,155855.52471923828,0,0,4112314368,0,378781696,0
200,1788375879486,3191,3191,0,0,0,155855.52471923828,0,0,4112314368,0,378781696,0
200,1788375879686,3191,3191,0,0,0,155855.52471923828,0,0,4112314368,0,378781696,0
200,1788375879887,3191,3191,0,0,0,155855.52471923828,0,0,4112314368,0,378781696,0
200,1788375880087,3191,3191,0,0,0,155855.52471923828,0,0,4112314368,0,378781696,0
200,1788375880287,3191,3191,0,0,0,155855.52471923828,0,0,4112314368,0,378781696,0
200,1788375880487,3191,3191,0,0,0,155855.52471923828,0,0,4112314368,0,378781696,0
200,1788375880687,3191,3191,0,0,0,155855.54986572266,0,0,4112314368,0,378781696,0
200,1788375880887,3191,3191,0,0,0,155855.54986572266,0,0,4112314368,0,378781696,0
200,1788375881088,3191,3191,0,0,0,155855.54986572266,0,0,4112314368,0,378781696,0
200,1788375881288,3191,3191,0,0,0,155855.54986572266,0,0,4112314368,0,378781696,0
200,1788375881488,3191,3191,0,0,0,155855.54986572266,0,0,4112314368,0,378781696,0
200,1788375881689,3191,3191,0,0,0,155855.54986572266,0,0,4112314368,0,378781696,0
200,1788375881889,3191,3191,0,0,0,155855.54986572266,0,0,4112314368,0,378781696,0
200,1788375882089,3191,3191,0,0,0,155855.54986572266,0,0,4112314368,0,378781696,0
200,1788375882290,3191,3191,0,0,0,155855.54986572266,0,0,4112314368,0,378781696,0
200,1788375882490,3191,3191,0,0,0,155855.54986572266,0,0,4112314368,0,378781696,0
200,1788375882690,3191,3191,0,0,0,155855.54986572266,0,0,4112314368,0,378781696,0
200,1788375882890,3191,3191,0,0,0,155855.54986572266,0,0,4112314368,0,378781696,0
200,1788375883090,3191,3191,0,0,0,155855.54986572266,0,0,4112314368,0,378781696,0
200,1788375883291,3191,3191,0,0,0,155855.54986572266,0,0,4112314368,0,378781696,0
200,1788375883491,3191,3191,0,0,0,155855.54986572266,0,0,4112314368,0,378781696,0
200,1788375883691,3191,3191,0,0,0,155855.56903076172,0,0,4112314368,0,378781696,0
200,1788375883891,3191,3191,0,0,0,155855.56903076172,0,0,4112314368,0,378781696,0
200,1788375884092,3191,3191,0,0,0,155855.56903076172,0,0,4112314368,0,378781696,0
200,1788375884292,3191,3191,0,0,0,155855.56903076172,0,0,4112314368,0,378781696,0
200,1788375884492,3191,3191,0,0,0,155855.56903076172,0,0,4112314368,0,378781696,0
200,1788375884693,3191,3191,0,0,0,155855.56903076172,0,0,4112314368,0,378781696,0
200,1788375884893,3191,3191,0,0,0,155855.56903076172,0,0,4112314368,0,378781696,0
200,1788375885093,3191,3191,0,0,0,155855.56903076172,0,0,4112314368,0,378781696,0
200,1788375885294,3191,3191,0,0,0,155855.56903076172,0,0,4112314368,0,378781696,0
200,1788375885494,3191,3191,0,0,0,155855.56903076172,0,0,4112314368,0,378781696,0
200,1788375885694,3191,3191,0,0,0,155855.56903076172,0,0,4112314368,0,378781696,0
200,1788375885894,3191,3191,0,0,0,155855.56903076172,0,0,4112314368,0,378781696,0
200,1788375886094,3191,3191,0,0,0,155855.56903076172,0,0,4112314368,0,378781696,0
200,1788375886295,3191,3191,0,0,0,155855.56903076172,0,0,4112314368,0,378781696,0
200,1788375886495,3191,3191,0,0,0,155855.56903076172,0,0,4112314368,0,378781696,0
200,1788375886695,3191,3191,0,0,0,155855.58728027344,0,0,4112314368,0,378781696,0
200,1788375886896,3191,3191,0,0,0,155855.58728027344,0,0,4112314368,0,378781696,0
200,1788375887096,3191,3191,0,0,0,155855.58728027344,0,0,4112314368,0,378781696,0
200,1788375887296,3191,3191,0,0,0,155855.58728027344,0,0,4112314368,0,378781696,0
200,1788375887497,3191,3191,0,0,0,155855.58728027344,0,0,4112314368,0,378781696,0
200,1788375887697,3191,3191,0,0,0,155855.58728027344,0,0,4112314368,0,378781696,0
200,1788375887897,3191,3191,0,0,0,155855.58728027344,0,0,4112314368,0,378781696,0
200,1788375888098,3191,3191,0,0,0,155855.58728027344,0,0,4112314368,0,378781696,0
200,1788375888298,3191,3191,0,0,0,155855.58728027344,0,0,4112314368,0,378781696,0
200,1788375888498,3191,3191,0,0,0,155855.58728027344,0,0,4112314368,0,378781696,0
200,1788375888698,3191,3191,0,0,0,155855.58728027344,0,0,4112314368,0,378781696,0
200,1788375888899,3191,3191,0,0,0,155855.58728027344,0,0,4112314368,0,378781696,0
200,1788375889099,3191,3191,0,0,0,155855.58728027344,0,0,4112314368,0,378781696,0
200,1788375889299,3191,3191,0,0,0,155855.58728027344,0,0,4112314368,0,378781696,0
200,1788375889500,3191,3191,4.761904716491699,0,0,155855.58728027344,0,0,4112314368,0,378781696,0
200,1788375889700,3191,3191,0,0,0,155855.59936523438,0,0,4112314368,0,378781696,0
200,1788375889900,3191,3191,0,0,0,155855.59936523438,0,0,4112314368,0,378781696,0
200,1788375890101,3191,3191,0,0,0,155855.59936523438,0,0,4112314368,0,378781696,0
200,1788375890301,3191,3191,0,0,0,155855.59936523438,0,0,4112314368,0,378781696,0
200,1788375890501,3191,3191,0,0,0,155855.59936523438,0,0,4112314368,0,378781696,0
200,1788375890702,3191,3191,0,0,0,155855.59936523438,0,0,4112314368,0,378781696,0
200,1788375890902,3191,3191,0,0,0,155855.59936523438,0,0,4112314368,0,378781696,0
200,1788375891102,3191,3191,0,0,0,155855.59936523438,0,0,4112314368,0,378781696,0
200,1788375891302,3191,3191,0,0,0,155855.59936523438,0,0,4112314368,0,378781696,0
200,1788375891503,3191,3191,0,0,0,155855.59936523438,0,0,4112314368,0,378781696,0
200,1788375891703,3191,3191,0,0,0,155855.59936523438,0,0,4112314368,0,378781696,0
200,1788375891903,3191,3191,0,0,0,155855.59936523438,0,0,4112314368,0,378781696,0
200,1788375892104,3191,3191,0,0,0,155855.59936523438,0,0,4112314368,0,378781696,0
200,1788375892304,3191,3191,0,0,0,155855.59936523438,0,0,4112314368,0,378781696,0
200,1788375892504,3191,3191,0,0,0,155855.59936523438,0,0,4112314368,0,378781696,0
200,1788375892704,3191,3191,0,0,0,155855.6060180664,0,0,4112314368,0,378781696,0
200,1788375892905,3191,3191,0,0,0,155855.6060180664,0,0,4112314368,0,378781696,0
200,1788375893105,3191,3191,0,0,0,155855.6060180664,0,0,4112314368,0,378781696,0
200,1788375893306,3191,3191,0,0,0,155855.6060180664,0,0,4112314368,0,378781696,0
200,1788375893506,3191,3191,0,0,0,155855.6060180664,0,0,4112314368,0,378781696,0
200,1788375893706,3191,3191,0,0,0,155855.6060180664,0,0,4112314368,0,378781696,0
200,1788375893906,3191,3191,0,0,0,155855.6060180664,0,0,4112314368,0,378781696,0
200,1788375894107,3191,3191,0,0,0,155855.6060180664,0,0,4112314368,0,378781696,0
200,1788375894307,3191,3191,0,0,0,155855.6060180664,0,0,4112314368,0,378781696,0
200,1788375894507,3191,3191,0,0,0,155855.6060180664,0,0,4112314368,0,378781696,0
200,1788375894707,3191,3191,0,0,0,155855.6060180664,0,0,4112314368,0,378781696,0
200,1788375894908,3191,3191,0,0,0,155855.6060180664,0,0,4112314368,0,378781696,0
200,1788375895108,3191,3191,0,0,0,155855.6060180664,0,0,4112314368,0,378781696,0
200,1788375895308,3191,3191,0,0,0,155855.6060180664,0,0,4112314368,0,378781696,0
200,1788375895508,3191,3191,0,0,0,155855.6060180664,0,0,4112314368,0,378781696,0
200,1788375895709,3191,3191,0,0,0,155855.62103271484,0,0,4112314368,0,378773504,0
200,1788375895909,3191,3191,0,0,0,155855.62103271484,0,0,4112314368,0,378773504,0
200,1788375896109,3191,3191,0,0,0,155855.62103271484,0,0,4112314368,0,378773504,0
200,1788375896309,3191,3191,0,0,0,155855.62103271484,0,0,4112314368,0,378773504,0
200,1788375896510,3191,3191,0,0,0,155855.62103271484,0,0,4112314368,0,378773504,0
200,1788375896710,3191,3191,0,0,0,155855.62103271484,0,0,4112314368,0,378773504,0
200,1788375896910,3191,3191,0,0,0,155855.62103271484,0,0,4112314368,0,378773504,0
200,1788375897110,3191,3191,0,0,0,155855.62103271484,0,0,4112314368,0,378773504,0
200,1788375897311,3191,3191,0,0,0,155855.62103271484,0,0,4112314368,0,378773504,0
200,1788375897511,3191,3191,0,0,0,155855.62103271484,0,0,4112314368,0,378773504,0
200,1788375897711,3191,3191,4.761904716491699,0,0,155855.62103271484,0,0,4112314368,0,378773504,0
200,1788375897912,3191,3191,0,0,0,155855.62103271484,0,0,4112314368,0,378773504,0
200,1788375898112,3191,3191,0,0,0,155855.62103271484,0,0,4112314368,0,378773504,0
200,1788375898312,3191,3191,0,0,0,155855.62103271484,0,0,4112314368,0,378773504,0
200,1788375898513,3191,3191,0,0,0,155855.62103271484,0,0,4112314368,0,378773504,0
200,1788375898713,3191,3191,0,0,0,155855.64056396484,0,0,4112314368,0,378773504,0
200,1788375898914,3191,3191,0,0,0,155855.64056396484,0,0,4112314368,0,378773504,0
200,1788375899114,3191,3191,0,0,0,155855.64056396484,0,0,4112314368,0,378773504,0
200,1788375899314,3191,3191,0,0,0,155855.64056396484,0,0,4112314368,0,378773504,0
200,1788375899515,3191,3191,0,0,0,155855.64056396484,0,0,4112314368,0,378773504,0
200,1788375899715,3191,3191,0,0,0,155855.64056396484,0,0,4112314368,0,378773504,0
200,1788375899915,3191,3191,0,0,0,155855.64056396484,0,0,4112314368,0,378773504,0
200,1788375900115,3191,3191,0,0,0,155855.64056396484,0,0,4112314368,0,378773504,0
200,1788375900316,3191,3191,0,0,0,155855.64056396484,0,0,4112314368,0,378773504,0
200,1788375900516,3191,3191,0,0,0,155855.64056396484,0,0,4112314368,0,378773504,0
200,1788375900716,3191,3191,0,0,0,155855.64056396484,0,0,4112314368,0,378773504,0
200,1788375900917,3191,3191,0,0,0,155855.64056396484,0,0,4112314368,0,378773504,0
200,1788375901117,3191,3191,0,0,0,155855.64056396484,0,0,4112314368,0,378773504,0
200,1788375901318,3191,3191,0,0,0,155855.64056396484,0,0,4112314368,0,378773504,0
200,1788375901518,3191,3191,0,0,0,155855.64056396484,0,0,4112314368,0,378773504,0
200,1788375901718,3191,3191,0,0,0,155855.64056396484,0,0,4112314368,0,378773504,0
200,1788375901918,3191,3191,0,0,0,155855.64056396484,0,0,4112314368,0,378773504,0
200,1788375902119,3191,3191,0,0,0,155855.64056396484,0,0,4112314368,0,378773504,0
200,1788375902319,3191,3191,0,0,0,155855.64056396484,0,0,4112314368,0,378773504,0
200,1788375902519,3191,3191,0,0,0,155855.64056396484,0,0,4112314368,0,378773504,0
200,1788375902720,3191,3191,0,0,0,155855.64782714844,0,0,4112314368,0,378773504,0
200,1788375902920,3191,3191,0,0,0,155855.64782714844,0,0,4112314368,0,378773504,0
200,1788375903120,3191,3191,0,0,0,155855.64782714844,0,0,4112314368,0,378773504,0
200,1788375903321,3191,3191,0,0,0,155855.64782714844,0,0,4112314368,0,378773504,0
200,1788375903521,3191,3191,0,0,0,155855.64782714844,0,0,4112314368,0,378773504,0
200,1788375903721,3191,3191,0,0,0,155855.65399169922,0,0,4112314368,0,378773504,0
200,1788375903922,3191,3191,0,0,0,155855.65399169922,0,0,4112314368,0,378773504,0
200,1788375904122,3191,3191,0,0,0,155855.65399169922,0,0,4112314368,0,378773504,0
200,1788375904322,3191,3191,0,0,0,155855.65399169922,0,0,4112314368,0,378773504,0
200,1788375904523,3191,3191,0,0,0,155855.65399169922,0,0,4112314368,0,378773504,0
200,1788375904723,3191,3191,0,0,0,155855.65399169922,0,0,4112314368,0,378773504,0
200,1788375904923,3191,3191,0,0,0,155855.65399169922,0,0,4112314368,0,378773504,0
200,1788375905123,3191,3191,4.761904716491699,0,0,155855.65399169922,0,0,4112314368,0,378773504,0
200,1788375905323,3191,3191,0,0,0,155855.65399169922,0,0,4112314368,0,378773504,0
200,1788375905524,3191,3191,0,0,0,155855.65399169922,0,0,4112314368,0,378773504,0
200,1788375905724,3191,3191,0,0,0,155855.65399169922,0,0,4112314368,0,378773504,0
200,1788375905924,3191,3191,0,0,0,155855.65399169922,0,0,4112314368,0,378773504,0
200,1788375906124,3191,3191,0,0,0,155855.65399169922,0,0,4112314368,0,378773504,0
200,1788375906325,3191,3191,0,0,0,155855.65399169922,0,0,4112314368,0,378773504,0
200,1788375906525,3191,3191,0,0,0,155855.65399169922,0,0,4112314368,0,378773504,0
200,1788375906725,3191,3191,0,0,0,155855.6724243164,0,0,4112314368,0,378773504,0
200,1788375906926,3191,3191,0,0,0,155855.6724243164,0,0,4112314368,0,378773504,0
200,1788375907126,3191,3191,0,0,0,155855.6724243164,0,0,4112314368,0,378773504,0
200,1788375907326,3191,3191,0,0,0,155855.6724243164,0,0,4112314368,0,378773504,0
200,1788375907526,3191,3191,0,0,0,155855.6724243164,0,0,4112314368,0,378773504,0
200,1788375907727,3191,3191,0,0,0,155855.6724243164,0,0,4112314368,0,378773504,0
200,1788375907927,3191,3191,0,0,0,155855.6724243164,0,0,4112314368,0,378773504,0
200,1788375908127,3191,3191,0,0,0,155855.6724243164,0,0,4112314368,0,378773504,0
200,1788375908328,3191,3191,0,0,0,155855.6724243164,0,0,4112314368,0,378773504,0
200,1788375908528,3191,3191,0,0,0,155855.6724243164,0,0,4112314368,0,378773504,0
200,1788375908728,3191,3191,0,0,0,155855.6724243164,0,0,4112314368,0,378773504,0
200,1788375908929,3191,3191,0,0,0,155855.6724243164,0,0,4112314368,0,378773504,0
200,1788375909129,3191,3191,0,0,0,155855.6724243164,0,0,4112314368,0,378773504,0
200,1788375909330,3191,3191,0,0,0,155855.6724243164,0,0,4112314368,0,378773504,0
200,1788375909530,3191,3191,0,0,0,155855.6724243164,0,0,4112314368,0,378773504,0
200,1788375909730,3191,3191,0,0,0,155855.6785888672,0,0,4112314368,0,378773504,0
200,1788375909930,3191,3191,0,0,0,155855.6785888672,0,0,4112314368,0,378773504,0
200,1788375910131,3191,3191,0,0,0,155855.6785888672,0,0,4112314368,0,378773504,0
200,1788375910331,3191,3191,0,0,0,155855.6785888672,0,0,4112314368,0,378773504,0
200,1788375910531,3191,3191,0,0,0,155855.6785888672,0,0,4112314368,0,378773504,0
200,1788375910731,3191,3191,0,0,0,155855.6785888672,0,0,4112314368,0,378773504,0
200,1788375910932,3191,3191,4.761904716491699,0,0,155855.6785888672,0,0,4112314368,0,378773504,0
200,1788375911132,3191,3191,0,0,0,155855.6785888672,0,0,4112314368,0,378773504,0
200,1788375911332,3191,3191,0,0,0,155855.6785888672,0,0,4112314368,0,378773504,0
200,1788375911532,3191,3191,0,0,0,155855.6785888672,0,0,4112314368,0,378773504,0
200,1788375911733,3191,3191,0,0,0,155855.6785888672,0,0,4112314368,0,378773504,0
200,1788375911933,3191,3191,0,0,0,155855.6785888672,0,0,4112314368,0,378773504,0
200,1788375912133,3191,3191,0,0,0,155855.6785888672,0,0,4112314368,0,378773504,0
200,1788375912333,3191,3191,0,0,0,155855.6785888672,0,0,4112314368,0,378773504,0
200,1788375912534,3191,3191,0,0,0,155855.6785888672,0,0,4112314368,0,378773504,0
200,1788375912734,3191,3191,0,0,0,155855.6915283203,0,0,4112314368,0,378773504,0
200,1788375912934,3191,3191,0,0,0,155855.6915283203,0,0,4112314368,0,378773504,0
200,1788375913134,3191,3191,0,0,0,155855.6915283203,0,0,4112314368,0,378773504,0
200,1788375913335,3191,3191,0,0,0,155855.6915283203,0,0,4112314368,0,378773504,0
200,1788375913535,3191,3191,0,0,0,155855.6915283203,0,0,4112314368,0,378773504,0
200,1788375913735,3191,3191,0,0,0,155855.6915283203,0,0,4112314368,0,378773504,0
200,1788375913935,3191,3191,0,0,0,155855.6915283203,0,0,4112314368,0,378773504,0
200,1788375914136,3191,3191,0,0,0,155855.6915283203,0,0,4112314368,0,378773504,0
200,1788375914336,3191,3191,0,0,0,155855.6915283203,0,0,4112314368,0,378773504,0
200,1788375914536,3191,3191,0,0,0,155855.6915283203,0,0,4112314368,0,378773504,0
200,1788375914736,3191,3191,0,0,0,155855.6915283203,0,0,4112314368,0,378773504,0
200,1788375914937,3191,3191,0,0,0,155855.6915283203,0,0,4112314368,0,378773504,0
200,1788375915137,3191,3191,0,0,0,155855.6915283203,0,0,4112314368,0,378773504,0
200,1788375915338,3191,3191,0,0,0,155855.6915283203,0,0,4112314368,0,378773504,0
200,1788375915538,3191,3191,0,0,0,155855.6915283203,0,0,4112314368,0,378773504,0
200,1788375915738,3191,3191,0,0,0,155855.7039794922,0,0,4112314368,0,378773504,0
200,1788375915938,3191,3191,0,0,0,155855.7039794922,0,0,4112314368,0,378773504,0
200,1788375916138,3191,3191,0,0,0,155855.7039794922,0,0,4112314368,0,378773504,0
200,1788375916339,3191,3191,0,0,0,155855.7039794922,0,0,4112314368,0,378773504,0
200,1788375916539,3191,3191,0,0,0,155855.7039794922,0,0,4112314368,0,378773504,0
200,1788375916739,3191,3191,0,0,0,155855.7039794922,0,0,4112314368,0,378773504,0
200,1788375916939,3191,3191,0,0,0,155855.7039794922,0,0,4112314368,0,378773504,0
200,1788375917139,3191,3191,0,0,0,155855.7039794922,0,0,4112314368,0,378773504,0
200,1788375917339,3191,3191,0,0,0,155855.7039794922,0,0,4112314368,0,378773504,0
200,1788375917540,3191,3191,0,0,0,155855.7039794922,0,0,4112314368,0,378773504,0
200,1788375917740,3191,3191,0,0,0,155855.7039794922,0,0,4112314368,0,378773504,0
200,1788375917940,3191,3191,0,0,0,155855.7039794922,0,0,4112314368,0,378773504,0
200,1788375918141,3191,3191,0,0,0,155855.7039794922,0,0,4112314368,0,378773504,0
200,1788375918341,3191,3191,0,0,0,155855.7039794922,0,0,4112314368,0,378773504,0
200,1788375918541,3191,3191,0,0,0,155855.7039794922,0,0,4112314368,0,378773504,0
200,1788375918742,3191,3191,0,0,0,155855.71209716797,0,0,4112314368,0,378773504,0
200,1788375918942,3191,3191,0,0,0,155855.71209716797,0,0,4112314368,0,378773504,0
200,1788375919142,3191,3191,0,0,0,155855.71209716797,0,0,4112314368,0,378773504,0
200,1788375919343,3191,3191,0,0,0,155855.71209716797,0,0,4112314368,0,378773504,0
200,1788375919543,3191,3191,0,0,0,155855.71209716797,0,0,4112314368,0,378773504,0
200,1788375919743,3191,3191,0,0,0,155855.71209716797,0,0,4112314368,0,378773504,0
200,1788375919943,3191,3191,0,0,0,155855.71209716797,0,0,4112314368,0,378773504,0
200,1788375920144,3191,3191,0,0,0,155855.71209716797,0,0,4112314368,0,378773504,0
200,1788375920344,3191,3191,0,0,0,155855.71209716797,0,0,4112314368,0,378773504,0
200,1788375920545,3191,3191,0,0,0,155855.71209716797,0,0,4112314368,0,378773504,0
200,1788375920745,3191,3191,0,0,0,155855.71209716797,0,0,4112314368,0,378773504,0
200,1788375920945,3191,3191,0,0,0,155855.71209716797,0,0,4112314368,0,378773504,0
0,1788375921146,3191,3191,0,0,0,155855.71209716797,0,0,4112314368,0,378773504,0
