Delta,Time,CPU_FREQUENCY_0,CPU_FREQUENCY_1,CPU_USAGE_0,CPU_USAGE_1,DRAM_ENERGY (J),PACKAGE_ENERGY (J),PP0_ENERGY (J),PP1_ENERGY (J),TOTAL_MEMORY,TOTAL_SWAP,USED_MEMORY,USED_SWAP
0,1788379449758,3191,3191,21.7391300201416,21.7391300201416,0,156796.29907226563,0,0,4112314368,0,926679040,0
200,1788379449758,3191,3191,21.7391300201416,21.7391300201416,0,156796.29907226563,0,0,4112314368,0,926679040,0
200,1788379449958,3191,3191,5,14.285715103149414,0,156796.29907226563,0,0,4112314368,0,926937088,0
200,1788379450158,3191,3191,15.000000953674316,18.18181800842285,0,156796.71813964844,0,0,4112314368,0,926937088,0
200,1788379450359,3191,3191,15.000000953674316,10.526315689086914,0,156796.71813964844,0,0,4112314368,0,926937088,0
200,1788379450559,3191,3191,13.636363983154297,5.263157844543457,0,156796.71813964844,0,0,4112314368,0,926937088,0
200,1788379450759,3191,3191,5.263157844543457,10,0,156796.71813964844,0,0,4112314368,0,926937088,0
200,1788379450959,3191,3191,10.526315689086914,25,0,156796.71813964844,0,0,4112314368,0,926937088,0
200,1788379451159,3191,3191,15.000000953674316,15.789472579956055,0,156797.1014404297,0,0,4112314368,0,926937088,0
200,1788379451359,3191,3191,21.7391300201416,15.000000953674316,0,156797.1014404297,0,0,4112314368,0,926937088,0
200,1788379451560,3191,3191,15.789472579956055,14.285715103149414,0,156797.1014404297,0,0,4112314368,0,926937088,0
200,1788379451760,3191,3191,10,10,0,156797.1014404297,0,0,4112314368,0,926937088,0
200,1788379451960,3191,3191,14.285715103149414,14.285715103149414,0,156797.1014404297,0,0,4112314368,0,926937088,0
200,1788379452160,3191,3191,15.000000953674316,22.72727394104004,0,156797.53491210938,0,0,4112314368,0,926937088,0
200,1788379452360,3191,3191,5.263157844543457,14.285715103149414,0,156797.53491210938,0,0,4112314368,0,926937088,0
200,1788379452560,3191,3191,14.285715103149414,5.263157844543457,0,156797.53491210938,0,0,4112314368,0,926937088,0
200,1788379452761,3191,3191,15.000000953674316,15.789472579956055,0,156797.53491210938,0,0,4112314368,0,926937088,0
200,1788379452961,3191,3191,14.285715103149414,15.000000953674316,0,156797.53491210938,0,0,4112314368,0,926937088,0
200,1788379453161,3191,3191,10,14.285715103149414,0,156797.95916748047,0,0,4112314368,0,926937088,0
200,1788379453361,3191,3191,10.526315689086914,10.526315689086914,0,156797.95916748047,0,0,4112314368,0,926937088,0
200,1788379453561,3191,3191,10,5.263157844543457,0,156797.95916748047,0,0,4112314368,0,926937088,0
200,1788379453762,3191,3191,19.047618865966797,19.047618865966797,0,156797.95916748047,0,0,4112314368,0,926937088,0
200,1788379453962,3191,3191,15.000000953674316,15.000000953674316,0,156797.95916748047,0,0,4112314368,0,926937088,0
200,1788379454162,3191,3191,10,10.526315689086914,0,156798.40295410156,0,0,4112314368,0,926937088,0
200,1788379454362,3191,3191,13.636363983154297,5,0,156798.40295410156,0,0,4112314368,0,926937088,0
200,1788379454562,3191,3191,10.526315689086914,15.000000953674316,0,156798.40295410156,0,0,4112314368,0,926937088,0
200,1788379454762,3191,3191,18.18181800842285,5.263157844543457,0,156798.40295410156,0,0,4112314368,0,926937088,0
200,1788379454963,3191,3191,5.263157844543457,18.18181800842285,0,156798.40295410156,0,0,4112314368,0,926937088,0
200,1788379455163,3191,3191,22.72727394104004,10.526315689086914,0,156798.7745361328,0,0,4112314368,0,926937088,0
200,1788379455363,3191,3191,10,14.285715103149414,0,156798.7745361328,0,0,4112314368,0,926937088,0
200,1788379455563,3191,3191,19.047618865966797,15.000000953674316,0,156798.7745361328,0,0,4112314368,0,926937088,0
200,1788379455764,3191,3191,10,18.18181800842285,0,156798.7745361328,0,0,4112314368,0,926937088,0
200,1788379455964,3191,3191,14.285715103149414,0,0,156798.7745361328,0,0,4112314368,0,926937088,0
200,1788379456164,3191,3191,14.285715103149414,14.285715103149414,0,156799.1849975586,0,0,4112314368,0,926937088,0
200,1788379456364,3191,3191,20,22.72727394104004,0,156799.1849975586,0,0,4112314368,0,926937088,0
200,1788379456564,3191,3191,18.18181800842285,5.555555820465088,0,156799.1849975586,0,0,4112314368,0,926937088,0
200,1788379456764,3191,3191,5.555555820465088,15.000000953674316,0,156799.1849975586,0,0,4112314368,0,926937088,0
200,1788379456964,3191,3191,14.285715103149414,18.18181800842285,0,156799.1849975586,0,0,4112314368,0,926937088,0
200,1788379457165,3191,3191,5.263157844543457,14.285715103149414,0,156799.86749267578,0,0,4112314368,0,926937088,0
200,1788379457365,3191,3191,10,10.526315689086914,0,156799.86749267578,0,0,4112314368,0,926937088,0
200,1788379457565,3191,3191,18.18181800842285,10,0,156799.86749267578,0,0,4112314368,0,926937088,0
200,1788379457765,3191,3191,10,18.18181800842285,0,156799.86749267578,0,0,4112314368,0,926937088,0
200,1788379457965,3191,3191,14.285715103149414,10,0,156799.86749267578,0,0,4112314368,0,926937088,0
200,1788379458165,3191,3191,10.526315689086914,19.047618865966797,0,156800.25225830078,0,0,4112314368,0,926937088,0
200,1788379458366,3191,3191,14.285715103149414,0,0,156800.25225830078,0,0,4112314368,0,926937088,0
200,1788379458566,3191,3191,10,15.000000953674316,0,156800.25225830078,0,0,4112314368,0,926937088,0
200,1788379458766,3191,3191,19.047618865966797,19.047618865966797,0,156800.25225830078,0,0,4112314368,0,926937088,0
200,1788379458966,3191,3191,13.636363983154297,5,0,156800.25225830078,0,0,4112314368,0,926937088,0
200,1788379459166,3191,3191,10.526315689086914,10,0,156800.60443115234,0,0,4112314368,0,926937088,0
200,1788379459366,3191,3191,14.285715103149414,15.789472579956055,0,156800.60443115234,0,0,4112314368,0,926937088,0
200,1788379459567,3191,3191,10,9.523809432983398,0,156800.60443115234,0,0,4112314368,0,926937088,0
200,1788379459767,3191,3191,19.047618865966797,10.526315689086914,0,156800.60443115234,0,0,4112314368,0,926937088,0
200,1788379459967,3191,3191,10,18.18181800842285,0,156800.60443115234,0,0,4112314368,0,926937088,0
200,1788379460168,3191,3191,22.72727394104004,10.526315689086914,0,156801.05633544922,0,0,4112314368,0,926937088,0
200,1788379460368,3191,3191,10,14.285715103149414,0,156801.05633544922,0,0,4112314368,0,926937088,0
200,1788379460568,3191,3191,5.263157844543457,14.285715103149414,0,156801.05633544922,0,0,4112314368,0,926937088,0
200,1788379460768,3191,3191,14.285715103149414,15.000000953674316,0,156801.05633544922,0,0,4112314368,0,926937088,0
200,1788379460968,3191,3191,15.000000953674316,10.526315689086914,0,156801.05633544922,0,0,4112314368,0,926937088,0
200,1788379461168,3191,3191,15.000000953674316,26.086956024169922,0,156801.42889404297,0,0,4112314368,0,926937088,0
200,1788379461368,3191,3191,21.7391300201416,15.789472579956055,0,156801.42889404297,0,0,4112314368,0,926937088,0
200,1788379461569,3191,3191,5.263157844543457,9.523809432983398,0,156801.42889404297,0,0,4112314368,0,926937088,0
200,1788379461769,3191,3191,18.18181800842285,14.285715103149414,0,156801.42889404297,0,0,4112314368,0,926937088,0
200,1788379461969,3191,3191,5,15.000000953674316,0,156801.42889404297,0,0,4112314368,0,926937088,0
200,1788379462169,3191,3191,10,14.285715103149414,0,156801.79748535156,0,0,4112314368,0,926937088,0
200,1788379462369,3191,3191,14.285715103149414,26.086956024169922,0,156801.79748535156,0,0,4112314368,0,926937088,0
200,1788379462570,3191,3191,10.526315689086914,15.000000953674316,0,156801.79748535156,0,0,4112314368,0,926937088,0
200,1788379462770,3191,3191,10,14.285715103149414,0,156801.79748535156,0,0,4112314368,0,926937088,0
200,1788379462970,3191,3191,14.285715103149414,5.555555820465088,0,156801.79748535156,0,0,4112314368,0,926937088,0
200,1788379463171,3191,3191,10.526315689086914,14.285715103149414,0,156802.23553466797,0,0,4112314368,0,926937088,0
200,1788379463371,3191,3191,14.285715103149414,15.000000953674316,0,156802.23553466797,0,0,4112314368,0,926937088,0
199,1788379463571,3191,3191,14.285715103149414,18.18181800842285,0,156802.23553466797,0,0,4112314368,0,926937088,0
200,1788379463771,3191,3191,10,15.000000953674316,0,156802.23553466797,0,0,4112314368,0,926937088,0
200,1788379463972,3191,3191,15.789472579956055,15.000000953674316,0,156802.23553466797,0,0,4112314368,0,926937088,0
200,1788379464172,3191,3191,10.526315689086914,18.18181800842285,0,156802.62213134766,0,0,4112314368,0,926937088,0
200,1788379464372,3191,3191,10,10,0,156802.62213134766,0,0,4112314368,0,926937088,0
200,1788379464572,3191,3191,10,14.285715103149414,0,156802.62213134766,0,0,4112314368,0,926937088,0
200,1788379464772,3191,3191,19.047618865966797,10.526315689086914,0,156802.62213134766,0,0,4112314368,0,926937088,0
200,1788379464972,3191,3191,45.45454788208008,33.333335876464844,0,156802.62213134766,0,0,4112314368,0,926937088,0
200,1788379465172,3191,3191,5.263157844543457,14.285715103149414,0,156803.19848632813,0,0,4112314368,0,926937088,0
200,1788379465373,3191,3191,15.000000953674316,20,0,156803.19848632813,0,0,4112314368,0,926937088,0
200,1788379465573,3191,3191,14.285715103149414,5,0,156803.19848632813,0,0,4112314368,0,926937088,0
200,1788379465773,3191,3191,10,5.263157844543457,0,156803.19848632813,0,0,4112314368,0,926937088,0
200,1788379465973,3191,3191,14.285715103149414,14.285715103149414,0,156803.19848632813,0,0,4112314368,0,926937088,0
200,1788379466174,3191,3191,10.526315689086914,22.72727394104004,0,156803.75329589844,0,0,4112314368,0,926937088,0
200,1788379466374,3191,3191,10.526315689086914,10.526315689086914,0,156803.75329589844,0,0,4112314368,0,926937088,0
200,1788379466574,3191,3191,15.000000953674316,10,0,156803.75329589844,0,0,4112314368,0,926937088,0
200,1788379466774,3191,3191,15.000000953674316,15.000000953674316,0,156803.75329589844,0,0,4112314368,0,926937088,0
200,1788379466974,3191,3191,14.285715103149414,10,0,156803.75329589844,0,0,4112314368,0,926937088,0
200,1788379467174,3191,3191,5,5,0,156804.2774658203,0,0,4112314368,0,926937088,0
200,1788379467375,3191,3191,20,27.272727966308594,0,156804.2774658203,0,0,4112314368,0,926937088,0
200,1788379467575,3191,3191,10,14.285715103149414,0,156804.2774658203,0,0,4112314368,0,926937088,0
200,1788379467775,3191,3191,10,14.285715103149414,0,156804.2774658203,0,0,4112314368,0,926937088,0
200,1788379467975,3191,3191,22.72727394104004,19.047618865966797,0,156804.2774658203,0,0,4112314368,0,926937088,0
200,1788379468175,3191,3191,15.000000953674316,22.72727394104004,0,156804.73559570313,0,0,4112314368,0,926937088,0
200,1788379468376,3191,3191,9.523809432983398,0,0,156804.73559570313,0,0,4112314368,0,926937088,0
200,1788379468576,3191,3191,10.526315689086914,22.72727394104004,0,156804.73559570313,0,0,4112314368,0,926937088,0
200,1788379468776,3191,3191,10,10,0,156804.73559570313,0,0,4112314368,0,926937088,0
200,1788379468976,3191,3191,5,5.263157844543457,0,156804.73559570313,0,0,4112314368,0,926937088,0
200,1788379469176,3191,3191,15.000000953674316,10,0,156805.06604003906,0,0,4112314368,0,926937088,0
200,1788379469376,3191,3191,23.809524536132813,20,0,156805.06604003906,0,0,4112314368,0,926937088,0
200,1788379469576,3191,3191,5,9.523809432983398,0,156805.06604003906,0,0,4112314368,0,926937088,0
200,1788379469777,3191,3191,18.18181800842285,15.000000953674316,0,156805.06604003906,0,0,4112314368,0,926937088,0
200,1788379469977,3191,3191,5.555555820465088,14.285715103149414,0,156805.06604003906,0,0,4112314368,0,926937088,0
200,1788379470177,3191,3191,9.523809432983398,5.263157844543457,0,156805.43927001953,0,0,4112314368,0,926937088,0
200,1788379470377,3191,3191,15.000000953674316,14.285715103149414,0,156805.43927001953,0,0,4112314368,0,926937088,0
200,1788379470577,3191,3191,15.000000953674316,10,0,156805.43927001953,0,0,4112314368,0,926937088,0
200,1788379470777,3191,3191,10,19.047618865966797,0,156805.43927001953,0,0,4112314368,0,926937088,0
200,1788379470978,3191,3191,14.285715103149414,10,0,156805.43927001953,0,0,4112314368,0,926937088,0
200,1788379471178,3191,3191,10,10,0,156805.75756835938,0,0,4112314368,0,926937088,0
200,1788379471378,3191,3191,5.263157844543457,14.285715103149414,0,156805.75756835938,0,0,4112314368,0,926937088,0
200,1788379471578,3191,3191,19.047618865966797,10,0,156805.75756835938,0,0,4112314368,0,926937088,0
200,1788379471778,3191,3191,10,14.285715103149414,0,156805.75756835938,0,0,4112314368,0,926937088,0
200,1788379471978,3191,3191,14.285715103149414,15.000000953674316,0,156805.75756835938,0,0,4112314368,0,926937088,0
200,1788379472179,3191,3191,14.285715103149414,5.263157844543457,0,156806.09057617188,0,0,4112314368,0,926937088,0
200,1788379472379,3191,3191,5.263157844543457,18.18181800842285,0,156806.09057617188,0,0,4112314368,0,926937088,0
200,1788379472579,3191,3191,19.047618865966797,18.18181800842285,0,156806.09057617188,0,0,4112314368,0,926937088,0
200,1788379472780,3191,3191,10,10,0,156806.09057617188,0,0,4112314368,0,926937088,0
200,1788379472980,3191,3191,19.047618865966797,10.526315689086914,0,156806.09057617188,0,0,4112314368,0,926937088,0
200,1788379473180,3191,3191,10,10,0,156806.50775146484,0,0,4112314368,0,926937088,0
200,1788379473380,3191,3191,14.285715103149414,15.000000953674316,0,156806.50775146484,0,0,4112314368,0,926937088,0
200,1788379473580,3191,3191,14.285715103149414,19.047618865966797,0,156806.50775146484,0,0,4112314368,0,926937088,0
200,1788379473780,3191,3191,22.72727394104004,10.526315689086914,0,156806.50775146484,0,0,4112314368,0,926937088,0
200,1788379473980,3191,3191,18.18181800842285,9.523809432983398,0,156806.50775146484,0,0,4112314368,0,926937088,0
200,1788379474181,3191,3191,14.285715103149414,5.555555820465088,0,156806.93157958984,0,0,4112314368,0,926937088,0
200,1788379474381,3191,3191,10,10.526315689086914,0,156806.93157958984,0,0,4112314368,0,926937088,0
200,1788379474581,3191,3191,10.526315689086914,14.285715103149414,0,156806.93157958984,0,0,4112314368,0,926937088,0
200,1788379474781,3191,3191,10.526315689086914,22.72727394104004,0,156806.93157958984,0,0,4112314368,0,926937088,0
200,1788379474981,3191,3191,15.000000953674316,15.000000953674316,0,156806.93157958984,0,0,4112314368,0,926937088,0
200,1788379475182,3191,3191,5,9.523809432983398,0,156807.31134033203,0,0,4112314368,0,926937088,0
200,1788379475382,3191,3191,21.7391300201416,14.285715103149414,0,156807.31134033203,0,0,4112314368,0,926937088,0
200,1788379475582,3191,3191,23.809524536132813,10.526315689086914,0,156807.31134033203,0,0,4112314368,0,926937088,0
200,1788379475782,3191,3191,10,10,0,156807.31134033203,0,0,4112314368,0,926937088,0
200,1788379475982,3191,3191,5.263157844543457,18.18181800842285,0,156807.31134033203,0,0,4112314368,0,926937088,0
200,1788379476182,3191,3191,19.047618865966797,10.526315689086914,0,156807.9764404297,0,0,4112314368,0,926937088,0
200,1788379476382,3191,3191,10.526315689086914,14.285715103149414,0,156807.9764404297,0,0,4112314368,0,926937088,0
200,1788379476583,3191,3191,9.523809432983398,14.285715103149414,0,156807.9764404297,0,0,4112314368,0,926937088,0
200,1788379476783,3191,3191,15.000000953674316,10,0,156807.9764404297,0,0,4112314368,0,926937088,0
200,1788379476983,3191,3191,10.526315689086914,19.047618865966797,0,156807.9764404297,0,0,4112314368,0,926937088,0
200,1788379477184,3191,3191,5,10,0,156808.40002441406,0,0,4112314368,0,926937088,0
200,1788379477384,3191,3191,10,10,0,156808.40002441406,0,0,4112314368,0,926937088,0
200,1788379477584,3191,3191,19.047618865966797,10.526315689086914,0,156808.40002441406,0,0,4112314368,0,926937088,0
200,1788379477784,3191,3191,5.263157844543457,10.526315689086914,0,156808.40002441406,0,0,4112314368,0,926937088,0
200,1788379477984,3191,3191,10,14.285715103149414,0,156808.40002441406,0,0,4112314368,0,926937088,0
200,1788379478184,3191,3191,19.047618865966797,10.526315689086914,0,156808.78033447266,0,0,4112314368,0,926937088,0
200,1788379478384,3191,3191,13.636363983154297,10.526315689086914,0,156808.78033447266,0,0,4112314368,0,926937088,0
200,1788379478585,3191,3191,10,5.263157844543457,0,156808.78033447266,0,0,4112314368,0,926937088,0
200,1788379478785,3191,3191,5.263157844543457,10,0,156808.78033447266,0,0,4112314368,0,926937088,0
200,1788379478985,3191,3191,19.047618865966797,19.047618865966797,0,156808.78033447266,0,0,4112314368,0,926937088,0
200,1788379479185,3191,3191,10,10,0,156809.16314697266,0,0,4112314368,0,926937088,0
200,1788379479386,3191,3191,5.263157844543457,14.285715103149414,0,156809.16314697266,0,0,4112314368,0,926937088,0
200,1788379479586,3191,3191,18.18181800842285,10.526315689086914,0,156809.16314697266,0,0,4112314368,0,926937088,0
200,1788379479786,3191,3191,10,5,0,156809.16314697266,0,0,4112314368,0,926937088,0
200,1788379479986,3191,3191,18.18181800842285,15.000000953674316,0,156809.16314697266,0,0,4112314368,0,926937088,0
200,1788379480186,3191,3191,15.000000953674316,15.000000953674316,0,156809.46807861328,0,0,4112314368,0,926937088,0
200,1788379480386,3191,3191,15.000000953674316,10,0,156809.46807861328,0,0,4112314368,0,926937088,0
200,1788379480587,3191,3191,13.636363983154297,14.285715103149414,0,156809.46807861328,0,0,4112314368,0,926937088,0
200,1788379480787,3191,3191,20,10.526315689086914,0,156809.46807861328,0,0,4112314368,0,926937088,0
200,1788379480987,3191,3191,5.263157844543457,13.636363983154297,0,156809.46807861328,0,0,4112314368,0,926937088,0
200,1788379481188,3191,3191,10,19.047618865966797,0,156809.8914794922,0,0,4112314368,0,926937088,0
200,1788379481388,3191,3191,14.285715103149414,18.18181800842285,0,156809.8914794922,0,0,4112314368,0,926937088,0
200,1788379481588,3191,3191,21.7391300201416,15.000000953674316,0,156809.8914794922,0,0,4112314368,0,926937088,0
200,1788379481788,3191,3191,10,15.000000953674316,0,156809.8914794922,0,0,4112314368,0,926937088,0
200,1788379481988,3191,3191,14.285715103149414,14.285715103149414,0,156809.8914794922,0,0,4112314368,0,926937088,0
200,1788379482188,3191,3191,10,10,0,156810.29888916016,0,0,4112314368,0,926937088,0
200,1788379482388,3191,3191,14.285715103149414,15.000000953674316,0,156810.29888916016,0,0,4112314368,0,926937088,0
200,1788379482589,3191,3191,15.789472579956055,20,0,156810.29888916016,0,0,4112314368,0,926937088,0
200,1788379482789,3191,3191,10,5.263157844543457,0,156810.29888916016,0,0,4112314368,0,926937088,0
200,1788379482989,3191,3191,9.523809432983398,14.285715103149414,0,156810.29888916016,0,0,4112314368,0,926937088,0
200,1788379483189,3191,3191,20,15.000000953674316,0,156810.7456665039,0,0,4112314368,0,926937088,0
200,1788379483389,3191,3191,9.523809432983398,10,0,156810.7456665039,0,0,4112314368,0,926937088,0
200,1788379483589,3191,3191,10,10,0,156810.7456665039,0,0,4112314368,0,926937088,0
200,1788379483789,3191,3191,10.526315689086914,15.000000953674316,0,156810.7456665039,0,0,4112314368,0,926937088,0
200,1788379483989,3191,3191,14.285715103149414,22.72727394104004,0,156810.7456665039,0,0,4112314368,0,926937088,0
200,1788379484190,3191,3191,0,9.523809432983398,0,156811.10516357422,0,0,4112314368,0,926937088,0
200,1788379484390,3191,3191,10.526315689086914,15.000000953674316,0,156811.10516357422,0,0,4112314368,0,926937088,0
200,1788379484590,3191,3191,14.285715103149414,19.047618865966797,0,156811.10516357422,0,0,4112314368,0,926937088,0
200,1788379484790,3191,3191,14.285715103149414,10,0,156811.10516357422,0,0,4112314368,0,926937088,0
200,1788379484991,3191,3191,14.285715103149414,10,0,156811.10516357422,0,0,4112314368,0,926937088,0
200,1788379485191,3191,3191,15.000000953674316,23.809524536132813,0,156811.5194091797,0,0,4112314368,0,926937088,0
200,1788379485391,3191,3191,15.000000953674316,14.285715103149414,0,156811.5194091797,0,0,4112314368,0,926937088,0
200,1788379485591,3191,3191,17.39130401611328,15.000000953674316,0,156811.5194091797,0,0,4112314368,0,926937088,0
200,1788379485791,3191,3191,14.285715103149414,5,0,156811.5194091797,0,0,4112314368,0,926937088,0
200,1788379485991,3191,3191,14.285715103149414,14.285715103149414,0,156811.5194091797,0,0,4112314368,0,926937088,0
200,1788379486191,3191,3191,22.72727394104004,14.285715103149414,0,156812.18048095703,0,0,4112314368,0,926937088,0
200,1788379486392,3191,3191,10.526315689086914,10,0,156812.18048095703,0,0,4112314368,0,926937088,0
200,1788379486592,3191,3191,10,10.526315689086914,0,156812.18048095703,0,0,4112314368,0,926937088,0
200,1788379486792,3191,3191,10,5,0,156812.18048095703,0,0,4112314368,0,926937088,0
200,1788379486992,3191,3191,19.047618865966797,5.555555820465088,0,156812.18048095703,0,0,4112314368,0,926937088,0
200,1788379487192,3191,3191,15.000000953674316,14.285715103149414,0,156812.55865478516,0,0,4112314368,0,926937088,0
200,1788379487392,3191,3191,18.18181800842285,5,0,156812.55865478516,0,0,4112314368,0,926937088,0
200,1788379487592,3191,3191,14.285715103149414,10,0,156812.55865478516,0,0,4112314368,0,926937088,0
200,1788379487793,3191,3191,15.000000953674316,22.72727394104004,0,156812.55865478516,0,0,4112314368,0,926937088,0
200,1788379487993,3191,3191,5.263157844543457,10,0,156812.55865478516,0,0,4112314368,0,926937088,0
200,1788379488193,3191,3191,10,19.047618865966797,0,156812.9076538086,0,0,4112314368,0,926937088,0
200,1788379488393,3191,3191,10.526315689086914,15.000000953674316,0,156812.9076538086,0,0,4112314368,0,926937088,0
200,1788379488593,3191,3191,19.047618865966797,14.285715103149414,0,156812.9076538086,0,0,4112314368,0,926937088,0
200,1788379488793,3191,3191,10,14.285715103149414,0,156812.9076538086,0,0,4112314368,0,926937088,0
200,1788379488994,3191,3191,14.285715103149414,15.000000953674316,0,156812.9076538086,0,0,4112314368,0,926937088,0
200,1788379489194,3191,3191,15.000000953674316,10.526315689086914,0,156813.3500366211,0,0,4112314368,0,926937088,0
200,1788379489394,3191,3191,5.263157844543457,10,0,156813.3500366211,0,0,4112314368,0,926937088,0
200,1788379489595,3191,3191,15.000000953674316,5.263157844543457,0,156813.3500366211,0,0,4112314368,0,926937088,0
200,1788379489795,3191,3191,14.285715103149414,10.526315689086914,0,156813.3500366211,0,0,4112314368,0,926937088,0
200,1788379489995,3191,3191,14.285715103149414,18.18181800842285,0,156813.3500366211,0,0,4112314368,0,926937088,0
200,1788379490195,3191,3191,15.789472579956055,20,0,156813.72869873047,0,0,4112314368,0,926937088,0
200,1788379490395,3191,3191,5.263157844543457,18.18181800842285,0,156813.72869873047,0,0,4112314368,0,926937088,0
200,1788379490596,3191,3191,9.523809432983398,10,0,156813.72869873047,0,0,4112314368,0,926937088,0
200,1788379490796,3191,3191,15.000000953674316,10.526315689086914,0,156813.72869873047,0,0,4112314368,0,926937088,0
200,1788379490996,3191,3191,14.285715103149414,10,0,156813.72869873047,0,0,4112314368,0,926937088,0
200,1788379491196,3191,3191,5.555555820465088,26.086956024169922,0,156814.08587646484,0,0,4112314368,0,926937088,0
200,1788379491396,3191,3191,5.263157844543457,18.18181800842285,0,156814.08587646484,0,0,4112314368,0,926937088,0
200,1788379491596,3191,3191,13.636363983154297,5.263157844543457,0,156814.08587646484,0,0,4112314368,0,926937088,0
200,1788379491796,3191,3191,10,14.285715103149414,0,156814.08587646484,0,0,4112314368,0,926937088,0
200,1788379491996,3191,3191,15.000000953674316,19.047618865966797,0,156814.08587646484,0,0,4112314368,0,926937088,0
200,1788379492197,3191,3191,19.047618865966797,10,0,156814.46417236328,0,0,4112314368,0,926937088,0
200,1788379492397,3191,3191,5.263157844543457,14.285715103149414,0,156814.46417236328,0,0,4112314368,0,926937088,0
200,1788379492597,3191,3191,15.000000953674316,19.047618865966797,0,156814.46417236328,0,0,4112314368,0,926928896,0
200,1788379492797,3191,3191,15.000000953674316,15.000000953674316,0,156814.46417236328,0,0,4112314368,0,926928896,0
200,1788379492997,3191,3191,13.636363983154297,5,0,156814.46417236328,0,0,4112314368,0,926928896,0
200,1788379493197,3191,3191,15.000000953674316,18.18181800842285,0,156814.84954833984,0,0,4112314368,0,926928896,0
200,1788379493398,3191,3191,14.285715103149414,14.285715103149414,0,156814.84954833984,0,0,4112314368,0,926928896,0
200,1788379493598,3191,3191,0,14.285715103149414,0,156814.84954833984,0,0,4112314368,0,926928896,0
200,1788379493798,3191,3191,15.000000953674316,15.000000953674316,0,156814.84954833984,0,0,4112314368,0,926928896,0
200,1788379493998,3191,3191,14.285715103149414,15.000000953674316,0,156814.84954833984,0,0,4112314368,0,926928896,0
200,1788379494199,3191,3191,5.263157844543457,14.285715103149414,0,156815.23797607422,0,0,4112314368,0,926928896,0
200,1788379494399,3191,3191,15.000000953674316,14.285715103149414,0,156815.23797607422,0,0,4112314368,0,926928896,0
200,1788379494599,3191,3191,10,10.526315689086914,0,156815.23797607422,0,0,4112314368,0,926928896,0
200,1788379494800,3191,3191,23.809524536132813,27.272727966308594,0,156815.23797607422,0,0,4112314368,0,926928896,0
200,1788379495000,3191,3191,15.000000953674316,14.285715103149414,0,156815.23797607422,0,0,4112314368,0,926928896,0
200,1788379495200,3191,3191,17.39130401611328,10.526315689086914,0,156815.66540527344,0,0,4112314368,0,926928896,0
200,1788379495400,3191,3191,20,22.72727394104004,0,156815.66540527344,0,0,4112314368,0,926928896,0
200,1788379495600,3191,3191,10,5.263157844543457,0,156815.66540527344,0,0,4112314368,0,926928896,0
200,1788379495800,3191,3191,19.047618865966797,10.526315689086914,0,156815.66540527344,0,0,4112314368,0,926928896,0
200,1788379496000,3191,3191,15.000000953674316,10,0,156815.66540527344,0,0,4112314368,0,926928896,0
200,1788379496200,3191,3191,18.18181800842285,10.526315689086914,0,156816.45361328125,0,0,4112314368,0,926928896,0
200,1788379496400,3191,3191,19.047618865966797,5.555555820465088,0,156816.45361328125,0,0,4112314368,0,926928896,0
200,1788379496601,3191,3191,10,14.285715103149414,0,156816.45361328125,0,0,4112314368,0,926928896,0
200,1788379496801,3191,3191,10,13.636363983154297,0,156816.45361328125,0,0,4112314368,0,926928896,0
200,1788379497001,3191,3191,10.526315689086914,22.72727394104004,0,156816.45361328125,0,0,4112314368,0,926928896,0
200,1788379497201,3191,3191,14.285715103149414,5.263157844543457,0,156816.8651123047,0,0,4112314368,0,926928896,0
200,1788379497401,3191,3191,15.000000953674316,15.000000953674316,0,156816.8651123047,0,0,4112314368,0,926928896,0
200,1788379497601,3191,3191,18.18181800842285,14.285715103149414,0,156816.8651123047,0,0,4112314368,0,926928896,0
200,1788379497802,3191,3191,15.000000953674316,10,0,156816.8651123047,0,0,4112314368,0,926928896,0
200,1788379498002,3191,3191,14.285715103149414,10,0,156816.8651123047,0,0,4112314368,0,926928896,0
200,1788379498202,3191,3191,14.285715103149414,18.18181800842285,0,156817.22119140625,0,0,4112314368,0,926928896,0
200,1788379498402,3191,3191,10.526315689086914,13.636363983154297,0,156817.22119140625,0,0,4112314368,0,926928896,0
200,1788379498603,3191,3191,5.263157844543457,19.047618865966797,0,156817.22119140625,0,0,4112314368,0,926928896,0
200,1788379498803,3191,3191,15.000000953674316,10,0,156817.22119140625,0,0,4112314368,0,926928896,0
200,1788379499003,3191,3191,18.18181800842285,10,0,156817.22119140625,0,0,4112314368,0,926928896,0
200,1788379499204,3191,3191,10.526315689086914,10,0,156817.5596923828,0,0,4112314368,0,926928896,0
200,1788379499404,3191,3191,10.526315689086914,26.086956024169922,0,156817.5596923828,0,0,4112314368,0,926928896,0
200,1788379499604,3191,3191,10,10,0,156817.5596923828,0,0,4112314368,0,926928896,0
200,1788379499804,3191,3191,10,10,0,156817.5596923828,0,0,4112314368,0,926928896,0
200,1788379500004,3191,3191,15.000000953674316,18.18181800842285,0,156817.5596923828,0,0,4112314368,0,926928896,0
200,1788379500204,3191,3191,10,5.263157844543457,0,156817.912109375,0,0,4112314368,0,926928896,0
200,1788379500404,3191,3191,10,9.523809432983398,0,156817.912109375,0,0,4112314368,0,926928896,0
200,1788379500604,3191,3191,18.18181800842285,10.526315689086914,0,156817.912109375,0,0,4112314368,0,926928896,0
200,1788379500804,3191,3191,15.000000953674316,18.18181800842285,0,156817.912109375,0,0,4112314368,0,926928896,0
200,1788379501005,3191,3191,18.18181800842285,5.263157844543457,0,156817.912109375,0,0,4112314368,0,926928896,0
200,1788379501205,3191,3191,21.7391300201416,19.047618865966797,0,156818.22161865234,0,0,4112314368,0,926928896,0
200,1788379501406,3191,3191,5.263157844543457,5.263157844543457,0,156818.22161865234,0,0,4112314368,0,926928896,0
200,1788379501606,3191,3191,5.263157844543457,10,0,156818.22161865234,0,0,4112314368,0,926928896,0
200,1788379501806,3191,3191,19.047618865966797,10.526315689086914,0,156818.22161865234,0,0,4112314368,0,926928896,0
200,1788379502006,3191,3191,5.263157844543457,14.285715103149414,0,156818.22161865234,0,0,4112314368,0,926928896,0
200,1788379502207,3191,3191,15.000000953674316,5.263157844543457,0,156818.64581298828,0,0,4112314368,0,926928896,0
200,1788379502407,3191,3191,15.000000953674316,27.272727966308594,0,156818.64581298828,0,0,4112314368,0,926928896,0
200,1788379502607,3191,3191,15.000000953674316,10,0,156818.64581298828,0,0,4112314368,0,926928896,0
200,1788379502807,3191,3191,13.636363983154297,0,0,156818.64581298828,0,0,4112314368,0,926928896,0
200,1788379503007,3191,3191,22.72727394104004,14.285715103149414,0,156818.64581298828,0,0,4112314368,0,926928896,0
200,1788379503208,3191,3191,20,10.526315689086914,0,156819.10180664063,0,0,4112314368,0,926928896,0
200,1788379503408,3191,3191,5,18.18181800842285,0,156819.10180664063,0,0,4112314368,0,926928896,0
199,1788379503608,3191,3191,15.000000953674316,10.526315689086914,0,156819.10180664063,0,0,4112314368,0,926928896,0
200,1788379503808,3191,3191,15.000000953674316,10.526315689086914,0,156819.10180664063,0,0,4112314368,0,926928896,0
200,1788379504008,3191,3191,19.047618865966797,14.285715103149414,0,156819.10180664063,0,0,4112314368,0,926928896,0
200,1788379504208,3191,3191,5,10,0,156819.4663696289,0,0,4112314368,0,926928896,0
200,1788379504409,3191,3191,15.000000953674316,15.000000953674316,0,156819.4663696289,0,0,4112314368,0,926928896,0
200,1788379504609,3191,3191,14.285715103149414,18.18181800842285,0,156819.4663696289,0,0,4112314368,0,926928896,0
200,1788379504809,3191,3191,14.285715103149414,10,0,156819.4663696289,0,0,4112314368,0,926928896,0
200,1788379505009,3191,3191,19.047618865966797,14.285715103149414,0,156819.4663696289,0,0,4112314368,0,926928896,0
200,1788379505210,3191,3191,10,15.000000953674316,0,156819.90338134766,0,0,4112314368,0,926928896,0
200,1788379505410,3191,3191,9.523809432983398,5.263157844543457,0,156819.90338134766,0,0,4112314368,0,926928896,0
200,1788379505610,3191,3191,15.000000953674316,14.285715103149414,0,156819.90338134766,0,0,4112314368,0,926928896,0
200,1788379505810,3191,3191,10,10.526315689086914,0,156819.90338134766,0,0,4112314368,0,926928896,0
200,1788379506010,3191,3191,9.523809432983398,9.523809432983398,0,156819.90338134766,0,0,4112314368,0,926928896,0
200,1788379506210,3191,3191,15.000000953674316,15.000000953674316,0,156820.29718017578,0,0,4112314368,0,926928896,0
200,1788379506411,3191,3191,10.526315689086914,23.809524536132813,0,156820.29718017578,0,0,4112314368,0,926928896,0
200,1788379506611,3191,3191,15.000000953674316,14.285715103149414,0,156820.29718017578,0,0,4112314368,0,926928896,0
200,1788379506811,3191,3191,13.636363983154297,10,0,156820.29718017578,0,0,4112314368,0,926928896,0
200,1788379507011,3191,3191,10.526315689086914,15.000000953674316,0,156820.29718017578,0,0,4112314368,0,926928896,0
199,1788379507211,3191,3191,13.636363983154297,10,0,156820.91326904297,0,0,4112314368,0,926928896,0
200,1788379507411,3191,3191,0,13.636363983154297,0,156820.91326904297,0,0,4112314368,0,926928896,0
200,1788379507612,3191,3191,22.72727394104004,15.000000953674316,0,156820.91326904297,0,0,4112314368,0,926928896,0
200,1788379507812,3191,3191,18.18181800842285,10.526315689086914,0,156820.91326904297,0,0,4112314368,0,926928896,0
200,1788379508012,3191,3191,9.523809432983398,9.523809432983398,0,156820.91326904297,0,0,4112314368,0,926928896,0
200,1788379508212,3191,3191,10.526315689086914,15.000000953674316,0,156821.2470703125,0,0,4112314368,0,926928896,0
200,1788379508412,3191,3191,14.285715103149414,19.047618865966797,0,156821.2470703125,0,0,4112314368,0,926928896,0
200,1788379508612,3191,3191,13.636363983154297,5.263157844543457,0,156821.2470703125,0,0,4112314368,0,926928896,0
200,1788379508812,3191,3191,10.526315689086914,10.526315689086914,0,156821.2470703125,0,0,4112314368,0,926928896,0
200,1788379509012,3191,3191,15.000000953674316,19.047618865966797,0,156821.2470703125,0,0,4112314368,0,926928896,0
200,1788379509213,3191,3191,9.523809432983398,4.761904716491699,0,156821.6114501953,0,0,4112314368,0,926928896,0
200,1788379509413,3191,3191,10.526315689086914,23.809524536132813,0,156821.6114501953,0,0,4112314368,0,926928896,0
200,1788379509613,3191,3191,22.72727394104004,10.526315689086914,0,156821.6114501953,0,0,4112314368,0,926928896,0
200,1788379509813,3191,3191,10,10,0,156821.6114501953,0,0,4112314368,0,926928896,0
200,1788379510013,3191,3191,10,10,0,156821.6114501953,0,0,4112314368,0,926928896,0
200,1788379510214,3191,3191,22.72727394104004,10.526315689086914,0,156821.97943115234,0,0,4112314368,0,926928896,0
200,1788379510414,3191,3191,15.000000953674316,10,0,156821.97943115234,0,0,4112314368,0,926928896,0
200,1788379510614,3191,3191,14.285715103149414,5.555555820465088,0,156821.97943115234,0,0,4112314368,0,926928896,0
200,1788379510814,3191,3191,20,22.72727394104004,0,156821.97943115234,0,0,4112314368,0,926928896,0
200,1788379511014,3191,3191,9.523809432983398,21.7391300201416,0,156821.97943115234,0,0,4112314368,0,926928896,0
200,1788379511214,3191,3191,5.263157844543457,10,0,156822.3480834961,0,0,4112314368,0,926928896,0
200,1788379511414,3191,3191,5.263157844543457,10,0,156822.3480834961,0,0,4112314368,0,926928896,0
200,1788379511615,3191,3191,19.047618865966797,10,0,156822.3480834961,0,0,4112314368,0,926928896,0
200,1788379511815,3191,3191,10,14.285715103149414,0,156822.3480834961,0,0,4112314368,0,926928896,0
200,1788379512015,3191,3191,10.526315689086914,22.72727394104004,0,156822.3480834961,0,0,4112314368,0,926928896,0
200,1788379512215,3191,3191,10,15.000000953674316,0,156822.95971679688,0,0,4112314368,0,926928896,0
200,1788379512415,3191,3191,14.285715103149414,15.000000953674316,0,156822.95971679688,0,0,4112314368,0,926928896,0
199,1788379512616,3191,3191,10,10,0,156822.95971679688,0,0,4112314368,0,926928896,0
200,1788379512816,3191,3191,0,10,0,156822.95971679688,0,0,4112314368,0,926928896,0
200,1788379513016,3191,3191,14.285715103149414,19.047618865966797,0,156822.95971679688,0,0,4112314368,0,926928896,0
200,1788379513216,3191,3191,15.000000953674316,20,0,156823.353515625,0,0,4112314368,0,926928896,0
200,1788379513416,3191,3191,4.761904716491699,9.523809432983398,0,156823.353515625,0,0,4112314368,0,926928896,0
200,1788379513616,3191,3191,10.526315689086914,23.809524536132813,0,156823.353515625,0,0,4112314368,0,926928896,0
200,1788379513816,3191,3191,10,10,0,156823.353515625,0,0,4112314368,0,926928896,0
200,1788379514016,3191,3191,0,9.523809432983398,0,156823.353515625,0,0,4112314368,0,926928896,0
200,1788379514217,3191,3191,10.526315689086914,15.000000953674316,0,156823.71997070313,0,0,4112314368,0,926928896,0
200,1788379514417,3191,3191,5,9.523809432983398,0,156823.71997070313,0,0,4112314368,0,926928896,0
200,1788379514617,3191,3191,10.526315689086914,10.526315689086914,0,156823.71997070313,0,0,4112314368,0,926928896,0
200,1788379514817,3191,3191,5.263157844543457,10,0,156823.71997070313,0,0,4112314368,0,926928896,0
200,1788379515017,3191,3191,14.285715103149414,15.000000953674316,0,156823.71997070313,0,0,4112314368,0,926928896,0
200,1788379515217,3191,3191,5.263157844543457,14.285715103149414,0,156824.0157470703,0,0,4112314368,0,926928896,0
200,1788379515417,3191,3191,10.526315689086914,19.047618865966797,0,156824.0157470703,0,0,4112314368,0,926928896,0
200,1788379515618,3191,3191,10,10,0,156824.0157470703,0,0,4112314368,0,926928896,0
200,1788379515818,3191,3191,14.285715103149414,14.285715103149414,0,156824.0157470703,0,0,4112314368,0,926928896,0
200,1788379516018,3191,3191,20,20,0,156824.0157470703,0,0,4112314368,0,926928896,0
200,1788379516218,3191,3191,19.047618865966797,19.047618865966797,0,156824.62426757813,0,0,4112314368,0,926928896,0
200,1788379516418,3191,3191,10,13.636363983154297,0,156824.62426757813,0,0,4112314368,0,926928896,0
200,1788379516618,3191,3191,9.523809432983398,5.263157844543457,0,156824.62426757813,0,0,4112314368,0,926928896,0
200,1788379516818,3191,3191,15.000000953674316,15.000000953674316,0,156824.62426757813,0,0,4112314368,0,926928896,0
200,1788379517019,3191,3191,13.636363983154297,5.263157844543457,0,156824.62426757813,0,0,4112314368,0,926928896,0
200,1788379517219,3191,3191,15.000000953674316,14.285715103149414,0,156825.13598632813,0,0,4112314368,0,926928896,0
200,1788379517419,3191,3191,19.047618865966797,14.285715103149414,0,156825.13598632813,0,0,4112314368,0,926928896,0
200,1788379517619,3191,3191,19.047618865966797,15.000000953674316,0,156825.13598632813,0,0,4112314368,0,926928896,0
200,1788379517819,3191,3191,18.18181800842285,14.285715103149414,0,156825.13598632813,0,0,4112314368,0,926928896,0
200,1788379518019,3191,3191,15.000000953674316,14.285715103149414,0,156825.13598632813,0,0,4112314368,0,926928896,0
200,1788379518219,3191,3191,14.285715103149414,15.000000953674316,0,156825.51098632813,0,0,4112314368,0,926928896,0
200,1788379518420,3191,3191,14.285715103149414,5,0,156825.51098632813,0,0,4112314368,0,926928896,0
200,1788379518620,3191,3191,10,15.000000953674316,0,156825.51098632813,0,0,4112314368,0,926928896,0
200,1788379518820,3191,3191,14.285715103149414,15.000000953674316,0,156825.51098632813,0,0,4112314368,0,926928896,0
200,1788379519020,3191,3191,10.526315689086914,22.72727394104004,0,156825.51098632813,0,0,4112314368,0,926928896,0
200,1788379519220,3191,3191,5.263157844543457,10,0,156825.8666381836,0,0,4112314368,0,926928896,0
200,1788379519420,3191,3191,15.000000953674316,14.285715103149414,0,156825.8666381836,0,0,4112314368,0,926928896,0
200,1788379519621,3191,3191,9.523809432983398,19.047618865966797,0,156825.8666381836,0,0,4112314368,0,926928896,0
200,1788379519821,3191,3191,14.285715103149414,10,0,156825.8666381836,0,0,4112314368,0,926928896,0
200,1788379520021,3191,3191,19.047618865966797,19.047618865966797,0,156825.8666381836,0,0,4112314368,0,926928896,0
200,1788379520221,3191,3191,9.523809432983398,19.047618865966797,0,156826.24047851563,0,0,4112314368,0,926928896,0
200,1788379520422,3191,3191,10.526315689086914,20.833332061767578,0,156826.24047851563,0,0,4112314368,0,926928896,0
200,1788379520622,3191,3191,18.18181800842285,10.526315689086914,0,156826.24047851563,0,0,4112314368,0,926928896,0
200,1788379520822,3191,3191,10,14.285715103149414,0,156826.24047851563,0,0,4112314368,0,926928896,0
200,1788379521022,3191,3191,21.7391300201416,10.526315689086914,0,156826.24047851563,0,0,4112314368,0,926928896,0
200,1788379521222,3191,3191,14.285715103149414,21.7391300201416,0,156826.57806396484,0,0,4112314368,0,926928896,0
200,1788379521422,3191,3191,14.285715103149414,10,0,156826.57806396484,0,0,4112314368,0,926928896,0
200,1788379521623,3191,3191,18.18181800842285,19.047618865966797,0,156826.57806396484,0,0,4112314368,0,926928896,0
200,1788379521823,3191,3191,9.523809432983398,21.7391300201416,0,156826.57806396484,0,0,4112314368,0,926928896,0
200,1788379522023,3191,3191,10,5.263157844543457,0,156826.57806396484,0,0,4112314368,0,926928896,0
200,1788379522223,3191,3191,14.285715103149414,22.72727394104004,0,156826.89862060547,0,0,4112314368,0,926928896,0
200,1788379522423,3191,3191,23.809524536132813,18.18181800842285,0,156826.89862060547,0,0,4112314368,0,926928896,0
200,1788379522624,3191,3191,0,5.263157844543457,0,156826.89862060547,0,0,4112314368,0,926928896,0
200,1788379522824,3191,3191,10,19.047618865966797,0,156826.89862060547,0,0,4112314368,0,926928896,0
200,1788379523024,3191,3191,15.000000953674316,19.047618865966797,0,156826.89862060547,0,0,4112314368,0,926928896,0
200,1788379523224,3191,3191,22.72727394104004,10,0,156827.2982788086,0,0,4112314368,0,926928896,0
200,1788379523424,3191,3191,10,15.000000953674316,0,156827.2982788086,0,0,4112314368,0,926928896,0
200,1788379523624,3191,3191,15.000000953674316,13.636363983154297,0,156827.2982788086,0,0,4112314368,0,926928896,0
200,1788379523825,3191,3191,14.285715103149414,22.72727394104004,0,156827.2982788086,0,0,4112314368,0,926928896,0
200,1788379524025,3191,3191,15.000000953674316,10.526315689086914,0,156827.2982788086,0,0,4112314368,0,926928896,0
200,1788379524225,3191,3191,19.047618865966797,10.526315689086914,0,156827.80041503906,0,0,4112314368,0,926928896,0
200,1788379524425,3191,3191,10,10.526315689086914,0,156827.80041503906,0,0,4112314368,0,926928896,0
200,1788379524625,3191,3191,14.285715103149414,14.285715103149414,0,156827.80041503906,0,0,4112314368,0,926928896,0
200,1788379524826,3191,3191,15.000000953674316,10.526315689086914,0,156827.80041503906,0,0,4112314368,0,926928896,0
200,1788379525026,3191,3191,9.523809432983398,10,0,156827.80041503906,0,0,4112314368,0,926928896,0
200,1788379525226,3191,3191,10,9.523809432983398,0,156828.14184570313,0,0,4112314368,0,926928896,0
200,1788379525426,3191,3191,10,19.047618865966797,0,156828.14184570313,0,0,4112314368,0,926928896,0
200,1788379525626,3191,3191,10.526315689086914,18.18181800842285,0,156828.14184570313,0,0,4112314368,0,926928896,0
200,1788379525826,3191,3191,19.047618865966797,19.047618865966797,0,156828.14184570313,0,0,4112314368,0,926928896,0
200,1788379526026,3191,3191,9.523809432983398,0,0,156828.14184570313,0,0,4112314368,0,926928896,0
200,1788379526226,3191,3191,19.047618865966797,10.526315689086914,0,156828.77642822266,0,0,4112314368,0,926928896,0
200,1788379526427,3191,3191,10,14.285715103149414,0,156828.77642822266,0,0,4112314368,0,926928896,0
200,1788379526627,3191,3191,15.000000953674316,10.526315689086914,0,156828.77642822266,0,0,4112314368,0,926928896,0
200,1788379526827,3191,3191,10,17.39130401611328,0,156828.77642822266,0,0,4112314368,0,926928896,0
200,1788379527028,3191,3191,5.555555820465088,10,0,156828.77642822266,0,0,4112314368,0,926928896,0
200,1788379527228,3191,3191,9.523809432983398,9.523809432983398,0,156829.19622802734,0,0,4112314368,0,926928896,0
200,1788379527428,3191,3191,18.18181800842285,5.555555820465088,0,156829.19622802734,0,0,4112314368,0,926928896,0
200,1788379527628,3191,3191,15.000000953674316,18.18181800842285,0,156829.19622802734,0,0,4112314368,0,926928896,0
200,1788379527828,3191,3191,14.285715103149414,10.526315689086914,0,156829.19622802734,0,0,4112314368,0,926928896,0
200,1788379528029,3191,3191,10,14.285715103149414,0,156829.19622802734,0,0,4112314368,0,926928896,0
200,1788379528229,3191,3191,15.000000953674316,10.526315689086914,0,156829.5219116211,0,0,4112314368,0,926928896,0
200,1788379528429,3191,3191,14.285715103149414,5,0,156829.5219116211,0,0,4112314368,0,926928896,0
200,1788379528629,3191,3191,5,14.285715103149414,0,156829.5219116211,0,0,4112314368,0,926928896,0
200,1788379528829,3191,3191,19.047618865966797,15.000000953674316,0,156829.5219116211,0,0,4112314368,0,926928896,0
200,1788379529029,3191,3191,5.263157844543457,19.047618865966797,0,156829.5219116211,0,0,4112314368,0,926928896,0
200,1788379529229,3191,3191,14.285715103149414,10,0,156829.84857177734,0,0,4112314368,0,926928896,0
200,1788379529430,3191,3191,23.809524536132813,15.789472579956055,0,156829.84857177734,0,0,4112314368,0,926928896,0
200,1788379529630,3191,3191,9.523809432983398,9.523809432983398,0,156829.84857177734,0,0,4112314368,0,926928896,0
200,1788379529830,3191,3191,10,14.285715103149414,0,156829.84857177734,0,0,4112314368,0,926928896,0
200,1788379530030,3191,3191,22.72727394104004,19.047618865966797,0,156829.84857177734,0,0,4112314368,0,926928896,0
200,1788379530230,3191,3191,10,10.526315689086914,0,156830.26092529297,0,0,4112314368,0,926928896,0
200,1788379530430,3191,3191,10,14.285715103149414,0,156830.26092529297,0,0,4112314368,0,926928896,0
200,1788379530631,3191,3191,10.526315689086914,15.000000953674316,0,156830.26092529297,0,0,4112314368,0,926928896,0
200,1788379530831,3191,3191,14.285715103149414,19.047618865966797,0,156830.26092529297,0,0,4112314368,0,926928896,0
200,1788379531031,3191,3191,14.285715103149414,5.263157844543457,0,156830.26092529297,0,0,4112314368,0,926928896,0
200,1788379531231,3191,3191,15.000000953674316,19.047618865966797,0,156830.6612548828,0,0,4112314368,0,926928896,0
200,1788379531432,3191,3191,19.047618865966797,20,0,156830.6612548828,0,0,4112314368,0,926928896,0
200,1788379531632,3191,3191,14.285715103149414,18.18181800842285,0,156830.6612548828,0,0,4112314368,0,926928896,0
200,1788379531832,3191,3191,5,15.000000953674316,0,156830.6612548828,0,0,4112314368,0,926928896,0
200,1788379532032,3191,3191,15.000000953674316,10,0,156830.6612548828,0,0,4112314368,0,926928896,0
200,1788379532232,3191,3191,9.523809432983398,10,0,156831.05181884766,0,0,4112314368,0,926928896,0
200,1788379532432,3191,3191,22.72727394104004,5.263157844543457,0,156831.05181884766,0,0,4112314368,0,926928896,0
200,1788379532633,3191,3191,10.526315689086914,19.047618865966797,0,156831.05181884766,0,0,4112314368,0,926928896,0
200,1788379532833,3191,3191,14.285715103149414,5.263157844543457,0,156831.05181884766,0,0,4112314368,0,926928896,0
200,1788379533033,3191,3191,5,10,0,156831.05181884766,0,0,4112314368,0,926928896,0
200,1788379533233,3191,3191,15.789472579956055,15.000000953674316,0,156831.4024658203,0,0,4112314368,0,926928896,0
200,1788379533433,3191,3191,14.285715103149414,10,0,156831.4024658203,0,0,4112314368,0,926928896,0
200,1788379533633,3191,3191,5.263157844543457,0,0,156831.4024658203,0,0,4112314368,0,926928896,0
200,1788379533833,3191,3191,15.789472579956055,22.72727394104004,0,156831.4024658203,0,0,4112314368,0,926928896,0
200,1788379534033,3191,3191,19.047618865966797,15.000000953674316,0,156831.4024658203,0,0,4112314368,0,926928896,0
200,1788379534234,3191,3191,0,5.263157844543457,0,156831.8549194336,0,0,4112314368,0,926928896,0
200,1788379534434,3191,3191,10.526315689086914,18.18181800842285,0,156831.8549194336,0,0,4112314368,0,926928896,0
200,1788379534634,3191,3191,18.18181800842285,14.285715103149414,0,156831.8549194336,0,0,4112314368,0,926928896,0
200,1788379534834,3191,3191,10,5.263157844543457,0,156831.8549194336,0,0,4112314368,0,926928896,0
200,1788379535035,3191,3191,9.523809432983398,5,0,156831.8549194336,0,0,4112314368,0,926928896,0
200,1788379535235,3191,3191,18.18181800842285,11.111111640930176,0,156832.16571044922,0,0,4112314368,0,926928896,0
200,1788379535436,3191,3191,14.285715103149414,14.285715103149414,0,156832.16571044922,0,0,4112314368,0,926928896,0
200,1788379535636,3191,3191,0,14.285715103149414,0,156832.16571044922,0,0,4112314368,0,926928896,0
200,1788379535836,3191,3191,19.047618865966797,22.72727394104004,0,156832.16571044922,0,0,4112314368,0,926928896,0
200,1788379536036,3191,3191,15.000000953674316,15.000000953674316,0,156832.16571044922,0,0,4112314368,0,926928896,0
200,1788379536236,3191,3191,9.523809432983398,5,0,156832.7891845703,0,0,4112314368,0,926928896,0
200,1788379536436,3191,3191,15.000000953674316,19.047618865966797,0,156832.7891845703,0,0,4112314368,0,926928896,0
200,1788379536636,3191,3191,15.000000953674316,22.72727394104004,0,156832.7891845703,0,0,4112314368,0,926928896,0
200,1788379536836,3191,3191,13.636363983154297,13.636363983154297,0,156832.7891845703,0,0,4112314368,0,926928896,0
200,1788379537037,3191,3191,10.526315689086914,10,0,156832.7891845703,0,0,4112314368,0,926928896,0
200,1788379537237,3191,3191,14.285715103149414,22.72727394104004,0,156833.1700439453,0,0,4112314368,0,926928896,0
200,1788379537437,3191,3191,10,10.526315689086914,0,156833.1700439453,0,0,4112314368,0,926928896,0
200,1788379537637,3191,3191,5.263157844543457,14.285715103149414,0,156833.1700439453,0,0,4112314368,0,926928896,0
200,1788379537837,3191,3191,27.272727966308594,20,0,156833.1700439453,0,0,4112314368,0,926928896,0
200,1788379538037,3191,3191,10,14.285715103149414,0,156833.1700439453,0,0,4112314368,0,926928896,0
200,1788379538238,3191,3191,18.18181800842285,5.555555820465088,0,156833.55487060547,0,0,4112314368,0,926928896,0
200,1788379538438,3191,3191,15.000000953674316,14.285715103149414,0,156833.55487060547,0,0,4112314368,0,926928896,0
200,1788379538638,3191,3191,22.72727394104004,15.000000953674316,0,156833.55487060547,0,0,4112314368,0,926928896,0
200,1788379538838,3191,3191,14.285715103149414,10,0,156833.55487060547,0,0,4112314368,0,926928896,0
200,1788379539039,3191,3191,5.263157844543457,10,0,156833.55487060547,0,0,4112314368,0,926928896,0
200,1788379539239,3191,3191,10.526315689086914,14.285715103149414,0,156833.9609375,0,0,4112314368,0,926928896,0
200,1788379539439,3191,3191,5,14.285715103149414,0,156833.9609375,0,0,4112314368,0,926928896,0
200,1788379539639,3191,3191,10,14.285715103149414,0,156833.9609375,0,0,4112314368,0,926928896,0
200,1788379539840,3191,3191,10,15.000000953674316,0,156833.9609375,0,0,4112314368,0,926928896,0
200,1788379540040,3191,3191,19.047618865966797,19.047618865966797,0,156833.9609375,0,0,4112314368,0,926928896,0
200,1788379540240,3191,3191,14.285715103149414,10,0,156834.32641601563,0,0,4112314368,0,926928896,0
200,1788379540440,3191,3191,10,10,0,156834.32641601563,0,0,4112314368,0,926928896,0
200,1788379540640,3191,3191,15.000000953674316,19.047618865966797,0,156834.32641601563,0,0,4112314368,0,926928896,0
200,1788379540840,3191,3191,9.523809432983398,10,0,156834.32641601563,0,0,4112314368,0,926928896,0
200,1788379541040,3191,3191,15.000000953674316,15.000000953674316,0,156834.32641601563,0,0,4112314368,0,926928896,0
200,1788379541240,3191,3191,15.000000953674316,22.72727394104004,0,156834.7059326172,0,0,4112314368,0,926928896,0
200,1788379541441,3191,3191,10,5,0,156834.7059326172,0,0,4112314368,0,926928896,0
200,1788379541641,3191,3191,5.263157844543457,15.000000953674316,0,156834.7059326172,0,0,4112314368,0,926928896,0
200,1788379541841,3191,3191,10,9.523809432983398,0,156834.7059326172,0,0,4112314368,0,926928896,0
200,1788379542041,3191,3191,19.047618865966797,15.000000953674316,0,156834.7059326172,0,0,4112314368,0,926928896,0
200,1788379542241,3191,3191,5.263157844543457,5.263157844543457,0,156835.01733398438,0,0,4112314368,0,926928896,0
200,1788379542441,3191,3191,15.000000953674316,21.7391300201416,0,156835.01733398438,0,0,4112314368,0,926928896,0
200,1788379542641,3191,3191,19.047618865966797,15.000000953674316,0,156835.01733398438,0,0,4112314368,0,926928896,0
200,1788379542841,3191,3191,5.263157844543457,10,0,156835.01733398438,0,0,4112314368,0,926928896,0
200,1788379543042,3191,3191,14.285715103149414,10,0,156835.01733398438,0,0,4112314368,0,926928896,0
200,1788379543242,3191,3191,14.285715103149414,15.000000953674316,0,156835.34838867188,0,0,4112314368,0,926928896,0
200,1788379543442,3191,3191,5.263157844543457,18.18181800842285,0,156835.34838867188,0,0,4112314368,0,926928896,0
200,1788379543642,3191,3191,15.000000953674316,5.263157844543457,0,156835.34838867188,0,0,4112314368,0,926928896,0
200,1788379543843,3191,3191,10,10.526315689086914,0,156835.34838867188,0,0,4112314368,0,926928896,0
200,1788379544043,3191,3191,13.636363983154297,10,0,156835.34838867188,0,0,4112314368,0,926928896,0
200,1788379544243,3191,3191,14.285715103149414,15.000000953674316,0,156835.76879882813,0,0,4112314368,0,926928896,0
200,1788379544443,3191,3191,10.526315689086914,14.285715103149414,0,156835.76879882813,0,0,4112314368,0,926928896,0
200,1788379544644,3191,3191,5.263157844543457,21.7391300201416,0,156835.76879882813,0,0,4112314368,0,926928896,0
200,1788379544844,3191,3191,15.000000953674316,5.555555820465088,0,156835.76879882813,0,0,4112314368,0,926928896,0
200,1788379545044,3191,3191,5.263157844543457,19.047618865966797,0,156835.76879882813,0,0,4112314368,0,926928896,0
200,1788379545244,3191,3191,5.882352828979492,27.272727966308594,0,156836.2225341797,0,0,4112314368,0,926928896,0
200,1788379545444,3191,3191,10,10,0,156836.2225341797,0,0,4112314368,0,926928896,0
200,1788379545645,3191,3191,5.555555820465088,18.18181800842285,0,156836.2225341797,0,0,4112314368,0,926928896,0
200,1788379545845,3191,3191,10,19.047618865966797,0,156836.2225341797,0,0,4112314368,0,926928896,0
200,1788379546045,3191,3191,19.047618865966797,15.000000953674316,0,156836.2225341797,0,0,4112314368,0,926928896,0
200,1788379546245,3191,3191,9.523809432983398,13.636363983154297,0,156836.8699951172,0,0,4112314368,0,926928896,0
200,1788379546445,3191,3191,14.285715103149414,10,0,156836.8699951172,0,0,4112314368,0,926928896,0
200,1788379546646,3191,3191,5.263157844543457,10,0,156836.8699951172,0,0,4112314368,0,926928896,0
200,1788379546846,3191,3191,14.285715103149414,14.285715103149414,0,156836.8699951172,0,0,4112314368,0,926928896,0
200,1788379547046,3191,3191,22.72727394104004,10.526315689086914,0,156836.8699951172,0,0,4112314368,0,926928896,0
200,1788379547246,3191,3191,5.263157844543457,10.526315689086914,0,156837.21704101563,0,0,4112314368,0,926928896,0
200,1788379547446,3191,3191,10,10,0,156837.21704101563,0,0,4112314368,0,926928896,0
200,1788379547647,3191,3191,15.000000953674316,19.047618865966797,0,156837.21704101563,0,0,4112314368,0,926928896,0
200,1788379547847,3191,3191,5.263157844543457,14.285715103149414,0,156837.21704101563,0,0,4112314368,0,926928896,0
200,1788379548047,3191,3191,10.526315689086914,15.000000953674316,0,156837.21704101563,0,0,4112314368,0,926928896,0
200,1788379548247,3191,3191,14.285715103149414,15.000000953674316,0,156837.57818603516,0,0,4112314368,0,926928896,0
200,1788379548448,3191,3191,14.285715103149414,14.285715103149414,0,156837.57818603516,0,0,4112314368,0,926928896,0
200,1788379548648,3191,3191,13.636363983154297,10,0,156837.57818603516,0,0,4112314368,0,926928896,0
200,1788379548848,3191,3191,22.72727394104004,14.285715103149414,0,156837.57818603516,0,0,4112314368,0,926928896,0
200,1788379549048,3191,3191,0,10,0,156837.57818603516,0,0,4112314368,0,926928896,0
200,1788379549248,3191,3191,14.285715103149414,14.285715103149414,0,156837.9252319336,0,0,4112314368,0,926928896,0
200,1788379549449,3191,3191,19.047618865966797,10.526315689086914,0,156837.9252319336,0,0,4112314368,0,926928896,0
200,1788379549649,3191,3191,10.526315689086914,19.047618865966797,0,156837.9252319336,0,0,4112314368,0,926928896,0
200,1788379549849,3191,3191,10,10,0,156837.9252319336,0,0,4112314368,0,926928896,0
200,1788379550049,3191,3191,10,14.285715103149414,0,156837.9252319336,0,0,4112314368,0,926928896,0
200,1788379550249,3191,3191,10.526315689086914,19.047618865966797,0,156838.3558959961,0,0,4112314368,0,926928896,0
200,1788379550449,3191,3191,17.39130401611328,0,0,156838.3558959961,0,0,4112314368,0,926928896,0
200,1788379550649,3191,3191,10,14.285715103149414,0,156838.3558959961,0,0,4112314368,0,926928896,0
200,1788379550850,3191,3191,20,11.111111640930176,0,156838.3558959961,0,0,4112314368,0,926928896,0
200,1788379551050,3191,3191,5,5,0,156838.3558959961,0,0,4112314368,0,926928896,0
200,1788379551250,3191,3191,10,15.000000953674316,0,156838.65747070313,0,0,4112314368,0,926928896,0
200,1788379551450,3191,3191,22.72727394104004,10.526315689086914,0,156838.65747070313,0,0,4112314368,0,926928896,0
200,1788379551650,3191,3191,10,21.7391300201416,0,156838.65747070313,0,0,4112314368,0,926928896,0
199,1788379551851,3191,3191,10.526315689086914,10,0,156838.65747070313,0,0,4112314368,0,926928896,0
200,1788379552051,3191,3191,10.526315689086914,10,0,156838.65747070313,0,0,4112314368,0,926928896,0
200,1788379552251,3191,3191,10.526315689086914,19.51219367980957,0,156839.10314941406,0,0,4112314368,0,926928896,0
200,1788379552451,3191,3191,14.285715103149414,14.285715103149414,0,156839.10314941406,0,0,4112314368,0,926928896,0
200,1788379552652,3191,3191,15.000000953674316,10.526315689086914,0,156839.10314941406,0,0,4112314368,0,926928896,0
200,1788379552852,3191,3191,5,9.523809432983398,0,156839.10314941406,0,0,4112314368,0,926928896,0
200,1788379553052,3191,3191,10,18.18181800842285,0,156839.10314941406,0,0,4112314368,0,926928896,0
200,1788379553252,3191,3191,5.263157844543457,10,0,156839.3253173828,0,0,4112314368,0,926928896,0
200,1788379553452,3191,3191,5,14.285715103149414,0,156839.3253173828,0,0,4112314368,0,926928896,0
200,1788379553652,3191,3191,14.285715103149414,26.3157901763916,0,156839.3253173828,0,0,4112314368,0,926928896,0
200,1788379553853,3191,3191,10,30.000001907348633,0,156839.3253173828,0,0,4112314368,0,926928896,0
200,1788379554053,3191,3191,22.72727394104004,19.047618865966797,0,156839.3253173828,0,0,4112314368,0,926928896,0
200,1788379554253,3191,3191,0,4.761904716491699,0,156839.8334350586,0,0,4112314368,0,926928896,0
200,1788379554453,3191,3191,15.000000953674316,10.526315689086914,0,156839.8334350586,0,0,4112314368,0,926928896,0
200,1788379554653,3191,3191,0,0,0,156839.8334350586,0,0,4112314368,0,926928896,0
200,1788379554854,3191,3191,20,15.789472579956055,0,156839.8334350586,0,0,4112314368,0,926928896,0
200,1788379555054,3191,3191,10,15.000000953674316,0,156839.8334350586,0,0,4112314368,0,926928896,0
200,1788379555254,3191,3191,0,9.523809432983398,0,156840.05059814453,0,0,4112314368,0,926928896,0
200,1788379555454,3191,3191,15.000000953674316,20,0,156840.05059814453,0,0,4112314368,0,926928896,0
200,1788379555655,3191,3191,0,0,0,156840.05059814453,0,0,4112314368,0,926928896,0
204,1788379555855,3191,3191,10,5.263157844543457,0,156840.05059814453,0,0,4112314368,0,926928896,0
200,1788379556059,3191,3191,14.285715103149414,14.285715103149414,0,156840.05059814453,0,0,4112314368,0,927125504,0
200,1788379556259,3191,3191,10,10.526315689086914,0,156840.42120361328,0,0,4112314368,0,927125504,0
200,1788379556460,3191,3191,5.263157844543457,18.18181800842285,0,156840.42120361328,0,0,4112314368,0,927125504,0
200,1788379556660,3191,3191,4.761904716491699,0,0,156840.42120361328,0,0,4112314368,0,927125504,0
200,1788379556860,3191,3191,20,20,0,156840.42120361328,0,0,4112314368,0,927125504,0
200,1788379557060,3191,3191,9.523809432983398,9.523809432983398,0,156840.42120361328,0,0,4112314368,0,927125504,0
200,1788379557260,3191,3191,10,0,0,156840.86212158203,0,0,4112314368,0,927125504,0
200,1788379557460,3191,3191,15.000000953674316,15.000000953674316,0,156840.86212158203,0,0,4112314368,0,927125504,0
200,1788379557660,3191,3191,4.761904716491699,5,0,156840.86212158203,0,0,4112314368,0,927125504,0
200,1788379557861,3191,3191,10.526315689086914,14.285715103149414,0,156840.86212158203,0,0,4112314368,0,927125504,0
200,1788379558061,3191,3191,10.526315689086914,10.526315689086914,0,156840.86212158203,0,0,4112314368,0,927125504,0
200,1788379558261,3191,3191,10,22.72727394104004,0,156841.11798095703,0,0,4112314368,0,927125504,0
200,1788379558461,3191,3191,9.523809432983398,5.263157844543457,0,156841.11798095703,0,0,4112314368,0,927125504,0
200,1788379558662,3191,3191,5,5,0,156841.11798095703,0,0,4112314368,0,927125504,0
200,1788379558862,3191,3191,15.789472579956055,23.809524536132813,0,156841.11798095703,0,0,4112314368,0,927125504,0
200,1788379559062,3191,3191,9.523809432983398,5.263157844543457,0,156841.11798095703,0,0,4112314368,0,927125504,0
200,1788379559262,3191,3191,10.526315689086914,14.285715103149414,0,156841.43963623047,0,0,4112314368,0,927125504,0
200,1788379559462,3191,3191,15.000000953674316,10,0,156841.43963623047,0,0,4112314368,0,927125504,0
200,1788379559663,3191,3191,14.285715103149414,14.285715103149414,0,156841.43963623047,0,0,4112314368,0,927125504,0
200,1788379559863,3191,3191,10.526315689086914,10.526315689086914,0,156841.43963623047,0,0,4112314368,0,927125504,0
200,1788379560063,3191,3191,0,0,0,156841.43963623047,0,0,4112314368,0,927125504,0
200,1788379560263,3191,3191,20,20,0,156841.72076416016,0,0,4112314368,0,927125504,0
200,1788379560464,3191,3191,9.523809432983398,5,0,156841.72076416016,0,0,4112314368,0,927125504,0
200,1788379560664,3191,3191,10,15.000000953674316,0,156841.72076416016,0,0,4112314368,0,927125504,0
200,1788379560864,3191,3191,19.047618865966797,10,0,156841.72076416016,0,0,4112314368,0,927125504,0
200,1788379561064,3191,3191,9.523809432983398,5,0,156841.72076416016,0,0,4112314368,0,927125504,0
200,1788379561264,3191,3191,14.285715103149414,10.526315689086914,0,156841.93292236328,0,0,4112314368,0,927125504,0
200,1788379561464,3191,3191,0,4.761904716491699,0,156841.93292236328,0,0,4112314368,0,927125504,0
200,1788379561665,3191,3191,19.047618865966797,21.052631378173828,0,156841.93292236328,0,0,4112314368,0,927125504,0
200,1788379561865,3191,3191,10,9.523809432983398,0,156841.93292236328,0,0,4112314368,0,927125504,0
200,1788379562065,3191,3191,5,9.523809432983398,0,156841.93292236328,0,0,4112314368,0,927125504,0
200,1788379562265,3191,3191,20,20,0,156842.17108154297,0,0,4112314368,0,927125504,0
200,1788379562465,3191,3191,5,5,0,156842.17108154297,0,0,4112314368,0,927125504,0
200,1788379562665,3191,3191,14.285715103149414,5.555555820465088,0,156842.17108154297,0,0,4112314368,0,927125504,0
200,1788379562865,3191,3191,0,4.761904716491699,0,156842.17108154297,0,0,4112314368,0,927125504,0
200,1788379563065,3191,3191,23.809524536132813,25,0,156842.17108154297,0,0,4112314368,0,927125504,0
200,1788379563266,3191,3191,0,0,0,156842.4512939453,0,0,4112314368,0,927125504,0
200,1788379563466,3191,3191,5,5,0,156842.4512939453,0,0,4112314368,0,927125504,0
200,1788379563666,3191,3191,25,20,0,156842.4512939453,0,0,4112314368,0,927117312,0
200,1788379563866,3191,3191,5,9.090909004211426,0,156842.4512939453,0,0,4112314368,0,927117312,0
200,1788379564067,3191,3191,14.285715103149414,5.263157844543457,0,156842.4512939453,0,0,4112314368,0,927117312,0
200,1788379564267,3191,3191,15.000000953674316,20,0,156842.83544921875,0,0,4112314368,0,927117312,0
200,1788379564467,3191,3191,10,10,0,156842.83544921875,0,0,4112314368,0,927117312,0
200,1788379564668,3191,3191,0,5,0,156842.83544921875,0,0,4112314368,0,927117312,0
200,1788379564868,3191,3191,19.047618865966797,15.789472579956055,0,156842.83544921875,0,0,4112314368,0,927117312,0
199,1788379565068,3191,3191,10.526315689086914,14.285715103149414,0,156842.83544921875,0,0,4112314368,0,927117312,0
200,1788379565268,3191,3191,10.526315689086914,14.285715103149414,0,156843.15557861328,0,0,4112314368,0,927117312,0
200,1788379565468,3191,3191,11.904762268066406,12.5,0,156843.15557861328,0,0,4112314368,0,927117312,0
200,1788379565668,3191,3191,10,18.18181800842285,0,156843.15557861328,0,0,4112314368,0,927117312,0
200,1788379565868,3191,3191,0,5.263157844543457,0,156843.15557861328,0,0,4112314368,0,927117312,0
200,1788379566068,3191,3191,20,19.047618865966797,0,156843.15557861328,0,0,4112314368,0,927117312,0
200,1788379566268,3191,3191,10,14.285715103149414,0,156843.7176513672,0,0,4112314368,0,927117312,0
200,1788379566469,3191,3191,5.555555820465088,15.000000953674316,0,156843.7176513672,0,0,4112314368,0,927117312,0
200,1788379566669,3191,3191,10.526315689086914,20,0,156843.7176513672,0,0,4112314368,0,927117312,0
200,1788379566869,3191,3191,22.72727394104004,14.285715103149414,0,156843.7176513672,0,0,4112314368,0,927117312,0
200,1788379567069,3191,3191,10,10.526315689086914,0,156843.7176513672,0,0,4112314368,0,927117312,0
200,1788379567269,3191,3191,10,14.285715103149414,0,156844.25653076172,0,0,4112314368,0,927117312,0
200,1788379567469,3191,3191,10.526315689086914,19.047618865966797,0,156844.25653076172,0,0,4112314368,0,927117312,0
200,1788379567669,3191,3191,10,14.285715103149414,0,156844.25653076172,0,0,4112314368,0,927117312,0
200,1788379567869,3191,3191,5,5,0,156844.25653076172,0,0,4112314368,0,927117312,0
200,1788379568070,3191,3191,26.086956024169922,10.526315689086914,0,156844.25653076172,0,0,4112314368,0,927117312,0
200,1788379568270,3191,3191,10,14.285715103149414,0,156844.64196777344,0,0,4112314368,0,927117312,0
200,1788379568470,3191,3191,10.526315689086914,22.72727394104004,0,156844.64196777344,0,0,4112314368,0,927117312,0
200,1788379568670,3191,3191,9.523809432983398,5,0,156844.64196777344,0,0,4112314368,0,927117312,0
200,1788379568870,3191,3191,15.789472579956055,20,0,156844.64196777344,0,0,4112314368,0,927117312,0
200,1788379569071,3191,3191,13.636363983154297,5,0,156844.64196777344,0,0,4112314368,0,927117312,0
200,1788379569271,3191,3191,22.72727394104004,15.000000953674316,0,156844.98413085938,0,0,4112314368,0,927117312,0
200,1788379569471,3191,3191,19.047618865966797,5.555555820465088,0,156844.98413085938,0,0,4112314368,0,927117312,0
200,1788379569671,3191,3191,10,9.523809432983398,0,156844.98413085938,0,0,4112314368,0,927117312,0
200,1788379569871,3191,3191,14.285715103149414,19.047618865966797,0,156844.98413085938,0,0,4112314368,0,927117312,0
200,1788379570072,3191,3191,18.18181800842285,10.526315689086914,0,156844.98413085938,0,0,4112314368,0,927117312,0
200,1788379570272,3191,3191,10,14.285715103149414,0,156845.380859375,0,0,4112314368,0,927117312,0
200,1788379570472,3191,3191,18.18181800842285,5.263157844543457,0,156845.380859375,0,0,4112314368,0,927117312,0
200,1788379570672,3191,3191,10,5.263157844543457,0,156845.380859375,0,0,4112314368,0,927117312,0
200,1788379570872,3191,3191,15.000000953674316,22.72727394104004,0,156845.380859375,0,0,4112314368,0,927117312,0
200,1788379571072,3191,3191,9.523809432983398,5.263157844543457,0,156845.380859375,0,0,4112314368,0,927117312,0
200,1788379571272,3191,3191,5.555555820465088,22.72727394104004,0,156845.7540283203,0,0,4112314368,0,927117312,0
200,1788379571472,3191,3191,18.18181800842285,15.000000953674316,0,156845.7540283203,0,0,4112314368,0,927117312,0
200,1788379571673,3191,3191,5.263157844543457,5,0,156845.7540283203,0,0,4112314368,0,927117312,0
200,1788379571873,3191,3191,10,26.086956024169922,0,156845.7540283203,0,0,4112314368,0,927117312,0
200,1788379572073,3191,3191,10.526315689086914,19.047618865966797,0,156845.7540283203,0,0,4112314368,0,927117312,0
199,1788379572273,3191,3191,10,10,0,156846.10864257813,0,0,4112314368,0,927117312,0
200,1788379572473,3191,3191,0,14.285715103149414,0,156846.10864257813,0,0,4112314368,0,927117312,0
200,1788379572674,3191,3191,15.000000953674316,14.285715103149414,0,156846.10864257813,0,0,4112314368,0,927117312,0
200,1788379572874,3191,3191,18.18181800842285,10.526315689086914,0,156846.10864257813,0,0,4112314368,0,927117312,0
200,1788379573074,3191,3191,14.285715103149414,10,0,156846.10864257813,0,0,4112314368,0,927117312,0
200,1788379573275,3191,3191,15.789472579956055,19.047618865966797,0,156846.4776611328,0,0,4112314368,0,927117312,0
200,1788379573475,3191,3191,21.7391300201416,5.555555820465088,0,156846.4776611328,0,0,4112314368,0,927117312,0
200,1788379573676,3191,3191,15.000000953674316,15.000000953674316,0,156846.4776611328,0,0,4112314368,0,927117312,0
200,1788379573876,3191,3191,10,18.18181800842285,0,156846.4776611328,0,0,4112314368,0,927117312,0
200,1788379574076,3191,3191,10.526315689086914,10.526315689086914,0,156846.4776611328,0,0,4112314368,0,927117312,0
200,1788379574276,3191,3191,9.523809432983398,5,0,156846.9400024414,0,0,4112314368,0,927117312,0
200,1788379574476,3191,3191,15.000000953674316,23.809524536132813,0,156846.9400024414,0,0,4112314368,0,927117312,0
200,1788379574676,3191,3191,14.285715103149414,9.523809432983398,0,156846.9400024414,0,0,4112314368,0,927117312,0
200,1788379574876,3191,3191,18.18181800842285,5.263157844543457,0,156846.9400024414,0,0,4112314368,0,927117312,0
200,1788379575077,3191,3191,19.047618865966797,10.526315689086914,0,156846.9400024414,0,0,4112314368,0,927117312,0
200,1788379575277,3191,3191,18.18181800842285,5.263157844543457,0,156847.3145751953,0,0,4112314368,0,927117312,0
200,1788379575477,3191,3191,19.047618865966797,15.000000953674316,0,156847.3145751953,0,0,4112314368,0,927117312,0
200,1788379575677,3191,3191,13.636363983154297,15.000000953674316,0,156847.3145751953,0,0,4112314368,0,927117312,0
200,1788379575877,3191,3191,5,9.523809432983398,0,156847.3145751953,0,0,4112314368,0,927117312,0
200,1788379576077,3191,3191,15.000000953674316,15.000000953674316,0,156847.3145751953,0,0,4112314368,0,927117312,0
200,1788379576277,3191,3191,19.047618865966797,19.047618865966797,0,156847.99255371094,0,0,4112314368,0,927117312,0
200,1788379576477,3191,3191,10,5.263157844543457,0,156847.99255371094,0,0,4112314368,0,927117312,0
200,1788379576678,3191,3191,10,10,0,156847.99255371094,0,0,4112314368,0,927117312,0
200,1788379576878,3191,3191,10,19.047618865966797,0,156847.99255371094,0,0,4112314368,0,927117312,0
200,1788379577078,3191,3191,14.285715103149414,10,0,156847.99255371094,0,0,4112314368,0,927117312,0
200,1788379577278,3191,3191,5.555555820465088,10,0,156848.39947509766,0,0,4112314368,0,927117312,0
200,1788379577479,3191,3191,14.285715103149414,19.047618865966797,0,156848.39947509766,0,0,4112314368,0,927117312,0
200,1788379577679,3191,3191,15.000000953674316,19.047618865966797,0,156848.39947509766,0,0,4112314368,0,927117312,0
200,1788379577879,3191,3191,14.285715103149414,10,0,156848.39947509766,0,0,4112314368,0,927117312,0
200,1788379578079,3191,3191,10,14.285715103149414,0,156848.39947509766,0,0,4112314368,0,927117312,0
199,1788379578279,3191,3191,10,10.526315689086914,0,156848.73699951172,0,0,4112314368,0,927117312,0
200,1788379578479,3191,3191,19.047618865966797,10,0,156848.73699951172,0,0,4112314368,0,927117312,0
200,1788379578680,3191,3191,9.523809432983398,5.263157844543457,0,156848.73699951172,0,0,4112314368,0,927117312,0
200,1788379578880,3191,3191,15.000000953674316,19.047618865966797,0,156848.73699951172,0,0,4112314368,0,927117312,0
200,1788379579080,3191,3191,10.526315689086914,14.285715103149414,0,156848.73699951172,0,0,4112314368,0,927117312,0
200,1788379579280,3191,3191,14.285715103149414,10,0,156849.09796142578,0,0,4112314368,0,927117312,0
200,1788379579480,3191,3191,14.285715103149414,10,0,156849.09796142578,0,0,4112314368,0,927117312,0
200,1788379579680,3191,3191,5.555555820465088,18.18181800842285,0,156849.09796142578,0,0,4112314368,0,927117312,0
200,1788379579881,3191,3191,14.285715103149414,10,0,156849.09796142578,0,0,4112314368,0,927117312,0
200,1788379580081,3191,3191,19.047618865966797,15.789472579956055,0,156849.09796142578,0,0,4112314368,0,927117312,0
200,1788379580281,3191,3191,15.789472579956055,15.000000953674316,0,156849.48510742188,0,0,4112314368,0,927117312,0
200,1788379580481,3191,3191,14.285715103149414,14.285715103149414,0,156849.48510742188,0,0,4112314368,0,927117312,0
200,1788379580681,3191,3191,14.285715103149414,10.526315689086914,0,156849.48510742188,0,0,4112314368,0,927117312,0
200,1788379580881,3191,3191,10.526315689086914,10.526315689086914,0,156849.48510742188,0,0,4112314368,0,927117312,0
200,1788379581081,3191,3191,10,18.18181800842285,0,156849.48510742188,0,0,4112314368,0,927117312,0
200,1788379581282,3191,3191,10,13.636363983154297,0,156849.89331054688,0,0,4112314368,0,927117312,0
200,1788379581482,3191,3191,10,15.000000953674316,0,156849.89331054688,0,0,4112314368,0,927117312,0
200,1788379581682,3191,3191,10.526315689086914,10,0,156849.89331054688,0,0,4112314368,0,927117312,0
200,1788379581882,3191,3191,10,10,0,156849.89331054688,0,0,4112314368,0,927117312,0
200,1788379582082,3191,3191,22.72727394104004,18.18181800842285,0,156849.89331054688,0,0,4112314368,0,927117312,0
200,1788379582282,3191,3191,14.285715103149414,9.523809432983398,0,156850.2001953125,0,0,4112314368,0,927117312,0
200,1788379582483,3191,3191,10.526315689086914,5.263157844543457,0,156850.2001953125,0,0,4112314368,0,927117312,0
200,1788379582683,3191,3191,14.285715103149414,15.000000953674316,0,156850.2001953125,0,0,4112314368,0,927117312,0
200,1788379582883,3191,3191,15.000000953674316,21.7391300201416,0,156850.2001953125,0,0,4112314368,0,927117312,0
200,1788379583083,3191,3191,9.523809432983398,5.263157844543457,0,156850.2001953125,0,0,4112314368,0,927117312,0
200,1788379583283,3191,3191,10,15.789472579956055,0,156850.61743164063,0,0,4112314368,0,927117312,0
200,1788379583483,3191,3191,14.285715103149414,10,0,156850.61743164063,0,0,4112314368,0,927117312,0
200,1788379583684,3191,3191,14.285715103149414,10,0,156850.61743164063,0,0,4112314368,0,927117312,0
200,1788379583884,3191,3191,15.000000953674316,10.526315689086914,0,156850.61743164063,0,0,4112314368,0,927117312,0
200,1788379584084,3191,3191,18.18181800842285,10.526315689086914,0,156850.61743164063,0,0,4112314368,0,927117312,0
200,1788379584284,3191,3191,10.526315689086914,14.285715103149414,0,156851.06085205078,0,0,4112314368,0,927117312,0
200,1788379584484,3191,3191,10.526315689086914,14.285715103149414,0,156851.06085205078,0,0,4112314368,0,927117312,0
200,1788379584684,3191,3191,7.692307949066162,16.666667938232422,0,156851.06085205078,0,0,4112314368,0,927117312,0
200,1788379584884,3191,3191,5.263157844543457,10,0,156851.06085205078,0,0,4112314368,0,927117312,0
200,1788379585085,3191,3191,14.285715103149414,10.526315689086914,0,156851.06085205078,0,0,4112314368,0,927117312,0
200,1788379585285,3191,3191,10,14.285715103149414,0,156851.4208984375,0,0,4112314368,0,927117312,0
200,1788379585485,3191,3191,10,14.285715103149414,0,156851.4208984375,0,0,4112314368,0,927117312,0
200,1788379585685,3191,3191,19.047618865966797,15.000000953674316,0,156851.4208984375,0,0,4112314368,0,927117312,0
200,1788379585885,3191,3191,14.285715103149414,5.263157844543457,0,156851.4208984375,0,0,4112314368,0,927117312,0
200,1788379586085,3191,3191,0,14.285715103149414,0,156851.4208984375,0,0,4112314368,0,927117312,0
200,1788379586285,3191,3191,14.285715103149414,10,0,156852.0897216797,0,0,4112314368,0,927117312,0
200,1788379586485,3191,3191,15.000000953674316,20,0,156852.0897216797,0,0,4112314368,0,927117312,0
200,1788379586685,3191,3191,10,18.18181800842285,0,156852.0897216797,0,0,4112314368,0,927121408,0
200,1788379586886,3191,3191,10.526315689086914,5.263157844543457,0,156852.0897216797,0,0,4112314368,0,927121408,0
200,1788379587086,3191,3191,14.285715103149414,20,0,156852.0897216797,0,0,4112314368,0,927121408,0
200,1788379587286,3191,3191,15.000000953674316,14.285715103149414,0,156852.53369140625,0,0,4112314368,0,927121408,0
200,1788379587486,3191,3191,15.000000953674316,15.000000953674316,0,156852.53369140625,0,0,4112314368,0,927121408,0
200,1788379587686,3191,3191,10,10.526315689086914,0,156852.53369140625,0,0,4112314368,0,927121408,0
200,1788379587887,3191,3191,15.000000953674316,22.72727394104004,0,156852.53369140625,0,0,4112314368,0,927121408,0
200,1788379588087,3191,3191,9.523809432983398,0,0,156852.53369140625,0,0,4112314368,0,927121408,0
200,1788379588287,3191,3191,14.285715103149414,19.047618865966797,0,156852.88671875,0,0,4112314368,0,927121408,0
200,1788379588487,3191,3191,14.285715103149414,9.523809432983398,0,156852.88671875,0,0,4112314368,0,927121408,0
200,1788379588687,3191,3191,15.000000953674316,10.526315689086914,0,156852.88671875,0,0,4112314368,0,927121408,0
200,1788379588888,3191,3191,13.636363983154297,9.523809432983398,0,156852.88671875,0,0,4112314368,0,927121408,0
200,1788379589088,3191,3191,10.526315689086914,15.000000953674316,0,156852.88671875,0,0,4112314368,0,927121408,0
200,1788379589288,3191,3191,10.526315689086914,10,0,156853.26104736328,0,0,4112314368,0,927121408,0
200,1788379589488,3191,3191,9.523809432983398,10,0,156853.26104736328,0,0,4112314368,0,927121408,0
200,1788379589688,3191,3191,20,19.047618865966797,0,156853.26104736328,0,0,4112314368,0,927121408,0
200,1788379589888,3191,3191,14.285715103149414,14.285715103149414,0,156853.26104736328,0,0,4112314368,0,927121408,0
200,1788379590088,3191,3191,0,10.526315689086914,0,156853.26104736328,0,0,4112314368,0,927121408,0
200,1788379590289,3191,3191,15.000000953674316,19.047618865966797,0,156853.66107177734,0,0,4112314368,0,927121408,0
200,1788379590489,3191,3191,5.263157844543457,18.18181800842285,0,156853.66107177734,0,0,4112314368,0,927121408,0
200,1788379590689,3191,3191,5,5.263157844543457,0,156853.66107177734,0,0,4112314368,0,927121408,0
200,1788379590889,3191,3191,19.047618865966797,5.263157844543457,0,156853.66107177734,0,0,4112314368,0,927121408,0
200,1788379591089,3191,3191,19.047618865966797,15.000000953674316,0,156853.66107177734,0,0,4112314368,0,927121408,0
200,1788379591289,3191,3191,10,14.285715103149414,0,156853.98992919922,0,0,4112314368,0,927121408,0
200,1788379591490,3191,3191,19.047618865966797,10.526315689086914,0,156853.98992919922,0,0,4112314368,0,927121408,0
200,1788379591690,3191,3191,10,10,0,156853.98992919922,0,0,4112314368,0,927121408,0
200,1788379591890,3191,3191,18.18181800842285,14.285715103149414,0,156853.98992919922,0,0,4112314368,0,927121408,0
200,1788379592090,3191,3191,14.285715103149414,5.263157844543457,0,156853.98992919922,0,0,4112314368,0,927121408,0
200,1788379592290,3191,3191,10.526315689086914,14.285715103149414,0,156854.3696899414,0,0,4112314368,0,927121408,0
200,1788379592491,3191,3191,5.555555820465088,23.809524536132813,0,156854.3696899414,0,0,4112314368,0,927121408,0
200,1788379592691,3191,3191,14.285715103149414,10,0,156854.3696899414,0,0,4112314368,0,927121408,0
200,1788379592891,3191,3191,14.285715103149414,5.263157844543457,0,156854.3696899414,0,0,4112314368,0,927121408,0
200,1788379593091,3191,3191,10,9.523809432983398,0,156854.3696899414,0,0,4112314368,0,927121408,0
200,1788379593291,3191,3191,15.000000953674316,15.000000953674316,0,156854.81774902344,0,0,4112314368,0,927121408,0
199,1788379593491,3191,3191,18.18181800842285,10,0,156854.81774902344,0,0,4112314368,0,927121408,0
200,1788379593691,3191,3191,15.000000953674316,18.18181800842285,0,156854.81774902344,0,0,4112314368,0,927121408,0
200,1788379593892,3191,3191,19.047618865966797,10.526315689086914,0,156854.81774902344,0,0,4112314368,0,927121408,0
200,1788379594092,3191,3191,10,5.263157844543457,0,156854.81774902344,0,0,4112314368,0,927121408,0
200,1788379594292,3191,3191,19.047618865966797,15.000000953674316,0,156855.25830078125,0,0,4112314368,0,927121408,0
200,1788379594492,3191,3191,10.526315689086914,15.000000953674316,0,156855.25830078125,0,0,4112314368,0,927121408,0
200,1788379594692,3191,3191,14.285715103149414,5.263157844543457,0,156855.25830078125,0,0,4112314368,0,927129600,0
200,1788379594892,3191,3191,10,10,0,156855.25830078125,0,0,4112314368,0,927129600,0
200,1788379595092,3191,3191,10,18.18181800842285,0,156855.25830078125,0,0,4112314368,0,927129600,0
200,1788379595292,3191,3191,9.523809432983398,10,0,156855.69213867188,0,0,4112314368,0,927129600,0
200,1788379595492,3191,3191,15.000000953674316,5.263157844543457,0,156855.69213867188,0,0,4112314368,0,927129600,0
200,1788379595693,3191,3191,14.285715103149414,15.000000953674316,0,156855.69213867188,0,0,4112314368,0,927129600,0
200,1788379595893,3191,3191,10.526315689086914,14.285715103149414,0,156855.69213867188,0,0,4112314368,0,927129600,0
200,1788379596093,3191,3191,14.285715103149414,14.285715103149414,0,156855.69213867188,0,0,4112314368,0,927129600,0
200,1788379596293,3191,3191,19.047618865966797,5.263157844543457,0,156856.28784179688,0,0,4112314368,0,927129600,0
200,1788379596493,3191,3191,10,14.285715103149414,0,156856.28784179688,0,0,4112314368,0,927129600,0
200,1788379596693,3191,3191,23.809524536132813,40,0,156856.28784179688,0,0,4112314368,0,927129600,0
200,1788379596893,3191,3191,27.272727966308594,33.333335876464844,0,156856.28784179688,0,0,4112314368,0,927129600,0
200,1788379597093,3191,3191,10.526315689086914,19.047618865966797,0,156856.28784179688,0,0,4112314368,0,927129600,0
200,1788379597294,3191,3191,10,5.263157844543457,0,156856.9429321289,0,0,4112314368,0,927129600,0
200,1788379597494,3191,3191,14.285715103149414,21.7391300201416,0,156856.9429321289,0,0,4112314368,0,927129600,0
200,1788379597694,3191,3191,18.18181800842285,5.263157844543457,0,156856.9429321289,0,0,4112314368,0,927129600,0
200,1788379597894,3191,3191,10.526315689086914,10,0,156856.9429321289,0,0,4112314368,0,927129600,0
200,1788379598095,3191,3191,5,10,0,156856.9429321289,0,0,4112314368,0,927129600,0
200,1788379598295,3191,3191,15.789472579956055,20,0,156857.27264404297,0,0,4112314368,0,927129600,0
200,1788379598495,3191,3191,10,13.636363983154297,0,156857.27264404297,0,0,4112314368,0,927334400,0
200,1788379598695,3191,3191,14.285715103149414,15.000000953674316,0,156857.27264404297,0,0,4112314368,0,927387648,0
200,1788379598896,3191,3191,14.285715103149414,10.526315689086914,0,156857.27264404297,0,0,4112314368,0,927387648,0
200,1788379599096,3191,3191,14.285715103149414,10,0,156857.27264404297,0,0,4112314368,0,927387648,0
200,1788379599296,3191,3191,5.263157844543457,13.636363983154297,0,156857.64038085938,0,0,4112314368,0,927387648,0
200,1788379599496,3191,3191,14.285715103149414,14.285715103149414,0,156857.64038085938,0,0,4112314368,0,927387648,0
200,1788379599696,3191,3191,15.000000953674316,10,0,156857.64038085938,0,0,4112314368,0,927387648,0
200,1788379599896,3191,3191,10,5.555555820465088,0,156857.64038085938,0,0,4112314368,0,927387648,0
200,1788379600097,3191,3191,17.39130401611328,10,0,156857.64038085938,0,0,4112314368,0,927387648,0
200,1788379600297,3191,3191,5.555555820465088,10.526315689086914,0,156857.98461914063,0,0,4112314368,0,927387648,0
200,1788379600497,3191,3191,18.18181800842285,14.285715103149414,0,156857.98461914063,0,0,4112314368,0,927387648,0
200,1788379600697,3191,3191,19.047618865966797,14.285715103149414,0,156857.98461914063,0,0,4112314368,0,927387648,0
200,1788379600898,3191,3191,10.526315689086914,15.000000953674316,0,156857.98461914063,0,0,4112314368,0,927387648,0
200,1788379601098,3191,3191,5.263157844543457,14.285715103149414,0,156857.98461914063,0,0,4112314368,0,927387648,0
200,1788379601298,3191,3191,22.72727394104004,15.000000953674316,0,156858.3839111328,0,0,4112314368,0,927387648,0
200,1788379601498,3191,3191,10.526315689086914,15.000000953674316,0,156858.3839111328,0,0,4112314368,0,927387648,0
200,1788379601698,3191,3191,10,10,0,156858.3839111328,0,0,4112314368,0,927387648,0
200,1788379601898,3191,3191,14.285715103149414,10,0,156858.3839111328,0,0,4112314368,0,927387648,0
200,1788379602099,3191,3191,10,15.000000953674316,0,156858.3839111328,0,0,4112314368,0,927387648,0
200,1788379602299,3191,3191,10,5.263157844543457,0,156858.7449951172,0,0,4112314368,0,927387648,0
200,1788379602499,3191,3191,14.285715103149414,10,0,156858.7449951172,0,0,4112314368,0,927387648,0
200,1788379602699,3191,3191,15.000000953674316,15.000000953674316,0,156858.7449951172,0,0,4112314368,0,927387648,0
200,1788379602899,3191,3191,5.263157844543457,5.263157844543457,0,156858.7449951172,0,0,4112314368,0,927387648,0
200,1788379603099,3191,3191,14.285715103149414,19.047618865966797,0,156858.7449951172,0,0,4112314368,0,927387648,0
200,1788379603300,3191,3191,10,5.263157844543457,0,156859.13189697266,0,0,4112314368,0,927387648,0
200,1788379603500,3191,3191,10,10,0,156859.13189697266,0,0,4112314368,0,927387648,0
200,1788379603700,3191,3191,14.285715103149414,5,0,156859.13189697266,0,0,4112314368,0,927387648,0
200,1788379603900,3191,3191,20,15.789472579956055,0,156859.13189697266,0,0,4112314368,0,927387648,0
200,1788379604100,3191,3191,14.285715103149414,14.285715103149414,0,156859.13189697266,0,0,4112314368,0,927387648,0
200,1788379604301,3191,3191,14.285715103149414,5.555555820465088,0,156859.54418945313,0,0,4112314368,0,927387648,0
200,1788379604501,3191,3191,5.263157844543457,19.047618865966797,0,156859.54418945313,0,0,4112314368,0,927387648,0
200,1788379604701,3191,3191,14.285715103149414,14.285715103149414,0,156859.54418945313,0,0,4112314368,0,927387648,0
200,1788379604901,3191,3191,18.18181800842285,5.263157844543457,0,156859.54418945313,0,0,4112314368,0,927387648,0
200,1788379605101,3191,3191,10,15.000000953674316,0,156859.54418945313,0,0,4112314368,0,927387648,0
200,1788379605302,3191,3191,19.047618865966797,10,0,156859.9620361328,0,0,4112314368,0,927387648,0
200,1788379605502,3191,3191,10,5.263157844543457,0,156859.9620361328,0,0,4112314368,0,927387648,0
200,1788379605702,3191,3191,14.285715103149414,18.18181800842285,0,156859.9620361328,0,0,4112314368,0,927387648,0
200,1788379605902,3191,3191,15.000000953674316,15.000000953674316,0,156859.9620361328,0,0,4112314368,0,927387648,0
200,1788379606102,3191,3191,10,10,0,156859.9620361328,0,0,4112314368,0,927387648,0
200,1788379606302,3191,3191,14.285715103149414,18.18181800842285,0,156860.42712402344,0,0,4112314368,0,927387648,0
200,1788379606503,3191,3191,5.555555820465088,19.047618865966797,0,156860.42712402344,0,0,4112314368,0,927387648,0
200,1788379606703,3191,3191,5,10,0,156860.42712402344,0,0,4112314368,0,927387648,0
200,1788379606903,3191,3191,19.047618865966797,10,0,156860.42712402344,0,0,4112314368,0,927387648,0
200,1788379607103,3191,3191,15.000000953674316,10.526315689086914,0,156860.42712402344,0,0,4112314368,0,927387648,0
200,1788379607303,3191,3191,0,14.285715103149414,0,156860.9507446289,0,0,4112314368,0,927387648,0
200,1788379607503,3191,3191,14.285715103149414,5.263157844543457,0,156860.9507446289,0,0,4112314368,0,927387648,0
200,1788379607704,3191,3191,20,20,0,156860.9507446289,0,0,4112314368,0,927387648,0
200,1788379607904,3191,3191,9.523809432983398,5,0,156860.9507446289,0,0,4112314368,0,927387648,0
200,1788379608104,3191,3191,19.047618865966797,15.000000953674316,0,156860.9507446289,0,0,4112314368,0,927387648,0
200,1788379608304,3191,3191,10.526315689086914,19.047618865966797,0,156861.34344482422,0,0,4112314368,0,927387648,0
200,1788379608504,3191,3191,10,14.285715103149414,0,156861.34344482422,0,0,4112314368,0,927387648,0
200,1788379608704,3191,3191,10,14.285715103149414,0,156861.34344482422,0,0,4112314368,0,927387648,0
200,1788379608904,3191,3191,17.073171615600586,15.000000953674316,0,156861.34344482422,0,0,4112314368,0,927387648,0
200,1788379609104,3191,3191,5,10,0,156861.34344482422,0,0,4112314368,0,927387648,0
200,1788379609305,3191,3191,10.526315689086914,10,0,156861.7305908203,0,0,4112314368,0,927387648,0
200,1788379609505,3191,3191,5.263157844543457,18.18181800842285,0,156861.7305908203,0,0,4112314368,0,927387648,0
200,1788379609705,3191,3191,14.285715103149414,10.526315689086914,0,156861.7305908203,0,0,4112314368,0,927387648,0
200,1788379609905,3191,3191,10.526315689086914,14.285715103149414,0,156861.7305908203,0,0,4112314368,0,927387648,0
200,1788379610106,3191,3191,10.526315689086914,20.833332061767578,0,156861.7305908203,0,0,4112314368,0,927387648,0
200,1788379610306,3191,3191,10,5.555555820465088,0,156862.09802246094,0,0,4112314368,0,927387648,0
200,1788379610506,3191,3191,5,9.523809432983398,0,156862.09802246094,0,0,4112314368,0,927387648,0
200,1788379610706,3191,3191,11.111111640930176,10.526315689086914,0,156862.09802246094,0,0,4112314368,0,927387648,0
200,1788379610906,3191,3191,14.285715103149414,10,0,156862.09802246094,0,0,4112314368,0,927387648,0
200,1788379611106,3191,3191,20,11.111111640930176,0,156862.09802246094,0,0,4112314368,0,927387648,0
200,1788379611307,3191,3191,9.523809432983398,9.523809432983398,0,156862.48907470703,0,0,4112314368,0,927387648,0
200,1788379611507,3191,3191,10,10,0,156862.48907470703,0,0,4112314368,0,927387648,0
200,1788379611707,3191,3191,5.555555820465088,19.047618865966797,0,156862.48907470703,0,0,4112314368,0,927387648,0
200,1788379611907,3191,3191,14.285715103149414,15.000000953674316,0,156862.48907470703,0,0,4112314368,0,927387648,0
200,1788379612108,3191,3191,10,9.523809432983398,0,156862.48907470703,0,0,4112314368,0,927387648,0
200,1788379612308,3191,3191,18.18181800842285,19.047618865966797,0,156862.85870361328,0,0,4112314368,0,927387648,0
200,1788379612508,3191,3191,14.285715103149414,10.526315689086914,0,156862.85870361328,0,0,4112314368,0,927387648,0
200,1788379612708,3191,3191,10.526315689086914,14.285715103149414,0,156862.85870361328,0,0,4112314368,0,927387648,0
200,1788379612908,3191,3191,5.263157844543457,14.285715103149414,0,156862.85870361328,0,0,4112314368,0,927387648,0
200,1788379613108,3191,3191,15.000000953674316,15.000000953674316,0,156862.85870361328,0,0,4112314368,0,927387648,0
200,1788379613308,3191,3191,5.263157844543457,18.18181800842285,0,156863.29888916016,0,0,4112314368,0,927387648,0
200,1788379613508,3191,3191,9.523809432983398,14.285715103149414,0,156863.29888916016,0,0,4112314368,0,927387648,0
200,1788379613709,3191,3191,15.000000953674316,15.000000953674316,0,156863.29888916016,0,0,4112314368,0,927387648,0
200,1788379613909,3191,3191,10,14.285715103149414,0,156863.29888916016,0,0,4112314368,0,927387648,0
200,1788379614109,3191,3191,10,10.526315689086914,0,156863.29888916016,0,0,4112314368,0,927387648,0
200,1788379614309,3191,3191,14.285715103149414,14.285715103149414,0,156863.63702392578,0,0,4112314368,0,927387648,0
200,1788379614509,3191,3191,10,15.000000953674316,0,156863.63702392578,0,0,4112314368,0,927387648,0
200,1788379614709,3191,3191,15.000000953674316,15.000000953674316,0,156863.63702392578,0,0,4112314368,0,927387648,0
200,1788379614910,3191,3191,10,10,0,156863.63702392578,0,0,4112314368,0,927387648,0
200,1788379615110,3191,3191,15.000000953674316,15.000000953674316,0,156863.63702392578,0,0,4112314368,0,927387648,0
200,1788379615310,3191,3191,19.047618865966797,10,0,156864.0855102539,0,0,4112314368,0,927387648,0
200,1788379615510,3191,3191,5.263157844543457,10,0,156864.0855102539,0,0,4112314368,0,927387648,0
200,1788379615710,3191,3191,15.000000953674316,18.18181800842285,0,156864.0855102539,0,0,4112314368,0,927387648,0
200,1788379615910,3191,3191,5.555555820465088,19.047618865966797,0,156864.0855102539,0,0,4112314368,0,927387648,0
200,1788379616111,3191,3191,9.523809432983398,21.7391300201416,0,156864.0855102539,0,0,4112314368,0,927387648,0
200,1788379616311,3191,3191,14.285715103149414,10.526315689086914,0,156864.63482666016,0,0,4112314368,0,927387648,0
200,1788379616511,3191,3191,20,5.263157844543457,0,156864.63482666016,0,0,4112314368,0,927387648,0
200,1788379616711,3191,3191,13.636363983154297,14.285715103149414,0,156864.63482666016,0,0,4112314368,0,927387648,0
200,1788379616912,3191,3191,20.833332061767578,14.285715103149414,0,156864.63482666016,0,0,4112314368,0,927387648,0
200,1788379617112,3191,3191,10.526315689086914,22.72727394104004,0,156864.63482666016,0,0,4112314368,0,927387648,0
200,1788379617312,3191,3191,5,14.285715103149414,0,156865.08172607422,0,0,4112314368,0,927387648,0
200,1788379617512,3191,3191,10,19.047618865966797,0,156865.08172607422,0,0,4112314368,0,927387648,0
200,1788379617712,3191,3191,23.809524536132813,15.000000953674316,0,156865.08172607422,0,0,4112314368,0,927387648,0
200,1788379617912,3191,3191,5,10,0,156865.08172607422,0,0,4112314368,0,927387648,0
200,1788379618113,3191,3191,5.263157844543457,10.526315689086914,0,156865.08172607422,0,0,4112314368,0,927387648,0
200,1788379618313,3191,3191,18.18181800842285,10,0,156865.50744628906,0,0,4112314368,0,927387648,0
200,1788379618513,3191,3191,5.263157844543457,15.000000953674316,0,156865.50744628906,0,0,4112314368,0,927387648,0
200,1788379618713,3191,3191,14.285715103149414,10,0,156865.50744628906,0,0,4112314368,0,927387648,0
200,1788379618913,3191,3191,10.526315689086914,15.000000953674316,0,156865.50744628906,0,0,4112314368,0,927387648,0
200,1788379619113,3191,3191,14.285715103149414,19.047618865966797,0,156865.50744628906,0,0,4112314368,0,927387648,0
200,1788379619314,3191,3191,14.285715103149414,5.263157844543457,0,156865.88885498047,0,0,4112314368,0,927387648,0
200,1788379619514,3191,3191,10,14.285715103149414,0,156865.88885498047,0,0,4112314368,0,927387648,0
200,1788379619714,3191,3191,11.111111640930176,19.047618865966797,0,156865.88885498047,0,0,4112314368,0,927387648,0
200,1788379619914,3191,3191,14.285715103149414,10,0,156865.88885498047,0,0,4112314368,0,927387648,0
200,1788379620114,3191,3191,14.285715103149414,15.000000953674316,0,156865.88885498047,0,0,4112314368,0,927387648,0
200,1788379620314,3191,3191,10,5.263157844543457,0,156866.24243164063,0,0,4112314368,0,927387648,0
200,1788379620514,3191,3191,14.285715103149414,14.285715103149414,0,156866.24243164063,0,0,4112314368,0,927387648,0
200,1788379620715,3191,3191,10,15.789472579956055,0,156866.24243164063,0,0,4112314368,0,927387648,0
200,1788379620915,3191,3191,10,5,0,156866.24243164063,0,0,4112314368,0,927387648,0
200,1788379621115,3191,3191,5.263157844543457,10,0,156866.24243164063,0,0,4112314368,0,927387648,0
200,1788379621316,3191,3191,19.047618865966797,15.000000953674316,0,156866.62182617188,0,0,4112314368,0,927387648,0
200,1788379621516,3191,3191,14.285715103149414,10.526315689086914,0,156866.62182617188,0,0,4112314368,0,927387648,0
200,1788379621716,3191,3191,14.285715103149414,14.285715103149414,0,156866.62182617188,0,0,4112314368,0,927387648,0
200,1788379621916,3191,3191,22.72727394104004,15.000000953674316,0,156866.62182617188,0,0,4112314368,0,927387648,0
200,1788379622116,3191,3191,10,15.000000953674316,0,156866.62182617188,0,0,4112314368,0,927387648,0
200,1788379622317,3191,3191,19.047618865966797,10.526315689086914,0,156867.02600097656,0,0,4112314368,0,927387648,0
200,1788379622517,3191,3191,19.047618865966797,10,0,156867.02600097656,0,0,4112314368,0,927387648,0
200,1788379622717,3191,3191,0,10,0,156867.02600097656,0,0,4112314368,0,927387648,0
200,1788379622917,3191,3191,18.18181800842285,18.18181800842285,0,156867.02600097656,0,0,4112314368,0,927387648,0
200,1788379623117,3191,3191,14.285715103149414,10,0,156867.02600097656,0,0,4112314368,0,927387648,0
200,1788379623317,3191,3191,15.000000953674316,15.000000953674316,0,156867.42309570313,0,0,4112314368,0,927387648,0
200,1788379623518,3191,3191,10,10,0,156867.42309570313,0,0,4112314368,0,927387648,0
200,1788379623718,3191,3191,18.18181800842285,10.526315689086914,0,156867.42309570313,0,0,4112314368,0,927387648,0
200,1788379623918,3191,3191,5.263157844543457,10,0,156867.42309570313,0,0,4112314368,0,927387648,0
200,1788379624118,3191,3191,14.285715103149414,5.263157844543457,0,156867.42309570313,0,0,4112314368,0,927387648,0
200,1788379624318,3191,3191,15.000000953674316,15.000000953674316,0,156867.85223388672,0,0,4112314368,0,927387648,0
200,1788379624518,3191,3191,9.523809432983398,14.285715103149414,0,156867.85223388672,0,0,4112314368,0,927387648,0
200,1788379624719,3191,3191,10,19.047618865966797,0,156867.85223388672,0,0,4112314368,0,927387648,0
200,1788379624919,3191,3191,10.526315689086914,10,0,156867.85223388672,0,0,4112314368,0,927387648,0
200,1788379625119,3191,3191,13.636363983154297,5.263157844543457,0,156867.85223388672,0,0,4112314368,0,927387648,0
200,1788379625319,3191,3191,10.526315689086914,22.72727394104004,0,156868.24267578125,0,0,4112314368,0,927387648,0
199,1788379625519,3191,3191,14.285715103149414,10,0,156868.24267578125,0,0,4112314368,0,927387648,0
200,1788379625719,3191,3191,5.882352828979492,19.047618865966797,0,156868.24267578125,0,0,4112314368,0,927387648,0
199,1788379625920,3191,3191,10,13.636363983154297,0,156868.24267578125,0,0,4112314368,0,927387648,0
200,1788379626120,3191,3191,15.000000953674316,10.526315689086914,0,156868.24267578125,0,0,4112314368,0,927387648,0
200,1788379626320,3191,3191,10,5.263157844543457,0,156868.94506835938,0,0,4112314368,0,927387648,0
200,1788379626521,3191,3191,10,15.000000953674316,0,156868.94506835938,0,0,4112314368,0,927387648,0
200,1788379626721,3191,3191,10.526315689086914,18.18181800842285,0,156868.94506835938,0,0,4112314368,0,927387648,0
200,1788379626921,3191,3191,19.047618865966797,10.526315689086914,0,156868.94506835938,0,0,4112314368,0,927387648,0
200,1788379627121,3191,3191,10,15.000000953674316,0,156868.94506835938,0,0,4112314368,0,927387648,0
200,1788379627321,3191,3191,10,10,0,156869.38543701172,0,0,4112314368,0,927387648,0
200,1788379627522,3191,3191,14.285715103149414,14.285715103149414,0,156869.38543701172,0,0,4112314368,0,927387648,0
200,1788379627722,3191,3191,5.263157844543457,14.285715103149414,0,156869.38543701172,0,0,4112314368,0,927387648,0
200,1788379627922,3191,3191,14.285715103149414,10,0,156869.38543701172,0,0,4112314368,0,927387648,0
200,1788379628122,3191,3191,10.526315689086914,10.526315689086914,0,156869.38543701172,0,0,4112314368,0,927387648,0
200,1788379628323,3191,3191,22.72727394104004,10,0,156869.73114013672,0,0,4112314368,0,927387648,0
200,1788379628523,3191,3191,5.263157844543457,15.000000953674316,0,156869.73114013672,0,0,4112314368,0,927387648,0
200,1788379628723,3191,3191,10,5.263157844543457,0,156869.73114013672,0,0,4112314368,0,927387648,0
200,1788379628924,3191,3191,27.272727966308594,22.72727394104004,0,156869.73114013672,0,0,4112314368,0,927387648,0
200,1788379629124,3191,3191,14.285715103149414,10.526315689086914,0,156869.73114013672,0,0,4112314368,0,927387648,0
200,1788379629324,3191,3191,13.636363983154297,9.523809432983398,0,156870.15795898438,0,0,4112314368,0,927387648,0
200,1788379629524,3191,3191,23.809524536132813,10.526315689086914,0,156870.15795898438,0,0,4112314368,0,927387648,0
200,1788379629725,3191,3191,10.526315689086914,5.263157844543457,0,156870.15795898438,0,0,4112314368,0,927387648,0
200,1788379629925,3191,3191,5,10,0,156870.15795898438,0,0,4112314368,0,927387648,0
200,1788379630125,3191,3191,19.047618865966797,15.000000953674316,0,156870.15795898438,0,0,4112314368,0,927387648,0
200,1788379630326,3191,3191,10,18.18181800842285,0,156870.58361816406,0,0,4112314368,0,927387648,0
200,1788379630526,3191,3191,5,5.263157844543457,0,156870.58361816406,0,0,4112314368,0,927387648,0
200,1788379630726,3191,3191,15.000000953674316,19.047618865966797,0,156870.58361816406,0,0,4112314368,0,927387648,0
200,1788379630926,3191,3191,10,15.000000953674316,0,156870.58361816406,0,0,4112314368,0,927387648,0
200,1788379631126,3191,3191,10,9.523809432983398,0,156870.58361816406,0,0,4112314368,0,927387648,0
200,1788379631326,3191,3191,10.526315689086914,10.526315689086914,0,156870.87255859375,0,0,4112314368,0,927387648,0
200,1788379631526,3191,3191,15.000000953674316,15.000000953674316,0,156870.87255859375,0,0,4112314368,0,927387648,0
200,1788379631727,3191,3191,5,14.285715103149414,0,156870.87255859375,0,0,4112314368,0,927387648,0
200,1788379631927,3191,3191,5,0,0,156870.87255859375,0,0,4112314368,0,927387648,0
200,1788379632127,3191,3191,10.526315689086914,19.047618865966797,0,156870.87255859375,0,0,4112314368,0,927387648,0
200,1788379632327,3191,3191,10.526315689086914,19.047618865966797,0,156871.23205566406,0,0,4112314368,0,927387648,0
200,1788379632527,3191,3191,14.285715103149414,5.128205299377441,0,156871.23205566406,0,0,4112314368,0,927387648,0
200,1788379632727,3191,3191,15.789472579956055,11.111111640930176,0,156871.23205566406,0,0,4112314368,0,927387648,0
200,1788379632928,3191,3191,18.18181800842285,18.18181800842285,0,156871.23205566406,0,0,4112314368,0,927387648,0
200,1788379633128,3191,3191,10,5.263157844543457,0,156871.23205566406,0,0,4112314368,0,927387648,0
200,1788379633328,3191,3191,10.526315689086914,19.047618865966797,0,156871.60961914063,0,0,4112314368,0,927387648,0
199,1788379633528,3191,3191,14.285715103149414,14.285715103149414,0,156871.60961914063,0,0,4112314368,0,927387648,0
200,1788379633728,3191,3191,10,10,0,156871.60961914063,0,0,4112314368,0,927387648,0
200,1788379633928,3191,3191,10,15.000000953674316,0,156871.60961914063,0,0,4112314368,0,927387648,0
200,1788379634129,3191,3191,10.526315689086914,15.000000953674316,0,156871.60961914063,0,0,4112314368,0,927387648,0
200,1788379634329,3191,3191,5.263157844543457,17.39130401611328,0,156872.05505371094,0,0,4112314368,0,927387648,0
200,1788379634529,3191,3191,22.72727394104004,5.555555820465088,0,156872.05505371094,0,0,4112314368,0,927387648,0
200,1788379634729,3191,3191,13.636363983154297,10,0,156872.05505371094,0,0,4112314368,0,927387648,0
200,1788379634930,3191,3191,22.72727394104004,5.263157844543457,0,156872.05505371094,0,0,4112314368,0,927387648,0
200,1788379635130,3191,3191,5.263157844543457,10,0,156872.05505371094,0,0,4112314368,0,927387648,0
200,1788379635330,3191,3191,15.000000953674316,15.000000953674316,0,156872.41143798828,0,0,4112314368,0,927387648,0
200,1788379635530,3191,3191,10,10,0,156872.41143798828,0,0,4112314368,0,927387648,0
200,1788379635730,3191,3191,19.047618865966797,10.526315689086914,0,156872.41143798828,0,0,4112314368,0,927379456,0
200,1788379635930,3191,3191,15.000000953674316,18.18181800842285,0,156872.41143798828,0,0,4112314368,0,927379456,0
200,1788379636130,3191,3191,10.526315689086914,10,0,156872.41143798828,0,0,4112314368,0,927379456,0
200,1788379636330,3191,3191,9.523809432983398,22.72727394104004,0,156873.1893310547,0,0,4112314368,0,927379456,0
200,1788379636530,3191,3191,10,5.263157844543457,0,156873.1893310547,0,0,4112314368,0,927379456,0
200,1788379636731,3191,3191,15.000000953674316,10.526315689086914,0,156873.1893310547,0,0,4112314368,0,927379456,0
200,1788379636931,3191,3191,5.263157844543457,10,0,156873.1893310547,0,0,4112314368,0,927379456,0
200,1788379637131,3191,3191,14.285715103149414,15.000000953674316,0,156873.1893310547,0,0,4112314368,0,927379456,0
200,1788379637331,3191,3191,5.263157844543457,10,0,156873.5591430664,0,0,4112314368,0,927379456,0
200,1788379637531,3191,3191,14.285715103149414,10.526315689086914,0,156873.5591430664,0,0,4112314368,0,927379456,0
200,1788379637732,3191,3191,14.285715103149414,21.7391300201416,0,156873.5591430664,0,0,4112314368,0,927379456,0
200,1788379637932,3191,3191,10,10,0,156873.5591430664,0,0,4112314368,0,927379456,0
200,1788379638132,3191,3191,15.000000953674316,19.047618865966797,0,156873.5591430664,0,0,4112314368,0,927379456,0
200,1788379638332,3191,3191,15.000000953674316,15.000000953674316,0,156873.96942138672,0,0,4112314368,0,927379456,0
200,1788379638532,3191,3191,5,14.285715103149414,0,156873.96942138672,0,0,4112314368,0,927379456,0
200,1788379638732,3191,3191,15.000000953674316,15.000000953674316,0,156873.96942138672,0,0,4112314368,0,927379456,0
200,1788379638932,3191,3191,10,10,0,156873.96942138672,0,0,4112314368,0,927379456,0
200,1788379639133,3191,3191,15.000000953674316,10,0,156873.96942138672,0,0,4112314368,0,927379456,0
200,1788379639333,3191,3191,9.523809432983398,9.523809432983398,0,156874.3504638672,0,0,4112314368,0,927379456,0
200,1788379639533,3191,3191,15.789472579956055,23.809524536132813,0,156874.3504638672,0,0,4112314368,0,927379456,0
200,1788379639733,3191,3191,14.285715103149414,5.263157844543457,0,156874.3504638672,0,0,4112314368,0,927379456,0
200,1788379639933,3191,3191,10,14.285715103149414,0,156874.3504638672,0,0,4112314368,0,927379456,0
200,1788379640134,3191,3191,14.285715103149414,14.285715103149414,0,156874.3504638672,0,0,4112314368,0,927379456,0
200,1788379640334,3191,3191,15.000000953674316,15.000000953674316,0,156874.74169921875,0,0,4112314368,0,927379456,0
200,1788379640534,3191,3191,10,10,0,156874.74169921875,0,0,4112314368,0,927379456,0
200,1788379640734,3191,3191,18.18181800842285,10,0,156874.74169921875,0,0,4112314368,0,927379456,0
200,1788379640934,3191,3191,5.263157844543457,14.285715103149414,0,156874.74169921875,0,0,4112314368,0,927379456,0
200,1788379641134,3191,3191,15.000000953674316,10.526315689086914,0,156874.74169921875,0,0,4112314368,0,927379456,0
200,1788379641335,3191,3191,5.263157844543457,14.285715103149414,0,156875.08227539063,0,0,4112314368,0,927379456,0
200,1788379641535,3191,3191,14.285715103149414,14.285715103149414,0,156875.08227539063,0,0,4112314368,0,927379456,0
200,1788379641735,3191,3191,10,10,0,156875.08227539063,0,0,4112314368,0,927379456,0
200,1788379641935,3191,3191,0,14.285715103149414,0,156875.08227539063,0,0,4112314368,0,927379456,0
200,1788379642135,3191,3191,10.526315689086914,10.526315689086914,0,156875.08227539063,0,0,4112314368,0,927379456,0
200,1788379642336,3191,3191,21.7391300201416,15.000000953674316,0,156875.47723388672,0,0,4112314368,0,927379456,0
200,1788379642536,3191,3191,18.18181800842285,10,0,156875.47723388672,0,0,4112314368,0,927379456,0
200,1788379642736,3191,3191,15.000000953674316,14.285715103149414,0,156875.47723388672,0,0,4112314368,0,927379456,0
200,1788379642936,3191,3191,10,10.526315689086914,0,156875.47723388672,0,0,4112314368,0,927379456,0
200,1788379643136,3191,3191,5.263157844543457,14.285715103149414,0,156875.47723388672,0,0,4112314368,0,927379456,0
200,1788379643336,3191,3191,22.72727394104004,10,0,156875.82806396484,0,0,4112314368,0,927379456,0
200,1788379643536,3191,3191,15.000000953674316,23.809524536132813,0,156875.82806396484,0,0,4112314368,0,927379456,0
200,1788379643737,3191,3191,9.523809432983398,5,0,156875.82806396484,0,0,4112314368,0,927379456,0
200,1788379643937,3191,3191,15.000000953674316,19.047618865966797,0,156875.82806396484,0,0,4112314368,0,927379456,0
200,1788379644137,3191,3191,18.18181800842285,15.000000953674316,0,156875.82806396484,0,0,4112314368,0,927379456,0
200,1788379644337,3191,3191,10,9.523809432983398,0,156876.27349853516,0,0,4112314368,0,927379456,0
200,1788379644537,3191,3191,15.000000953674316,10.526315689086914,0,156876.27349853516,0,0,4112314368,0,927379456,0
200,1788379644737,3191,3191,10,5.263157844543457,0,156876.27349853516,0,0,4112314368,0,927379456,0
200,1788379644938,3191,3191,15.000000953674316,10,0,156876.27349853516,0,0,4112314368,0,927379456,0
200,1788379645138,3191,3191,10,5.263157844543457,0,156876.27349853516,0,0,4112314368,0,927379456,0
200,1788379645338,3191,3191,15.000000953674316,10,0,156876.7788696289,0,0,4112314368,0,927379456,0
200,1788379645538,3191,3191,18.18181800842285,14.285715103149414,0,156876.7788696289,0,0,4112314368,0,927379456,0
200,1788379645738,3191,3191,15.000000953674316,15.000000953674316,0,156876.7788696289,0,0,4112314368,0,927379456,0
200,1788379645938,3191,3191,15.000000953674316,10,0,156876.7788696289,0,0,4112314368,0,927379456,0
200,1788379646139,3191,3191,5,0,0,156876.7788696289,0,0,4112314368,0,927379456,0
200,1788379646339,3191,3191,15.000000953674316,19.047618865966797,0,156877.32781982422,0,0,4112314368,0,927379456,0
200,1788379646539,3191,3191,10,5.263157844543457,0,156877.32781982422,0,0,4112314368,0,927379456,0
200,1788379646739,3191,3191,14.285715103149414,10,0,156877.32781982422,0,0,4112314368,0,927379456,0
200,1788379646939,3191,3191,19.047618865966797,10.526315689086914,0,156877.32781982422,0,0,4112314368,0,927379456,0
200,1788379647139,3191,3191,10.526315689086914,19.047618865966797,0,156877.32781982422,0,0,4112314368,0,927379456,0
200,1788379647340,3191,3191,14.285715103149414,10,0,156877.7222290039,0,0,4112314368,0,927379456,0
200,1788379647540,3191,3191,14.285715103149414,5.263157844543457,0,156877.7222290039,0,0,4112314368,0,927379456,0
200,1788379647740,3191,3191,10.526315689086914,19.047618865966797,0,156877.7222290039,0,0,4112314368,0,927379456,0
200,1788379647940,3191,3191,19.047618865966797,15.000000953674316,0,156877.7222290039,0,0,4112314368,0,927379456,0
199,1788379648140,3191,3191,5,5,0,156877.7222290039,0,0,4112314368,0,927379456,0
200,1788379648340,3191,3191,22.72727394104004,19.047618865966797,0,156878.13763427734,0,0,4112314368,0,927379456,0
200,1788379648541,3191,3191,10.526315689086914,14.285715103149414,0,156878.13763427734,0,0,4112314368,0,927379456,0
200,1788379648741,3191,3191,10,10.526315689086914,0,156878.13763427734,0,0,4112314368,0,927379456,0
200,1788379648941,3191,3191,10,14.285715103149414,0,156878.13763427734,0,0,4112314368,0,927379456,0
200,1788379649141,3191,3191,13.636363983154297,10,0,156878.13763427734,0,0,4112314368,0,927379456,0
200,1788379649341,3191,3191,19.047618865966797,15.000000953674316,0,156878.48022460938,0,0,4112314368,0,927379456,0
200,1788379649541,3191,3191,5,0,0,156878.48022460938,0,0,4112314368,0,927379456,0
200,1788379649741,3191,3191,11.111111640930176,10.526315689086914,0,156878.48022460938,0,0,4112314368,0,927379456,0
200,1788379649941,3191,3191,18.18181800842285,20,0,156878.48022460938,0,0,4112314368,0,927379456,0
200,1788379650141,3191,3191,14.285715103149414,5,0,156878.48022460938,0,0,4112314368,0,927379456,0
200,1788379650342,3191,3191,15.000000953674316,10.526315689086914,0,156878.8800048828,0,0,4112314368,0,927379456,0
200,1788379650542,3191,3191,10,14.285715103149414,0,156878.8800048828,0,0,4112314368,0,927379456,0
200,1788379650742,3191,3191,10.526315689086914,22.72727394104004,0,156878.8800048828,0,0,4112314368,0,927379456,0
200,1788379650942,3191,3191,10,14.285715103149414,0,156878.8800048828,0,0,4112314368,0,927379456,0
200,1788379651142,3191,3191,5.263157844543457,5,0,156878.8800048828,0,0,4112314368,0,927379456,0
200,1788379651342,3191,3191,10.526315689086914,19.047618865966797,0,156879.25439453125,0,0,4112314368,0,927379456,0
200,1788379651543,3191,3191,14.285715103149414,10,0,156879.25439453125,0,0,4112314368,0,927379456,0
200,1788379651743,3191,3191,0,10,0,156879.25439453125,0,0,4112314368,0,927379456,0
200,1788379651943,3191,3191,19.047618865966797,19.047618865966797,0,156879.25439453125,0,0,4112314368,0,927379456,0
200,1788379652143,3191,3191,22.72727394104004,23.809524536132813,0,156879.25439453125,0,0,4112314368,0,927379456,0
200,1788379652343,3191,3191,0,5,0,156879.6251220703,0,0,4112314368,0,927379456,0
200,1788379652543,3191,3191,21.7391300201416,14.285715103149414,0,156879.6251220703,0,0,4112314368,0,927379456,0
200,1788379652744,3191,3191,5.555555820465088,23.809524536132813,0,156879.6251220703,0,0,4112314368,0,927379456,0
200,1788379652944,3191,3191,0,5.263157844543457,0,156879.6251220703,0,0,4112314368,0,927379456,0
200,1788379653144,3191,3191,10,10,0,156879.6251220703,0,0,4112314368,0,927379456,0
200,1788379653344,3191,3191,19.047618865966797,19.047618865966797,0,156879.99676513672,0,0,4112314368,0,927379456,0
200,1788379653544,3191,3191,9.523809432983398,10,0,156879.99676513672,0,0,4112314368,0,927379456,0
200,1788379653745,3191,3191,22.72727394104004,10,0,156879.99676513672,0,0,4112314368,0,927379456,0
200,1788379653945,3191,3191,19.047618865966797,10.526315689086914,0,156879.99676513672,0,0,4112314368,0,927379456,0
200,1788379654145,3191,3191,10,15.000000953674316,0,156879.99676513672,0,0,4112314368,0,927379456,0
200,1788379654345,3191,3191,9.523809432983398,10,0,156880.41998291016,0,0,4112314368,0,927379456,0
200,1788379654545,3191,3191,10.526315689086914,19.047618865966797,0,156880.41998291016,0,0,4112314368,0,927379456,0
200,1788379654746,3191,3191,10,5.263157844543457,0,156880.41998291016,0,0,4112314368,0,927379456,0
200,1788379654946,3191,3191,10,14.285715103149414,0,156880.41998291016,0,0,4112314368,0,927379456,0
200,1788379655146,3191,3191,19.047618865966797,10.526315689086914,0,156880.41998291016,0,0,4112314368,0,927379456,0
200,1788379655346,3191,3191,10,14.285715103149414,0,156880.76623535156,0,0,4112314368,0,927379456,0
200,1788379655546,3191,3191,13.043478012084961,10,0,156880.76623535156,0,0,4112314368,0,927379456,0
200,1788379655746,3191,3191,10,15.000000953674316,0,156880.76623535156,0,0,4112314368,0,927379456,0
200,1788379655946,3191,3191,10.526315689086914,19.047618865966797,0,156880.76623535156,0,0,4112314368,0,927379456,0
200,1788379656146,3191,3191,5,9.523809432983398,0,156880.76623535156,0,0,4112314368,0,927379456,0
200,1788379656346,3191,3191,10.526315689086914,15.000000953674316,0,156881.28607177734,0,0,4112314368,0,927379456,0
200,1788379656547,3191,3191,19.047618865966797,15.000000953674316,0,156881.28607177734,0,0,4112314368,0,927379456,0
200,1788379656747,3191,3191,14.285715103149414,10.526315689086914,0,156881.28607177734,0,0,4112314368,0,927379456,0
200,1788379656947,3191,3191,10,5.263157844543457,0,156881.28607177734,0,0,4112314368,0,927379456,0
200,1788379657147,3191,3191,15.000000953674316,19.047618865966797,0,156881.28607177734,0,0,4112314368,0,927379456,0
200,1788379657347,3191,3191,14.285715103149414,10,0,156881.89556884766,0,0,4112314368,0,927379456,0
200,1788379657547,3191,3191,5.263157844543457,10.526315689086914,0,156881.89556884766,0,0,4112314368,0,927379456,0
200,1788379657748,3191,3191,15.000000953674316,14.285715103149414,0,156881.89556884766,0,0,4112314368,0,927379456,0
200,1788379657948,3191,3191,10.526315689086914,10,0,156881.89556884766,0,0,4112314368,0,927379456,0
200,1788379658148,3191,3191,9.523809432983398,14.285715103149414,0,156881.89556884766,0,0,4112314368,0,927379456,0
200,1788379658348,3191,3191,10.526315689086914,15.000000953674316,0,156882.21447753906,0,0,4112314368,0,927379456,0
200,1788379658548,3191,3191,10,5.263157844543457,0,156882.21447753906,0,0,4112314368,0,927379456,0
200,1788379658749,3191,3191,5,10,0,156882.21447753906,0,0,4112314368,0,927379456,0
200,1788379658949,3191,3191,19.047618865966797,19.047618865966797,0,156882.21447753906,0,0,4112314368,0,927379456,0
200,1788379659149,3191,3191,15.000000953674316,10.526315689086914,0,156882.21447753906,0,0,4112314368,0,927379456,0
200,1788379659349,3191,3191,5.263157844543457,10,0,156882.6143798828,0,0,4112314368,0,927379456,0
200,1788379659549,3191,3191,14.285715103149414,10.526315689086914,0,156882.6143798828,0,0,4112314368,0,927379456,0
200,1788379659749,3191,3191,17.39130401611328,10,0,156882.6143798828,0,0,4112314368,0,927379456,0
200,1788379659949,3191,3191,19.047618865966797,15.000000953674316,0,156882.6143798828,0,0,4112314368,0,927379456,0
200,1788379660150,3191,3191,5,5.263157844543457,0,156882.6143798828,0,0,4112314368,0,927379456,0
200,1788379660350,3191,3191,15.000000953674316,22.72727394104004,0,156883.01470947266,0,0,4112314368,0,927379456,0
200,1788379660550,3191,3191,18.18181800842285,19.047618865966797,0,156883.01470947266,0,0,4112314368,0,927379456,0
200,1788379660750,3191,3191,10.526315689086914,10,0,156883.01470947266,0,0,4112314368,0,927379456,0
200,1788379660950,3191,3191,18.18181800842285,10.526315689086914,0,156883.01470947266,0,0,4112314368,0,927379456,0
200,1788379661151,3191,3191,10,10.526315689086914,0,156883.01470947266,0,0,4112314368,0,927379456,0
200,1788379661351,3191,3191,10.526315689086914,14.285715103149414,0,156883.41009521484,0,0,4112314368,0,927379456,0
200,1788379661551,3191,3191,10,14.285715103149414,0,156883.41009521484,0,0,4112314368,0,927379456,0
200,1788379661751,3191,3191,9.523809432983398,14.285715103149414,0,156883.41009521484,0,0,4112314368,0,927379456,0
200,1788379661951,3191,3191,22.72727394104004,18.18181800842285,0,156883.41009521484,0,0,4112314368,0,927379456,0
200,1788379662151,3191,3191,19.047618865966797,15.000000953674316,0,156883.41009521484,0,0,4112314368,0,927379456,0
200,1788379662351,3191,3191,10,5,0,156883.76580810547,0,0,4112314368,0,927379456,0
200,1788379662552,3191,3191,15.000000953674316,19.047618865966797,0,156883.76580810547,0,0,4112314368,0,927379456,0
200,1788379662752,3191,3191,18.18181800842285,5.263157844543457,0,156883.76580810547,0,0,4112314368,0,927379456,0
200,1788379662952,3191,3191,10.526315689086914,10.526315689086914,0,156883.76580810547,0,0,4112314368,0,927379456,0
200,1788379663152,3191,3191,5,14.285715103149414,0,156883.76580810547,0,0,4112314368,0,927379456,0
200,1788379663352,3191,3191,15.000000953674316,9.523809432983398,0,156884.16369628906,0,0,4112314368,0,927379456,0
200,1788379663552,3191,3191,10,14.285715103149414,0,156884.16369628906,0,0,4112314368,0,927379456,0
200,1788379663753,3191,3191,10,20,0,156884.16369628906,0,0,4112314368,0,927379456,0
200,1788379663953,3191,3191,5.555555820465088,18.18181800842285,0,156884.16369628906,0,0,4112314368,0,927379456,0
200,1788379664153,3191,3191,14.285715103149414,19.047618865966797,0,156884.16369628906,0,0,4112314368,0,927379456,0
200,1788379664353,3191,3191,14.285715103149414,15.000000953674316,0,156884.66094970703,0,0,4112314368,0,927379456,0
200,1788379664553,3191,3191,14.285715103149414,10,0,156884.66094970703,0,0,4112314368,0,927379456,0
200,1788379664753,3191,3191,10.526315689086914,19.047618865966797,0,156884.66094970703,0,0,4112314368,0,927379456,0
200,1788379664953,3191,3191,15.000000953674316,10,0,156884.66094970703,0,0,4112314368,0,927379456,0
200,1788379665154,3191,3191,0,10,0,156884.66094970703,0,0,4112314368,0,927379456,0
200,1788379665354,3191,3191,10,10.526315689086914,0,156884.99450683594,0,0,4112314368,0,927379456,0
200,1788379665554,3191,3191,19.047618865966797,26.086956024169922,0,156884.99450683594,0,0,4112314368,0,927379456,0
200,1788379665754,3191,3191,10,5,0,156884.99450683594,0,0,4112314368,0,927379456,0
200,1788379665954,3191,3191,10,10,0,156884.99450683594,0,0,4112314368,0,927379456,0
200,1788379666154,3191,3191,23.809524536132813,15.789472579956055,0,156884.99450683594,0,0,4112314368,0,927379456,0
200,1788379666354,3191,3191,5.263157844543457,5.263157844543457,0,156885.64947509766,0,0,4112314368,0,927379456,0
200,1788379666555,3191,3191,10,18.18181800842285,0,156885.64947509766,0,0,4112314368,0,927379456,0
200,1788379666755,3191,3191,10.526315689086914,14.285715103149414,0,156885.64947509766,0,0,4112314368,0,927379456,0
200,1788379666955,3191,3191,14.285715103149414,14.285715103149414,0,156885.64947509766,0,0,4112314368,0,927379456,0
200,1788379667155,3191,3191,10,5.263157844543457,0,156885.64947509766,0,0,4112314368,0,927379456,0
200,1788379667355,3191,3191,19.047618865966797,10,0,156886.07525634766,0,0,4112314368,0,927379456,0
200,1788379667555,3191,3191,10,10.526315689086914,0,156886.07525634766,0,0,4112314368,0,927379456,0
200,1788379667755,3191,3191,14.285715103149414,14.285715103149414,0,156886.07525634766,0,0,4112314368,0,927379456,0
200,1788379667955,3191,3191,5.263157844543457,14.285715103149414,0,156886.07525634766,0,0,4112314368,0,927379456,0
200,1788379668155,3191,3191,27.272727966308594,14.285715103149414,0,156886.07525634766,0,0,4112314368,0,927379456,0
200,1788379668356,3191,3191,5,10,0,156886.4818725586,0,0,4112314368,0,927379456,0
200,1788379668556,3191,3191,10.526315689086914,5.263157844543457,0,156886.4818725586,0,0,4112314368,0,927379456,0
200,1788379668756,3191,3191,18.18181800842285,9.523809432983398,0,156886.4818725586,0,0,4112314368,0,927379456,0
200,1788379668956,3191,3191,10,19.047618865966797,0,156886.4818725586,0,0,4112314368,0,927379456,0
200,1788379669156,3191,3191,10,14.285715103149414,0,156886.4818725586,0,0,4112314368,0,927379456,0
200,1788379669357,3191,3191,15.000000953674316,5.263157844543457,0,156886.81958007813,0,0,4112314368,0,927379456,0
200,1788379669557,3191,3191,22.72727394104004,20,0,156886.81958007813,0,0,4112314368,0,927379456,0
200,1788379669757,3191,3191,5.263157844543457,9.523809432983398,0,156886.81958007813,0,0,4112314368,0,927379456,0
200,1788379669957,3191,3191,14.285715103149414,5.263157844543457,0,156886.81958007813,0,0,4112314368,0,927379456,0
200,1788379670157,3191,3191,10,10,0,156886.81958007813,0,0,4112314368,0,927379456,0
200,1788379670357,3191,3191,22.72727394104004,15.000000953674316,0,156887.19458007813,0,0,4112314368,0,927379456,0
200,1788379670558,3191,3191,15.000000953674316,10,0,156887.19458007813,0,0,4112314368,0,927379456,0
200,1788379670758,3191,3191,10,15.000000953674316,0,156887.19458007813,0,0,4112314368,0,927379456,0
200,1788379670958,3191,3191,14.285715103149414,5.263157844543457,0,156887.19458007813,0,0,4112314368,0,927379456,0
200,1788379671158,3191,3191,10.526315689086914,19.047618865966797,0,156887.19458007813,0,0,4112314368,0,927379456,0
200,1788379671359,3191,3191,9.523809432983398,9.523809432983398,0,156887.52783203125,0,0,4112314368,0,927379456,0
200,1788379671559,3191,3191,15.000000953674316,15.000000953674316,0,156887.52783203125,0,0,4112314368,0,927379456,0
200,1788379671759,3191,3191,15.000000953674316,10.526315689086914,0,156887.52783203125,0,0,4112314368,0,927379456,0
200,1788379671959,3191,3191,10,10,0,156887.52783203125,0,0,4112314368,0,927379456,0
200,1788379672160,3191,3191,10.526315689086914,15.000000953674316,0,156887.52783203125,0,0,4112314368,0,927379456,0
200,1788379672360,3191,3191,14.285715103149414,15.000000953674316,0,156887.9468383789,0,0,4112314368,0,927379456,0
200,1788379672560,3191,3191,14.285715103149414,9.523809432983398,0,156887.9468383789,0,0,4112314368,0,927379456,0
200,1788379672760,3191,3191,10,10,0,156887.9468383789,0,0,4112314368,0,927379456,0
200,1788379672960,3191,3191,18.18181800842285,19.047618865966797,0,156887.9468383789,0,0,4112314368,0,927379456,0
200,1788379673160,3191,3191,10,5.263157844543457,0,156887.9468383789,0,0,4112314368,0,927379456,0
200,1788379673360,3191,3191,19.047618865966797,15.000000953674316,0,156888.32550048828,0,0,4112314368,0,927379456,0
200,1788379673561,3191,3191,15.000000953674316,19.047618865966797,0,156888.32550048828,0,0,4112314368,0,927379456,0
200,1788379673761,3191,3191,5.263157844543457,9.523809432983398,0,156888.32550048828,0,0,4112314368,0,927379456,0
200,1788379673961,3191,3191,10,5.263157844543457,0,156888.32550048828,0,0,4112314368,0,927379456,0
200,1788379674161,3191,3191,15.000000953674316,15.000000953674316,0,156888.32550048828,0,0,4112314368,0,927379456,0
200,1788379674361,3191,3191,10.526315689086914,15.000000953674316,0,156888.76190185547,0,0,4112314368,0,927379456,0
200,1788379674562,3191,3191,9.523809432983398,10,0,156888.76190185547,0,0,4112314368,0,927379456,0
200,1788379674762,3191,3191,27.272727966308594,10.526315689086914,0,156888.76190185547,0,0,4112314368,0,927379456,0
200,1788379674962,3191,3191,10,14.285715103149414,0,156888.76190185547,0,0,4112314368,0,927379456,0
200,1788379675162,3191,3191,10,5.263157844543457,0,156888.76190185547,0,0,4112314368,0,927379456,0
200,1788379675362,3191,3191,10,5.263157844543457,0,156889.11712646484,0,0,4112314368,0,927379456,0
200,1788379675563,3191,3191,14.285715103149414,14.285715103149414,0,156889.11712646484,0,0,4112314368,0,927379456,0
200,1788379675763,3191,3191,10,18.18181800842285,0,156889.11712646484,0,0,4112314368,0,927379456,0
200,1788379675963,3191,3191,10,10,0,156889.11712646484,0,0,4112314368,0,927379456,0
200,1788379676163,3191,3191,14.285715103149414,20,0,156889.11712646484,0,0,4112314368,0,927379456,0
200,1788379676363,3191,3191,14.285715103149414,14.285715103149414,0,156889.8270263672,0,0,4112314368,0,927379456,0
200,1788379676563,3191,3191,15.000000953674316,18.18181800842285,0,156889.8270263672,0,0,4112314368,0,927379456,0
200,1788379676763,3191,3191,19.047618865966797,5.555555820465088,0,156889.8270263672,0,0,4112314368,0,927379456,0
200,1788379676964,3191,3191,14.285715103149414,10,0,156889.8270263672,0,0,4112314368,0,927379456,0
200,1788379677164,3191,3191,14.285715103149414,5.263157844543457,0,156889.8270263672,0,0,4112314368,0,927379456,0
200,1788379677364,3191,3191,5.263157844543457,10,0,156890.19317626953,0,0,4112314368,0,927379456,0
200,1788379677564,3191,3191,5.263157844543457,10,0,156890.19317626953,0,0,4112314368,0,927379456,0
200,1788379677764,3191,3191,14.634145736694336,12.5,0,156890.19317626953,0,0,4112314368,0,927379456,0
200,1788379677964,3191,3191,10.526315689086914,10.526315689086914,0,156890.19317626953,0,0,4112314368,0,927379456,0
200,1788379678164,3191,3191,15.000000953674316,15.000000953674316,0,156890.19317626953,0,0,4112314368,0,927379456,0
200,1788379678364,3191,3191,9.523809432983398,10,0,156890.56732177734,0,0,4112314368,0,927379456,0
200,1788379678565,3191,3191,5.555555820465088,19.047618865966797,0,156890.56732177734,0,0,4112314368,0,927379456,0
200,1788379678765,3191,3191,22.72727394104004,22.72727394104004,0,156890.56732177734,0,0,4112314368,0,927379456,0
200,1788379678965,3191,3191,5,10,0,156890.56732177734,0,0,4112314368,0,927379456,0
200,1788379679165,3191,3191,10.526315689086914,10,0,156890.56732177734,0,0,4112314368,0,927379456,0
200,1788379679365,3191,3191,14.285715103149414,10.526315689086914,0,156890.9867553711,0,0,4112314368,0,927379456,0
200,1788379679566,3191,3191,10,15.000000953674316,0,156890.9867553711,0,0,4112314368,0,927379456,0
200,1788379679766,3191,3191,10,5,0,156890.9867553711,0,0,4112314368,0,927379456,0
200,1788379679966,3191,3191,19.047618865966797,15.000000953674316,0,156890.9867553711,0,0,4112314368,0,927379456,0
200,1788379680166,3191,3191,10,10,0,156890.9867553711,0,0,4112314368,0,927379456,0
200,1788379680366,3191,3191,14.285715103149414,14.285715103149414,0,156891.3394165039,0,0,4112314368,0,927379456,0
200,1788379680567,3191,3191,14.285715103149414,5.263157844543457,0,156891.3394165039,0,0,4112314368,0,927379456,0
200,1788379680767,3191,3191,19.047618865966797,19.047618865966797,0,156891.3394165039,0,0,4112314368,0,927379456,0
200,1788379680967,3191,3191,15.000000953674316,5.555555820465088,0,156891.3394165039,0,0,4112314368,0,927379456,0
200,1788379681167,3191,3191,10.526315689086914,10,0,156891.3394165039,0,0,4112314368,0,927379456,0
200,1788379681367,3191,3191,9.523809432983398,5,0,156891.71197509766,0,0,4112314368,0,927379456,0
200,1788379681567,3191,3191,15.000000953674316,22.72727394104004,0,156891.71197509766,0,0,4112314368,0,927379456,0
199,1788379681767,3191,3191,15.000000953674316,15.000000953674316,0,156891.71197509766,0,0,4112314368,0,927379456,0
200,1788379681967,3191,3191,0,13.636363983154297,0,156891.71197509766,0,0,4112314368,0,927379456,0
200,1788379682168,3191,3191,19.047618865966797,10.526315689086914,0,156891.71197509766,0,0,4112314368,0,927379456,0
200,1788379682368,3191,3191,9.523809432983398,5.263157844543457,0,156892.11010742188,0,0,4112314368,0,927379456,0
200,1788379682568,3191,3191,14.285715103149414,18.18181800842285,0,156892.11010742188,0,0,4112314368,0,927379456,0
200,1788379682768,3191,3191,5,5.263157844543457,0,156892.11010742188,0,0,4112314368,0,927379456,0
200,1788379682968,3191,3191,19.047618865966797,15.000000953674316,0,156892.11010742188,0,0,4112314368,0,927379456,0
200,1788379683168,3191,3191,5.555555820465088,19.047618865966797,0,156892.11010742188,0,0,4112314368,0,927379456,0
200,1788379683368,3191,3191,10,10,0,156892.47229003906,0,0,4112314368,0,927379456,0
200,1788379683569,3191,3191,9.523809432983398,14.285715103149414,0,156892.47229003906,0,0,4112314368,0,927379456,0
200,1788379683769,3191,3191,5.555555820465088,22.72727394104004,0,156892.47229003906,0,0,4112314368,0,927379456,0
200,1788379683969,3191,3191,5.263157844543457,15.000000953674316,0,156892.47229003906,0,0,4112314368,0,927379456,0
200,1788379684169,3191,3191,10,5.263157844543457,0,156892.47229003906,0,0,4112314368,0,927379456,0
200,1788379684369,3191,3191,22.72727394104004,19.047618865966797,0,156892.87860107422,0,0,4112314368,0,927379456,0
200,1788379684569,3191,3191,18.18181800842285,9.523809432983398,0,156892.87860107422,0,0,4112314368,0,927379456,0
200,1788379684770,3191,3191,15.000000953674316,15.000000953674316,0,156892.87860107422,0,0,4112314368,0,927379456,0
200,1788379684970,3191,3191,14.285715103149414,18.18181800842285,0,156892.87860107422,0,0,4112314368,0,927379456,0
200,1788379685170,3191,3191,10,14.285715103149414,0,156892.87860107422,0,0,4112314368,0,927379456,0
200,1788379685370,3191,3191,5.263157844543457,10,0,156893.3178100586,0,0,4112314368,0,927379456,0
200,1788379685570,3191,3191,20,20,0,156893.3178100586,0,0,4112314368,0,927379456,0
200,1788379685770,3191,3191,10,18.18181800842285,0,156893.3178100586,0,0,4112314368,0,927379456,0
200,1788379685970,3191,3191,10,10.526315689086914,0,156893.3178100586,0,0,4112314368,0,927379456,0
200,1788379686170,3191,3191,10,10,0,156893.3178100586,0,0,4112314368,0,927379456,0
200,1788379686371,3191,3191,14.285715103149414,14.285715103149414,0,156894.04541015625,0,0,4112314368,0,927379456,0
200,1788379686571,3191,3191,10,10,0,156894.04541015625,0,0,4112314368,0,927379456,0
200,1788379686771,3191,3191,10.526315689086914,19.047618865966797,0,156894.04541015625,0,0,4112314368,0,927379456,0
200,1788379686971,3191,3191,14.285715103149414,14.285715103149414,0,156894.04541015625,0,0,4112314368,0,927379456,0
200,1788379687171,3191,3191,19.047618865966797,22.72727394104004,0,156894.04541015625,0,0,4112314368,0,927379456,0
200,1788379687372,3191,3191,10,5.263157844543457,0,156894.4097290039,0,0,4112314368,0,927379456,0
200,1788379687572,3191,3191,9.523809432983398,5.263157844543457,0,156894.4097290039,0,0,4112314368,0,927379456,0
200,1788379687773,3191,3191,15.000000953674316,15.000000953674316,0,156894.4097290039,0,0,4112314368,0,927379456,0
200,1788379687973,3191,3191,0,14.285715103149414,0,156894.4097290039,0,0,4112314368,0,927379456,0
200,1788379688173,3191,3191,0,14.285715103149414,0,156894.4097290039,0,0,4112314368,0,927379456,0
200,1788379688373,3191,3191,16.666667938232422,12.820513725280762,0,156894.7703857422,0,0,4112314368,0,927379456,0
200,1788379688573,3191,3191,10.526315689086914,14.285715103149414,0,156894.7703857422,0,0,4112314368,0,927379456,0
200,1788379688773,3191,3191,14.285715103149414,14.285715103149414,0,156894.7703857422,0,0,4112314368,0,927379456,0
200,1788379688973,3191,3191,15.000000953674316,19.047618865966797,0,156894.7703857422,0,0,4112314368,0,927379456,0
200,1788379689174,3191,3191,10,10.526315689086914,0,156894.7703857422,0,0,4112314368,0,927379456,0
200,1788379689374,3191,3191,10,18.18181800842285,0,156895.15771484375,0,0,4112314368,0,927379456,0
200,1788379689574,3191,3191,10,14.285715103149414,0,156895.15771484375,0,0,4112314368,0,927379456,0
200,1788379689774,3191,3191,14.285715103149414,5.263157844543457,0,156895.15771484375,0,0,4112314368,0,927379456,0
200,1788379689975,3191,3191,10,5.555555820465088,0,156895.15771484375,0,0,4112314368,0,927379456,0
200,1788379690175,3191,3191,14.285715103149414,14.285715103149414,0,156895.15771484375,0,0,4112314368,0,927379456,0
200,1788379690375,3191,3191,19.047618865966797,15.000000953674316,0,156895.5616455078,0,0,4112314368,0,927379456,0
200,1788379690575,3191,3191,10.526315689086914,18.18181800842285,0,156895.5616455078,0,0,4112314368,0,927379456,0
200,1788379690775,3191,3191,10,14.285715103149414,0,156895.5616455078,0,0,4112314368,0,927379456,0
200,1788379690975,3191,3191,15.000000953674316,15.000000953674316,0,156895.5616455078,0,0,4112314368,0,927379456,0
200,1788379691176,3191,3191,17.39130401611328,10,0,156895.5616455078,0,0,4112314368,0,927379456,0
200,1788379691376,3191,3191,5.263157844543457,5.555555820465088,0,156895.9422607422,0,0,4112314368,0,927379456,0
200,1788379691576,3191,3191,22.72727394104004,10,0,156895.9422607422,0,0,4112314368,0,927379456,0
200,1788379691776,3191,3191,5.263157844543457,14.285715103149414,0,156895.9422607422,0,0,4112314368,0,927379456,0
200,1788379691976,3191,3191,5.263157844543457,15.000000953674316,0,156895.9422607422,0,0,4112314368,0,927379456,0
200,1788379692176,3191,3191,14.285715103149414,14.285715103149414,0,156895.9422607422,0,0,4112314368,0,927379456,0
200,1788379692376,3191,3191,0,10.526315689086914,0,156896.27642822266,0,0,4112314368,0,927379456,0
200,1788379692577,3191,3191,15.000000953674316,19.047618865966797,0,156896.27642822266,0,0,4112314368,0,927379456,0
200,1788379692777,3191,3191,14.285715103149414,10.526315689086914,0,156896.27642822266,0,0,4112314368,0,927379456,0
200,1788379692977,3191,3191,10,14.285715103149414,0,156896.27642822266,0,0,4112314368,0,927379456,0
200,1788379693177,3191,3191,19.047618865966797,5.263157844543457,0,156896.27642822266,0,0,4112314368,0,927379456,0
200,1788379693377,3191,3191,14.285715103149414,10,0,156896.63122558594,0,0,4112314368,0,927379456,0
200,1788379693578,3191,3191,14.285715103149414,5.263157844543457,0,156896.63122558594,0,0,4112314368,0,927379456,0
200,1788379693778,3191,3191,14.285715103149414,19.047618865966797,0,156896.63122558594,0,0,4112314368,0,927379456,0
200,1788379693978,3191,3191,10,10,0,156896.63122558594,0,0,4112314368,0,927379456,0
200,1788379694178,3191,3191,10.526315689086914,19.047618865966797,0,156896.63122558594,0,0,4112314368,0,927379456,0
200,1788379694378,3191,3191,10.526315689086914,14.285715103149414,0,156897.09826660156,0,0,4112314368,0,927379456,0
200,1788379694578,3191,3191,18.18181800842285,18.18181800842285,0,156897.09826660156,0,0,4112314368,0,927379456,0
200,1788379694778,3191,3191,10.526315689086914,5,0,156897.09826660156,0,0,4112314368,0,927379456,0
200,1788379694979,3191,3191,10,15.000000953674316,0,156897.09826660156,0,0,4112314368,0,927379456,0
199,1788379695179,3191,3191,10.526315689086914,10,0,156897.09826660156,0,0,4112314368,0,927379456,0
200,1788379695379,3191,3191,18.18181800842285,10.526315689086914,0,156897.61950683594,0,0,4112314368,0,927379456,0
200,1788379695579,3191,3191,10,14.285715103149414,0,156897.61950683594,0,0,4112314368,0,927379456,0
200,1788379695779,3191,3191,10,21.7391300201416,0,156897.61950683594,0,0,4112314368,0,927379456,0
200,1788379695979,3191,3191,15.000000953674316,11.111111640930176,0,156897.61950683594,0,0,4112314368,0,927379456,0
200,1788379696179,3191,3191,14.285715103149414,9.523809432983398,0,156897.61950683594,0,0,4112314368,0,927379456,0
200,1788379696379,3191,3191,14.285715103149414,14.285715103149414,0,156898.1812133789,0,0,4112314368,0,927379456,0
200,1788379696580,3191,3191,14.285715103149414,5.555555820465088,0,156898.1812133789,0,0,4112314368,0,927379456,0
200,1788379696780,3191,3191,9.523809432983398,14.285715103149414,0,156898.1812133789,0,0,4112314368,0,927379456,0
200,1788379696980,3191,3191,11.111111640930176,15.000000953674316,0,156898.1812133789,0,0,4112314368,0,927379456,0
200,1788379697180,3191,3191,18.18181800842285,19.047618865966797,0,156898.1812133789,0,0,4112314368,0,927379456,0
200,1788379697380,3191,3191,5.263157844543457,14.285715103149414,0,156898.5721435547,0,0,4112314368,0,927379456,0
200,1788379697580,3191,3191,10.526315689086914,15.000000953674316,0,156898.5721435547,0,0,4112314368,0,927379456,0
200,1788379697780,3191,3191,13.636363983154297,10,0,156898.5721435547,0,0,4112314368,0,927379456,0
200,1788379697980,3191,3191,15.000000953674316,19.047618865966797,0,156898.5721435547,0,0,4112314368,0,927379456,0
200,1788379698181,3191,3191,15.000000953674316,14.285715103149414,0,156898.5721435547,0,0,4112314368,0,927379456,0
200,1788379698381,3191,3191,22.72727394104004,19.047618865966797,0,156898.97344970703,0,0,4112314368,0,927379456,0
200,1788379698581,3191,3191,5.263157844543457,5.263157844543457,0,156898.97344970703,0,0,4112314368,0,927379456,0
200,1788379698781,3191,3191,14.285715103149414,14.285715103149414,0,156898.97344970703,0,0,4112314368,0,927379456,0
200,1788379698981,3191,3191,14.285715103149414,18.18181800842285,0,156898.97344970703,0,0,4112314368,0,927379456,0
200,1788379699182,3191,3191,15.000000953674316,15.000000953674316,0,156898.97344970703,0,0,4112314368,0,927379456,0
200,1788379699382,3191,3191,0,10,0,156899.33319091797,0,0,4112314368,0,927379456,0
200,1788379699582,3191,3191,22.72727394104004,15.000000953674316,0,156899.33319091797,0,0,4112314368,0,927379456,0
200,1788379699783,3191,3191,10.526315689086914,22.72727394104004,0,156899.33319091797,0,0,4112314368,0,927379456,0
200,1788379699983,3191,3191,10,5.263157844543457,0,156899.33319091797,0,0,4112314368,0,927379456,0
200,1788379700183,3191,3191,10,14.285715103149414,0,156899.33319091797,0,0,4112314368,0,927379456,0
200,1788379700383,3191,3191,15.000000953674316,22.72727394104004,0,156899.79486083984,0,0,4112314368,0,927379456,0
200,1788379700584,3191,3191,9.523809432983398,10,0,156899.79486083984,0,0,4112314368,0,927379456,0
200,1788379700784,3191,3191,15.000000953674316,10,0,156899.79486083984,0,0,4112314368,0,927379456,0
200,1788379700984,3191,3191,10.526315689086914,14.285715103149414,0,156899.79486083984,0,0,4112314368,0,927379456,0
200,1788379701184,3191,3191,10,9.523809432983398,0,156899.79486083984,0,0,4112314368,0,927379456,0
200,1788379701384,3191,3191,9.523809432983398,0,0,156900.07110595703,0,0,4112314368,0,927379456,0
200,1788379701585,3191,3191,18.18181800842285,19.047618865966797,0,156900.07110595703,0,0,4112314368,0,927379456,0
200,1788379701785,3191,3191,15.000000953674316,18.18181800842285,0,156900.07110595703,0,0,4112314368,0,927379456,0
200,1788379701985,3191,3191,10,5.263157844543457,0,156900.07110595703,0,0,4112314368,0,927379456,0
200,1788379702185,3191,3191,21.7391300201416,15.000000953674316,0,156900.07110595703,0,0,4112314368,0,927379456,0
200,1788379702385,3191,3191,10.526315689086914,22.72727394104004,0,156900.48797607422,0,0,4112314368,0,927379456,0
200,1788379702586,3191,3191,10,10,0,156900.48797607422,0,0,4112314368,0,927379456,0
200,1788379702786,3191,3191,14.285715103149414,10,0,156900.48797607422,0,0,4112314368,0,927379456,0
200,1788379702986,3191,3191,15.000000953674316,15.000000953674316,0,156900.48797607422,0,0,4112314368,0,927379456,0
200,1788379703186,3191,3191,10,10,0,156900.48797607422,0,0,4112314368,0,927379456,0
200,1788379703387,3191,3191,10,15.000000953674316,0,156900.8458251953,0,0,4112314368,0,927379456,0
200,1788379703587,3191,3191,15.000000953674316,14.285715103149414,0,156900.8458251953,0,0,4112314368,0,927379456,0
200,1788379703787,3191,3191,14.285715103149414,10,0,156900.8458251953,0,0,4112314368,0,927379456,0
200,1788379703987,3191,3191,5.263157844543457,10,0,156900.8458251953,0,0,4112314368,0,927379456,0
200,1788379704187,3191,3191,19.047618865966797,15.000000953674316,0,156900.8458251953,0,0,4112314368,0,927379456,0
200,1788379704387,3191,3191,19.047618865966797,10,0,156901.31018066406,0,0,4112314368,0,927379456,0
200,1788379704588,3191,3191,9.523809432983398,5.263157844543457,0,156901.31018066406,0,0,4112314368,0,927379456,0
200,1788379704788,3191,3191,15.000000953674316,19.047618865966797,0,156901.31018066406,0,0,4112314368,0,927379456,0
200,1788379704988,3191,3191,14.285715103149414,18.18181800842285,0,156901.31018066406,0,0,4112314368,0,927379456,0
200,1788379705188,3191,3191,5.263157844543457,10,0,156901.31018066406,0,0,4112314368,0,927379456,0
200,1788379705388,3191,3191,20,23.809524536132813,0,156901.68225097656,0,0,4112314368,0,927379456,0
200,1788379705589,3191,3191,10,9.523809432983398,0,156901.68225097656,0,0,4112314368,0,927379456,0
200,1788379705789,3191,3191,10.526315689086914,5.555555820465088,0,156901.68225097656,0,0,4112314368,0,927379456,0
200,1788379705989,3191,3191,14.285715103149414,18.18181800842285,0,156901.68225097656,0,0,4112314368,0,927379456,0
200,1788379706189,3191,3191,15.000000953674316,14.285715103149414,0,156901.68225097656,0,0,4112314368,0,927379456,0
200,1788379706389,3191,3191,5.263157844543457,5,0,156902.20654296875,0,0,4112314368,0,927379456,0
200,1788379706589,3191,3191,18.18181800842285,19.047618865966797,0,156902.20654296875,0,0,4112314368,0,927379456,0
200,1788379706790,3191,3191,15.000000953674316,10.526315689086914,0,156902.20654296875,0,0,4112314368,0,927371264,0
200,1788379706990,3191,3191,5,5,0,156902.20654296875,0,0,4112314368,0,927371264,0
200,1788379707190,3191,3191,15.000000953674316,15.000000953674316,0,156902.20654296875,0,0,4112314368,0,927371264,0
200,1788379707390,3191,3191,19.047618865966797,15.789472579956055,0,156902.8099975586,0,0,4112314368,0,927371264,0
200,1788379707590,3191,3191,10,14.285715103149414,0,156902.8099975586,0,0,4112314368,0,927371264,0
200,1788379707791,3191,3191,10,14.285715103149414,0,156902.8099975586,0,0,4112314368,0,927371264,0
200,1788379707991,3191,3191,19.047618865966797,10.526315689086914,0,156902.8099975586,0,0,4112314368,0,927371264,0
200,1788379708191,3191,3191,18.18181800842285,9.523809432983398,0,156902.8099975586,0,0,4112314368,0,927371264,0
200,1788379708391,3191,3191,14.285715103149414,18.18181800842285,0,156903.1460571289,0,0,4112314368,0,927371264,0
200,1788379708591,3191,3191,10.526315689086914,14.285715103149414,0,156903.1460571289,0,0,4112314368,0,927371264,0
200,1788379708792,3191,3191,9.523809432983398,15.000000953674316,0,156903.1460571289,0,0,4112314368,0,927371264,0
200,1788379708992,3191,3191,15.000000953674316,14.285715103149414,0,156903.1460571289,0,0,4112314368,0,927371264,0
200,1788379709192,3191,3191,14.285715103149414,10.526315689086914,0,156903.1460571289,0,0,4112314368,0,927371264,0
200,1788379709392,3191,3191,10.526315689086914,22.72727394104004,0,156903.53924560547,0,0,4112314368,0,927371264,0
200,1788379709592,3191,3191,5,9.523809432983398,0,156903.53924560547,0,0,4112314368,0,927371264,0
200,1788379709792,3191,3191,15.789472579956055,27.272727966308594,0,156903.53924560547,0,0,4112314368,0,927371264,0
200,1788379709992,3191,3191,17.39130401611328,14.285715103149414,0,156903.53924560547,0,0,4112314368,0,927371264,0
200,1788379710192,3191,3191,10.526315689086914,10,0,156903.53924560547,0,0,4112314368,0,927371264,0
200,1788379710393,3191,3191,14.285715103149414,15.000000953674316,0,156903.9301147461,0,0,4112314368,0,927371264,0
200,1788379710593,3191,3191,5.263157844543457,19.047618865966797,0,156903.9301147461,0,0,4112314368,0,927371264,0
200,1788379710793,3191,3191,10,0,0,156903.9301147461,0,0,4112314368,0,927371264,0
200,1788379710993,3191,3191,22.72727394104004,10.526315689086914,0,156903.9301147461,0,0,4112314368,0,927371264,0
200,1788379711193,3191,3191,14.285715103149414,22.72727394104004,0,156903.9301147461,0,0,4112314368,0,927371264,0
200,1788379711394,3191,3191,0,10,0,156904.2725830078,0,0,4112314368,0,927371264,0
200,1788379711594,3191,3191,10,14.285715103149414,0,156904.2725830078,0,0,4112314368,0,927371264,0
200,1788379711794,3191,3191,22.72727394104004,14.285715103149414,0,156904.2725830078,0,0,4112314368,0,927371264,0
200,1788379711995,3191,3191,10,19.047618865966797,0,156904.2725830078,0,0,4112314368,0,927371264,0
200,1788379712195,3191,3191,19.047618865966797,15.000000953674316,0,156904.2725830078,0,0,4112314368,0,927371264,0
200,1788379712395,3191,3191,5.263157844543457,18.18181800842285,0,156904.66552734375,0,0,4112314368,0,927371264,0
200,1788379712595,3191,3191,18.18181800842285,10,0,156904.66552734375,0,0,4112314368,0,927371264,0
200,1788379712795,3191,3191,14.285715103149414,15.000000953674316,0,156904.66552734375,0,0,4112314368,0,927371264,0
200,1788379712995,3191,3191,18.18181800842285,15.000000953674316,0,156904.66552734375,0,0,4112314368,0,927371264,0
200,1788379713195,3191,3191,10.526315689086914,19.047618865966797,0,156904.66552734375,0,0,4112314368,0,927371264,0
200,1788379713395,3191,3191,15.000000953674316,21.7391300201416,0,156905.08673095703,0,0,4112314368,0,927371264,0
200,1788379713596,3191,3191,9.523809432983398,0,0,156905.08673095703,0,0,4112314368,0,927371264,0
200,1788379713796,3191,3191,10,18.18181800842285,0,156905.08673095703,0,0,4112314368,0,927371264,0
200,1788379713996,3191,3191,15.000000953674316,5.555555820465088,0,156905.08673095703,0,0,4112314368,0,927371264,0
200,1788379714196,3191,3191,10,14.285715103149414,0,156905.08673095703,0,0,4112314368,0,927371264,0
200,1788379714396,3191,3191,14.285715103149414,22.72727394104004,0,156905.4673461914,0,0,4112314368,0,927371264,0
200,1788379714596,3191,3191,10.526315689086914,19.047618865966797,0,156905.4673461914,0,0,4112314368,0,927371264,0
200,1788379714796,3191,3191,0,9.523809432983398,0,156905.4673461914,0,0,4112314368,0,927371264,0
200,1788379714996,3191,3191,10.526315689086914,22.72727394104004,0,156905.4673461914,0,0,4112314368,0,927371264,0
200,1788379715197,3191,3191,10,15.000000953674316,0,156905.4673461914,0,0,4112314368,0,927371264,0
200,1788379715397,3191,3191,14.285715103149414,10,0,156905.837890625,0,0,4112314368,0,927371264,0
200,1788379715597,3191,3191,5.263157844543457,19.047618865966797,0,156905.837890625,0,0,4112314368,0,927371264,0
200,1788379715797,3191,3191,15.000000953674316,10.526315689086914,0,156905.837890625,0,0,4112314368,0,927371264,0
200,1788379715997,3191,3191,10,5,0,156905.837890625,0,0,4112314368,0,927371264,0
200,1788379716197,3191,3191,15.000000953674316,18.18181800842285,0,156905.837890625,0,0,4112314368,0,927371264,0
200,1788379716398,3191,3191,19.047618865966797,19.047618865966797,0,156906.58282470703,0,0,4112314368,0,927371264,0
200,1788379716598,3191,3191,5,0,0,156906.58282470703,0,0,4112314368,0,927371264,0
200,1788379716798,3191,3191,10,14.285715103149414,0,156906.58282470703,0,0,4112314368,0,927371264,0
200,1788379716999,3191,3191,19.047618865966797,15.000000953674316,0,156906.58282470703,0,0,4112314368,0,927371264,0
200,1788379717199,3191,3191,14.285715103149414,5.263157844543457,0,156906.58282470703,0,0,4112314368,0,927371264,0
200,1788379717399,3191,3191,18.18181800842285,15.000000953674316,0,156906.93298339844,0,0,4112314368,0,927371264,0
199,1788379717599,3191,3191,5.555555820465088,14.285715103149414,0,156906.93298339844,0,0,4112314368,0,927371264,0
200,1788379717799,3191,3191,5.555555820465088,14.285715103149414,0,156906.93298339844,0,0,4112314368,0,927371264,0
200,1788379718000,3191,3191,7.692307949066162,12.5,0,156906.93298339844,0,0,4112314368,0,927371264,0
200,1788379718200,3191,3191,10,14.285715103149414,0,156906.93298339844,0,0,4112314368,0,927371264,0
200,1788379718400,3191,3191,19.047618865966797,15.789472579956055,0,156907.31079101563,0,0,4112314368,0,927371264,0
200,1788379718600,3191,3191,5.263157844543457,5,0,156907.31079101563,0,0,4112314368,0,927371264,0
200,1788379718800,3191,3191,10,5.263157844543457,0,156907.31079101563,0,0,4112314368,0,927371264,0
200,1788379719000,3191,3191,15.000000953674316,19.047618865966797,0,156907.31079101563,0,0,4112314368,0,927371264,0
200,1788379719200,3191,3191,22.72727394104004,15.000000953674316,0,156907.31079101563,0,0,4112314368,0,927371264,0
200,1788379719400,3191,3191,5.263157844543457,14.285715103149414,0,156907.65673828125,0,0,4112314368,0,927371264,0
200,1788379719600,3191,3191,5.263157844543457,19.047618865966797,0,156907.65673828125,0,0,4112314368,0,927371264,0
200,1788379719800,3191,3191,14.285715103149414,18.18181800842285,0,156907.65673828125,0,0,4112314368,0,927371264,0
200,1788379720001,3191,3191,14.285715103149414,5.263157844543457,0,156907.65673828125,0,0,4112314368,0,927371264,0
200,1788379720201,3191,3191,10.526315689086914,15.000000953674316,0,156907.65673828125,0,0,4112314368,0,927371264,0
200,1788379720401,3191,3191,15.000000953674316,15.000000953674316,0,156908.0718383789,0,0,4112314368,0,927371264,0
200,1788379720601,3191,3191,5,13.636363983154297,0,156908.0718383789,0,0,4112314368,0,927371264,0
200,1788379720801,3191,3191,22.72727394104004,15.000000953674316,0,156908.0718383789,0,0,4112314368,0,927371264,0
200,1788379721001,3191,3191,19.047618865966797,10.526315689086914,0,156908.0718383789,0,0,4112314368,0,927371264,0
200,1788379721201,3191,3191,18.18181800842285,15.000000953674316,0,156908.0718383789,0,0,4112314368,0,927371264,0
200,1788379721401,3191,3191,0,14.285715103149414,0,156908.45037841797,0,0,4112314368,0,927371264,0
200,1788379721601,3191,3191,5.555555820465088,22.72727394104004,0,156908.45037841797,0,0,4112314368,0,927371264,0
200,1788379721802,3191,3191,15.000000953674316,9.523809432983398,0,156908.45037841797,0,0,4112314368,0,927371264,0
200,1788379722002,3191,3191,5.263157844543457,10,0,156908.45037841797,0,0,4112314368,0,927371264,0
200,1788379722202,3191,3191,18.18181800842285,14.285715103149414,0,156908.45037841797,0,0,4112314368,0,927371264,0
200,1788379722403,3191,3191,10.526315689086914,15.000000953674316,0,156908.82525634766,0,0,4112314368,0,927371264,0
200,1788379722603,3191,3191,5,5,0,156908.82525634766,0,0,4112314368,0,927371264,0
200,1788379722803,3191,3191,19.047618865966797,15.000000953674316,0,156908.82525634766,0,0,4112314368,0,927371264,0
200,1788379723003,3191,3191,5.263157844543457,19.047618865966797,0,156908.82525634766,0,0,4112314368,0,927371264,0
200,1788379723203,3191,3191,19.047618865966797,0,0,156908.82525634766,0,0,4112314368,0,927371264,0
200,1788379723403,3191,3191,18.18181800842285,19.047618865966797,0,156909.20623779297,0,0,4112314368,0,927371264,0
200,1788379723604,3191,3191,10,5.263157844543457,0,156909.20623779297,0,0,4112314368,0,927371264,0
200,1788379723804,3191,3191,19.047618865966797,23.809524536132813,0,156909.20623779297,0,0,4112314368,0,927371264,0
200,1788379724004,3191,3191,5,9.523809432983398,0,156909.20623779297,0,0,4112314368,0,927371264,0
200,1788379724204,3191,3191,10.526315689086914,15.000000953674316,0,156909.20623779297,0,0,4112314368,0,927371264,0
200,1788379724404,3191,3191,14.285715103149414,10,0,156909.60327148438,0,0,4112314368,0,927371264,0
200,1788379724604,3191,3191,18.18181800842285,10,0,156909.60327148438,0,0,4112314368,0,927371264,0
200,1788379724804,3191,3191,10.526315689086914,15.000000953674316,0,156909.60327148438,0,0,4112314368,0,927371264,0
200,1788379725004,3191,3191,14.285715103149414,22.72727394104004,0,156909.60327148438,0,0,4112314368,0,927371264,0
200,1788379725204,3191,3191,5,5,0,156909.60327148438,0,0,4112314368,0,927371264,0
200,1788379725405,3191,3191,10.526315689086914,20,0,156909.95971679688,0,0,4112314368,0,927371264,0
200,1788379725605,3191,3191,19.047618865966797,14.285715103149414,0,156909.95971679688,0,0,4112314368,0,927371264,0
200,1788379725805,3191,3191,10,10,0,156909.95971679688,0,0,4112314368,0,927371264,0
200,1788379726005,3191,3191,19.047618865966797,15.000000953674316,0,156909.95971679688,0,0,4112314368,0,927371264,0
200,1788379726205,3191,3191,15.000000953674316,15.000000953674316,0,156909.95971679688,0,0,4112314368,0,927371264,0
200,1788379726405,3191,3191,5,14.285715103149414,0,156910.71807861328,0,0,4112314368,0,927371264,0
200,1788379726605,3191,3191,15.000000953674316,10,0,156910.71807861328,0,0,4112314368,0,927371264,0
200,1788379726806,3191,3191,10,15.000000953674316,0,156910.71807861328,0,0,4112314368,0,927371264,0
200,1788379727006,3191,3191,15.000000953674316,19.047618865966797,0,156910.71807861328,0,0,4112314368,0,927371264,0
200,1788379727206,3191,3191,5,5,0,156910.71807861328,0,0,4112314368,0,927371264,0
200,1788379727406,3191,3191,20,20,0,156911.07318115234,0,0,4112314368,0,927371264,0
200,1788379727607,3191,3191,10,15.000000953674316,0,156911.07318115234,0,0,4112314368,0,927371264,0
200,1788379727807,3191,3191,9.523809432983398,9.090909004211426,0,156911.07318115234,0,0,4112314368,0,927371264,0
200,1788379728007,3191,3191,19.047618865966797,10.526315689086914,0,156911.07318115234,0,0,4112314368,0,927371264,0
200,1788379728207,3191,3191,5.263157844543457,17.39130401611328,0,156911.07318115234,0,0,4112314368,0,927371264,0
200,1788379728407,3191,3191,10,14.285715103149414,0,156911.39093017578,0,0,4112314368,0,927371264,0
200,1788379728608,3191,3191,18.18181800842285,22.72727394104004,0,156911.39093017578,0,0,4112314368,0,927371264,0
200,1788379728808,3191,3191,14.285715103149414,5,0,156911.39093017578,0,0,4112314368,0,927371264,0
200,1788379729008,3191,3191,9.523809432983398,0,0,156911.39093017578,0,0,4112314368,0,927371264,0
200,1788379729208,3191,3191,10,15.000000953674316,0,156911.39093017578,0,0,4112314368,0,927371264,0
200,1788379729408,3191,3191,10,9.523809432983398,0,156911.69635009766,0,0,4112314368,0,927371264,0
200,1788379729609,3191,3191,5.263157844543457,10,0,156911.69635009766,0,0,4112314368,0,927371264,0
200,1788379729809,3191,3191,5,5,0,156911.69635009766,0,0,4112314368,0,927371264,0
200,1788379730009,3191,3191,10,5.263157844543457,0,156911.69635009766,0,0,4112314368,0,927371264,0
200,1788379730209,3191,3191,0,9.090909004211426,0,156911.69635009766,0,0,4112314368,0,927371264,0
200,1788379730410,3191,3191,13.636363983154297,14.285715103149414,0,156911.84869384766,0,0,4112314368,0,927371264,0
200,1788379730610,3191,3191,5,5,0,156911.84869384766,0,0,4112314368,0,927371264,0
200,1788379730810,3191,3191,5,0,0,156911.84869384766,0,0,4112314368,0,927371264,0
200,1788379731010,3191,3191,13.636363983154297,0,0,156911.84869384766,0,0,4112314368,0,927371264,0
200,1788379731210,3191,3191,0,5,0,156911.84869384766,0,0,4112314368,0,927371264,0
200,1788379731411,3191,3191,5,9.523809432983398,0,156911.97943115234,0,0,4112314368,0,927371264,0
200,1788379731611,3191,3191,4.761904716491699,0,0,156911.97943115234,0,0,4112314368,0,927371264,0
200,1788379731811,3191,3191,5,5,0,156911.97943115234,0,0,4112314368,0,927371264,0
200,1788379732012,3191,3191,4.761904716491699,4.761904716491699,0,156911.97943115234,0,0,4112314368,0,927371264,0
200,1788379732212,3191,3191,0,0,0,156911.97943115234,0,0,4112314368,0,927371264,0
200,1788379732412,3191,3191,0,0,0,156912.03540039063,0,0,4112314368,0,927371264,0
200,1788379732612,3191,3191,0,4.761904716491699,0,156912.03540039063,0,0,4112314368,0,927371264,0
200,1788379732812,3191,3191,5,0,0,156912.03540039063,0,0,4112314368,0,927371264,0
200,1788379733012,3191,3191,0,0,0,156912.03540039063,0,0,4112314368,0,927371264,0
200,1788379733213,3191,3191,0,0,0,156912.03540039063,0,0,4112314368,0,927371264,0
200,1788379733413,3191,3191,0,4.761904716491699,0,156912.08099365234,0,0,4112314368,0,927371264,0
200,1788379733613,3191,3191,0,0,0,156912.08099365234,0,0,4112314368,0,927371264,0
200,1788379733814,3191,3191,0,0,0,156912.08099365234,0,0,4112314368,0,927371264,0
200,1788379734014,3191,3191,0,0,0,156912.08099365234,0,0,4112314368,0,927371264,0
200,1788379734214,3191,3191,0,0,0,156912.08099365234,0,0,4112314368,0,927371264,0
200,1788379734415,3191,3191,0,0,0,156912.09442138672,0,0,4112314368,0,927371264,0
200,1788379734615,3191,3191,0,0,0,156912.09442138672,0,0,4112314368,0,927371264,0
200,1788379734815,3191,3191,0,0,0,156912.09442138672,0,0,4112314368,0,927371264,0
200,1788379735015,3191,3191,4.761904716491699,4.761904716491699,0,156912.09442138672,0,0,4112314368,0,927371264,0
200,1788379735216,3191,3191,0,0,0,156912.09442138672,0,0,4112314368,0,927371264,0
200,1788379735416,3191,3191,0,0,0,156912.10412597656,0,0,4112314368,0,927371264,0
200,1788379735616,3191,3191,0,0,0,156912.10412597656,0,0,4112314368,0,927371264,0
200,1788379735816,3191,3191,0,0,0,156912.10412597656,0,0,4112314368,0,927371264,0
200,1788379736016,3191,3191,0,0,0,156912.10412597656,0,0,4112314368,0,927371264,0
200,1788379736217,3191,3191,0,0,0,156912.10412597656,0,0,4112314368,0,927371264,0
200,1788379736417,3191,3191,0,0,0,156912.10412597656,0,0,4112314368,0,927371264,0
200,1788379736617,3191,3191,0,0,0,156912.10412597656,0,0,4112314368,0,927371264,0
200,1788379736817,3191,3191,0,0,0,156912.10412597656,0,0,4112314368,0,927371264,0
200,1788379737018,3191,3191,0,0,0,156912.10412597656,0,0,4112314368,0,927371264,0
200,1788379737218,3191,3191,0,0,0,156912.10412597656,0,0,4112314368,0,927371264,0
200,1788379737418,3191,3191,0,0,0,156912.12786865234,0,0,4112314368,0,927371264,0
200,1788379737619,3191,3191,0,0,0,156912.12786865234,0,0,4112314368,0,927371264,0
200,1788379737819,3191,3191,0,0,0,156912.12786865234,0,0,4112314368,0,927371264,0
200,1788379738019,3191,3191,0,0,0,156912.12786865234,0,0,4112314368,0,927371264,0
200,1788379738220,3191,3191,0,0,0,156912.12786865234,0,0,4112314368,0,927371264,0
200,1788379738420,3191,3191,0,0,0,156912.14654541016,0,0,4112314368,0,927371264,0
200,1788379738620,3191,3191,0,0,0,156912.14654541016,0,0,4112314368,0,927371264,0
200,1788379738820,3191,3191,0,0,0,156912.14654541016,0,0,4112314368,0,927371264,0
200,1788379739021,3191,3191,0,0,0,156912.14654541016,0,0,4112314368,0,927371264,0
200,1788379739221,3191,3191,0,0,0,156912.14654541016,0,0,4112314368,0,927371264,0
200,1788379739421,3191,3191,0,0,0,156912.15899658203,0,0,4112314368,0,927371264,0
200,1788379739621,3191,3191,0,0,0,156912.15899658203,0,0,4112314368,0,927371264,0
200,1788379739821,3191,3191,0,0,0,156912.15899658203,0,0,4112314368,0,927371264,0
200,1788379740022,3191,3191,0,0,0,156912.15899658203,0,0,4112314368,0,927371264,0
200,1788379740222,3191,3191,4.761904716491699,0,0,156912.15899658203,0,0,4112314368,0,927371264,0
200,1788379740423,3191,3191,0,0,0,156912.15899658203,0,0,4112314368,0,927371264,0
200,1788379740623,3191,3191,0,0,0,156912.15899658203,0,0,4112314368,0,927371264,0
200,1788379740823,3191,3191,0,0,0,156912.15899658203,0,0,4112314368,0,927371264,0
200,1788379741024,3191,3191,0,0,0,156912.15899658203,0,0,4112314368,0,927371264,0
200,1788379741224,3191,3191,0,0,0,156912.15899658203,0,0,4112314368,0,927371264,0
200,1788379741424,3191,3191,0,0,0,156912.1714477539,0,0,4112314368,0,927371264,0
200,1788379741624,3191,3191,0,0,0,156912.1714477539,0,0,4112314368,0,927371264,0
200,1788379741824,3191,3191,0,0,0,156912.1714477539,0,0,4112314368,0,927371264,0
200,1788379742025,3191,3191,0,0,0,156912.1714477539,0,0,4112314368,0,927371264,0
200,1788379742225,3191,3191,0,0,0,156912.1714477539,0,0,4112314368,0,927371264,0
200,1788379742425,3191,3191,0,0,0,156912.1714477539,0,0,4112314368,0,927371264,0
200,1788379742625,3191,3191,0,0,0,156912.1714477539,0,0,4112314368,0,927371264,0
200,1788379742825,3191,3191,0,0,0,156912.1714477539,0,0,4112314368,0,927371264,0
200,1788379743026,3191,3191,0,0,0,156912.1714477539,0,0,4112314368,0,927371264,0
200,1788379743226,3191,3191,0,0,0,156912.1714477539,0,0,4112314368,0,927371264,0
200,1788379743426,3191,3191,0,0,0,156912.1714477539,0,0,4112314368,0,927371264,0
200,1788379743627,3191,3191,0,0,0,156912.1714477539,0,0,4112314368,0,927371264,0
200,1788379743827,3191,3191,0,0,0,156912.1714477539,0,0,4112314368,0,927371264,0
200,1788379744027,3191,3191,0,0,0,156912.1714477539,0,0,4112314368,0,927371264,0
200,1788379744228,3191,3191,0,0,0,156912.1714477539,0,0,4112314368,0,927371264,0
200,1788379744428,3191,3191,0,0,0,156912.18646240234,0,0,4112314368,0,927371264,0
200,1788379744628,3191,3191,0,0,0,156912.18646240234,0,0,4112314368,0,927371264,0
200,1788379744828,3191,3191,0,0,0,156912.18646240234,0,0,4112314368,0,927371264,0
200,1788379745028,3191,3191,0,0,0,156912.18646240234,0,0,4112314368,0,927371264,0
200,1788379745229,3191,3191,0,0,0,156912.18646240234,0,0,4112314368,0,927371264,0
200,1788379745429,3191,3191,0,4.761904716491699,0,156912.18646240234,0,0,4112314368,0,927371264,0
200,1788379745629,3191,3191,0,0,0,156912.18646240234,0,0,4112314368,0,927371264,0
200,1788379745829,3191,3191,0,0,0,156912.18646240234,0,0,4112314368,0,927371264,0
200,1788379746029,3191,3191,0,0,0,156912.18646240234,0,0,4112314368,0,927371264,0
200,1788379746230,3191,3191,0,0,0,156912.18646240234,0,0,4112314368,0,927371264,0
200,1788379746430,3191,3191,0,0,0,156912.2250366211,0,0,4112314368,0,927371264,0
200,1788379746630,3191,3191,0,0,0,156912.2250366211,0,0,4112314368,0,927371264,0
200,1788379746831,3191,3191,0,0,0,156912.2250366211,0,0,4112314368,0,927371264,0
200,1788379747031,3191,3191,0,0,0,156912.2250366211,0,0,4112314368,0,927371264,0
200,1788379747232,3191,3191,0,0,0,156912.2250366211,0,0,4112314368,0,927371264,0
200,1788379747432,3191,3191,0,0,0,156912.2313232422,0,0,4112314368,0,927371264,0
200,1788379747632,3191,3191,0,0,0,156912.2313232422,0,0,4112314368,0,927371264,0
200,1788379747832,3191,3191,0,0,0,156912.2313232422,0,0,4112314368,0,927371264,0
200,1788379748033,3191,3191,0,0,0,156912.2313232422,0,0,4112314368,0,927371264,0
200,1788379748233,3191,3191,0,0,0,156912.2313232422,0,0,4112314368,0,927371264,0
200,1788379748433,3191,3191,0,0,0,156912.24389648438,0,0,4112314368,0,927371264,0
200,1788379748633,3191,3191,0,0,0,156912.24389648438,0,0,4112314368,0,927371264,0
200,1788379748834,3191,3191,0,0,0,156912.24389648438,0,0,4112314368,0,927371264,0
200,1788379749034,3191,3191,0,0,0,156912.24389648438,0,0,4112314368,0,927371264,0
200,1788379749234,3191,3191,0,0,0,156912.24389648438,0,0,4112314368,0,927371264,0
200,1788379749435,3191,3191,0,0,0,156912.24389648438,0,0,4112314368,0,927371264,0
200,1788379749635,3191,3191,0,0,0,156912.24389648438,0,0,4112314368,0,927371264,0
1,1788379749836,3191,3191,0,0,0,156912.24389648438,0,0,4112314368,0,927371264,0
