Delta,Time,CPU_FREQUENCY_0,CPU_FREQUENCY_1,CPU_USAGE_0,CPU_USAGE_1,DRAM_ENERGY (J),PACKAGE_ENERGY (J),PP0_ENERGY (J),PP1_ENERGY (J),TOTAL_MEMORY,TOTAL_SWAP,USED_MEMORY,USED_SWAP
0,1788376772714,3191,3191,4.545454502105713,5,0,155950.17248535156,0,0,4112314368,0,852992000,0
200,1788376772715,3191,3191,4.545454502105713,5,0,155950.17248535156,0,0,4112314368,0,852992000,0
200,1788376772915,3191,3191,0,0,0,155950.17248535156,0,0,4112314368,0,853024768,0
200,1788376773115,3191,3191,0,0,0,155950.17248535156,0,0,4112314368,0,853024768,0
200,1788376773316,3191,3191,0,0,0,155950.17248535156,0,0,4112314368,0,853024768,0
200,1788376773516,3191,3191,0,0,0,155950.17248535156,0,0,4112314368,0,853024768,0
200,1788376773716,3191,3191,0,0,0,155950.18969726563,0,0,4112314368,0,853024768,0
200,1788376773916,3191,3191,0,0,0,155950.18969726563,0,0,4112314368,0,853024768,0
200,1788376774117,3191,3191,0,0,0,155950.18969726563,0,0,4112314368,0,853024768,0
200,1788376774317,3191,3191,0,0,0,155950.18969726563,0,0,4112314368,0,853024768,0
200,1788376774517,3191,3191,0,0,0,155950.18969726563,0,0,4112314368,0,853024768,0
200,1788376774717,3191,3191,0,0,0,155950.18969726563,0,0,4112314368,0,853024768,0
200,1788376774917,3191,3191,0,0,0,155950.18969726563,0,0,4112314368,0,853024768,0
200,1788376775118,3191,3191,0,0,0,155950.18969726563,0,0,4112314368,0,853024768,0
200,1788376775318,3191,3191,0,0,0,155950.18969726563,0,0,4112314368,0,853024768,0
200,1788376775518,3191,3191,0,0,0,155950.18969726563,0,0,4112314368,0,853024768,0
200,1788376775718,3191,3191,0,0,0,155950.18969726563,0,0,4112314368,0,853024768,0
200,1788376775918,3191,3191,0,0,0,155950.18969726563,0,0,4112314368,0,853024768,0
200,1788376776118,3191,3191,0,0,0,155950.18969726563,0,0,4112314368,0,853024768,0
200,1788376776319,3191,3191,0,0,0,155950.18969726563,0,0,4112314368,0,853024768,0
200,1788376776519,3191,3191,0,0,0,155950.18969726563,0,0,4112314368,0,853024768,0
200,1788376776719,3191,3191,0,0,0,155950.244140625,0,0,4112314368,0,853024768,0
200,1788376776920,3191,3191,0,0,0,155950.244140625,0,0,4112314368,0,853024768,0
200,1788376777120,3191,3191,0,0,0,155950.244140625,0,0,4112314368,0,853024768,0
200,1788376777320,3191,3191,0,0,0,155950.244140625,0,0,4112314368,0,853024768,0
200,1788376777521,3191,3191,0,0,0,155950.244140625,0,0,4112314368,0,853024768,0
200,1788376777721,3191,3191,0,0,0,155950.244140625,0,0,4112314368,0,853024768,0
200,1788376777921,3191,3191,0,0,0,155950.244140625,0,0,4112314368,0,853024768,0
200,1788376778121,3191,3191,0,0,0,155950.244140625,0,0,4112314368,0,853024768,0
200,1788376778321,3191,3191,0,0,0,155950.244140625,0,0,4112314368,0,853024768,0
200,1788376778522,3191,3191,0,0,0,155950.244140625,0,0,4112314368,0,853024768,0
200,1788376778722,3191,3191,0,0,0,155950.2657470703,0,0,4112314368,0,853024768,0
200,1788376778922,3191,3191,0,4.761904716491699,0,155950.2657470703,0,0,4112314368,0,853024768,0
200,1788376779122,3191,3191,0,0,0,155950.2657470703,0,0,4112314368,0,853024768,0
200,1788376779323,3191,3191,0,0,0,155950.2657470703,0,0,4112314368,0,853024768,0
200,1788376779523,3191,3191,4.761904716491699,0,0,155950.2657470703,0,0,4112314368,0,853024768,0
200,1788376779723,3191,3191,0,4.761904716491699,0,155950.2657470703,0,0,4112314368,0,853024768,0
200,1788376779924,3191,3191,0,0,0,155950.2657470703,0,0,4112314368,0,853024768,0
200,1788376780124,3191,3191,0,0,0,155950.2657470703,0,0,4112314368,0,853024768,0
200,1788376780324,3191,3191,0,0,0,155950.2657470703,0,0,4112314368,0,853024768,0
200,1788376780525,3191,3191,0,0,0,155950.2657470703,0,0,4112314368,0,853024768,0
200,1788376780725,3191,3191,0,0,0,155950.28521728516,0,0,4112314368,0,853024768,0
200,1788376780925,3191,3191,0,0,0,155950.28521728516,0,0,4112314368,0,853024768,0
200,1788376781125,3191,3191,0,0,0,155950.28521728516,0,0,4112314368,0,853024768,0
200,1788376781326,3191,3191,0,0,0,155950.28521728516,0,0,4112314368,0,853024768,0
200,1788376781526,3191,3191,0,0,0,155950.28521728516,0,0,4112314368,0,853024768,0
200,1788376781726,3191,3191,0,0,0,155950.28521728516,0,0,4112314368,0,853024768,0
200,1788376781926,3191,3191,0,0,0,155950.28521728516,0,0,4112314368,0,853024768,0
200,1788376782127,3191,3191,0,0,0,155950.28521728516,0,0,4112314368,0,853024768,0
200,1788376782327,3191,3191,0,0,0,155950.28521728516,0,0,4112314368,0,853024768,0
200,1788376782527,3191,3191,0,0,0,155950.28521728516,0,0,4112314368,0,853024768,0
200,1788376782728,3191,3191,0,0,0,155950.30450439453,0,0,4112314368,0,853024768,0
200,1788376782928,3191,3191,0,0,0,155950.30450439453,0,0,4112314368,0,853024768,0
200,1788376783128,3191,3191,0,0,0,155950.30450439453,0,0,4112314368,0,853024768,0
200,1788376783329,3191,3191,0,0,0,155950.30450439453,0,0,4112314368,0,853024768,0
200,1788376783529,3191,3191,0,0,0,155950.30450439453,0,0,4112314368,0,853024768,0
200,1788376783729,3191,3191,0,0,0,155950.30450439453,0,0,4112314368,0,853024768,0
200,1788376783929,3191,3191,0,0,0,155950.30450439453,0,0,4112314368,0,853024768,0
200,1788376784130,3191,3191,0,0,0,155950.30450439453,0,0,4112314368,0,853024768,0
200,1788376784330,3191,3191,0,0,0,155950.30450439453,0,0,4112314368,0,853024768,0
200,1788376784530,3191,3191,0,0,0,155950.30450439453,0,0,4112314368,0,853024768,0
200,1788376784730,3191,3191,0,0,0,155950.32110595703,0,0,4112314368,0,853024768,0
200,1788376784930,3191,3191,0,0,0,155950.32110595703,0,0,4112314368,0,853024768,0
200,1788376785131,3191,3191,0,0,0,155950.32110595703,0,0,4112314368,0,853024768,0
200,1788376785331,3191,3191,0,0,0,155950.32110595703,0,0,4112314368,0,853024768,0
200,1788376785531,3191,3191,0,0,0,155950.32110595703,0,0,4112314368,0,853024768,0
200,1788376785731,3191,3191,0,0,0,155950.32110595703,0,0,4112314368,0,853024768,0
200,1788376785931,3191,3191,0,0,0,155950.32110595703,0,0,4112314368,0,853024768,0
200,1788376786132,3191,3191,0,0,0,155950.32110595703,0,0,4112314368,0,853024768,0
200,1788376786332,3191,3191,4.761904716491699,0,0,155950.32110595703,0,0,4112314368,0,853024768,0
200,1788376786532,3191,3191,0,0,0,155950.32110595703,0,0,4112314368,0,853024768,0
200,1788376786733,3191,3191,0,0,0,155950.34887695313,0,0,4112314368,0,853024768,0
200,1788376786933,3191,3191,0,0,0,155950.34887695313,0,0,4112314368,0,853024768,0
200,1788376787133,3191,3191,0,0,0,155950.34887695313,0,0,4112314368,0,853024768,0
200,1788376787333,3191,3191,0,0,0,155950.34887695313,0,0,4112314368,0,853024768,0
200,1788376787533,3191,3191,0,0,0,155950.34887695313,0,0,4112314368,0,853024768,0
200,1788376787734,3191,3191,0,0,0,155950.34887695313,0,0,4112314368,0,853024768,0
200,1788376787934,3191,3191,0,0,0,155950.34887695313,0,0,4112314368,0,853024768,0
200,1788376788134,3191,3191,0,0,0,155950.34887695313,0,0,4112314368,0,853024768,0
200,1788376788334,3191,3191,0,0,0,155950.34887695313,0,0,4112314368,0,853024768,0
200,1788376788535,3191,3191,0,0,0,155950.34887695313,0,0,4112314368,0,853024768,0
200,1788376788735,3191,3191,0,0,0,155950.36236572266,0,0,4112314368,0,853024768,0
200,1788376788935,3191,3191,0,0,0,155950.36236572266,0,0,4112314368,0,853024768,0
200,1788376789135,3191,3191,0,0,0,155950.36236572266,0,0,4112314368,0,853024768,0
200,1788376789336,3191,3191,0,4.761904716491699,0,155950.36236572266,0,0,4112314368,0,853024768,0
200,1788376789536,3191,3191,0,0,0,155950.36236572266,0,0,4112314368,0,853024768,0
200,1788376789736,3191,3191,0,0,0,155950.36236572266,0,0,4112314368,0,853024768,0
200,1788376789936,3191,3191,0,0,0,155950.36236572266,0,0,4112314368,0,853024768,0
200,1788376790136,3191,3191,0,0,0,155950.36236572266,0,0,4112314368,0,853024768,0
200,1788376790336,3191,3191,0,0,0,155950.36236572266,0,0,4112314368,0,853024768,0
200,1788376790537,3191,3191,0,0,0,155950.36236572266,0,0,4112314368,0,853024768,0
200,1788376790737,3191,3191,0,0,0,155950.37530517578,0,0,4112314368,0,853024768,0
200,1788376790937,3191,3191,0,0,0,155950.37530517578,0,0,4112314368,0,853024768,0
200,1788376791137,3191,3191,0,0,0,155950.37530517578,0,0,4112314368,0,853024768,0
200,1788376791338,3191,3191,0,0,0,155950.37530517578,0,0,4112314368,0,853024768,0
200,1788376791538,3191,3191,0,0,0,155950.37530517578,0,0,4112314368,0,853024768,0
200,1788376791738,3191,3191,0,0,0,155950.37530517578,0,0,4112314368,0,853024768,0
200,1788376791938,3191,3191,0,0,0,155950.37530517578,0,0,4112314368,0,853024768,0
200,1788376792139,3191,3191,0,0,0,155950.37530517578,0,0,4112314368,0,853024768,0
200,1788376792339,3191,3191,0,0,0,155950.37530517578,0,0,4112314368,0,853024768,0
200,1788376792539,3191,3191,4.761904716491699,0,0,155950.37530517578,0,0,4112314368,0,853024768,0
200,1788376792740,3191,3191,0,0,0,155950.39489746094,0,0,4112314368,0,853024768,0
200,1788376792940,3191,3191,0,0,0,155950.39489746094,0,0,4112314368,0,853024768,0
200,1788376793140,3191,3191,0,0,0,155950.39489746094,0,0,4112314368,0,853024768,0
200,1788376793340,3191,3191,0,0,0,155950.39489746094,0,0,4112314368,0,853024768,0
200,1788376793541,3191,3191,0,0,0,155950.39489746094,0,0,4112314368,0,853024768,0
200,1788376793741,3191,3191,0,0,0,155950.39489746094,0,0,4112314368,0,853024768,0
200,1788376793941,3191,3191,0,0,0,155950.39489746094,0,0,4112314368,0,853024768,0
200,1788376794142,3191,3191,0,0,0,155950.39489746094,0,0,4112314368,0,853024768,0
200,1788376794342,3191,3191,0,0,0,155950.39489746094,0,0,4112314368,0,853024768,0
200,1788376794542,3191,3191,0,0,0,155950.39489746094,0,0,4112314368,0,853024768,0
200,1788376794742,3191,3191,0,0,0,155950.41174316406,0,0,4112314368,0,853024768,0
200,1788376794942,3191,3191,0,0,0,155950.41174316406,0,0,4112314368,0,853024768,0
200,1788376795143,3191,3191,0,0,0,155950.41174316406,0,0,4112314368,0,853024768,0
200,1788376795343,3191,3191,0,0,0,155950.41174316406,0,0,4112314368,0,853024768,0
200,1788376795543,3191,3191,0,0,0,155950.41174316406,0,0,4112314368,0,853024768,0
200,1788376795743,3191,3191,0,0,0,155950.43798828125,0,0,4112314368,0,853024768,0
200,1788376795943,3191,3191,4.761904716491699,0,0,155950.43798828125,0,0,4112314368,0,853024768,0
200,1788376796144,3191,3191,0,0,0,155950.43798828125,0,0,4112314368,0,853024768,0
200,1788376796344,3191,3191,0,0,0,155950.43798828125,0,0,4112314368,0,853024768,0
200,1788376796544,3191,3191,0,0,0,155950.43798828125,0,0,4112314368,0,853024768,0
200,1788376796745,3191,3191,0,0,0,155950.43798828125,0,0,4112314368,0,853024768,0
200,1788376796945,3191,3191,0,0,0,155950.43798828125,0,0,4112314368,0,853024768,0
200,1788376797145,3191,3191,0,0,0,155950.43798828125,0,0,4112314368,0,853024768,0
200,1788376797345,3191,3191,0,0,0,155950.43798828125,0,0,4112314368,0,853024768,0
200,1788376797546,3191,3191,0,0,0,155950.43798828125,0,0,4112314368,0,853024768,0
200,1788376797746,3191,3191,0,0,0,155950.43798828125,0,0,4112314368,0,853024768,0
200,1788376797946,3191,3191,0,0,0,155950.43798828125,0,0,4112314368,0,853024768,0
200,1788376798146,3191,3191,0,0,0,155950.43798828125,0,0,4112314368,0,853024768,0
200,1788376798346,3191,3191,0,0,0,155950.43798828125,0,0,4112314368,0,853024768,0
200,1788376798547,3191,3191,0,0,0,155950.43798828125,0,0,4112314368,0,853024768,0
200,1788376798747,3191,3191,0,0,0,155950.43798828125,0,0,4112314368,0,853024768,0
200,1788376798947,3191,3191,0,0,0,155950.43798828125,0,0,4112314368,0,853024768,0
200,1788376799147,3191,3191,0,0,0,155950.43798828125,0,0,4112314368,0,853024768,0
200,1788376799348,3191,3191,0,0,0,155950.43798828125,0,0,4112314368,0,853024768,0
200,1788376799548,3191,3191,0,0,0,155950.43798828125,0,0,4112314368,0,853024768,0
200,1788376799748,3191,3191,0,0,0,155950.46417236328,0,0,4112314368,0,853024768,0
200,1788376799949,3191,3191,0,0,0,155950.46417236328,0,0,4112314368,0,853024768,0
200,1788376800149,3191,3191,0,0,0,155950.46417236328,0,0,4112314368,0,853024768,0
200,1788376800349,3191,3191,0,0,0,155950.46417236328,0,0,4112314368,0,853024768,0
200,1788376800549,3191,3191,0,0,0,155950.46417236328,0,0,4112314368,0,853024768,0
200,1788376800749,3191,3191,0,0,0,155950.46417236328,0,0,4112314368,0,853024768,0
200,1788376800949,3191,3191,0,0,0,155950.46417236328,0,0,4112314368,0,853024768,0
200,1788376801150,3191,3191,0,0,0,155950.46417236328,0,0,4112314368,0,853024768,0
200,1788376801350,3191,3191,0,0,0,155950.46417236328,0,0,4112314368,0,853024768,0
200,1788376801550,3191,3191,0,0,0,155950.47717285156,0,0,4112314368,0,853024768,0
200,1788376801750,3191,3191,0,0,0,155950.47717285156,0,0,4112314368,0,853024768,0
200,1788376801950,3191,3191,0,0,0,155950.47717285156,0,0,4112314368,0,853024768,0
200,1788376802151,3191,3191,0,0,0,155950.47717285156,0,0,4112314368,0,853024768,0
200,1788376802351,3191,3191,0,0,0,155950.47717285156,0,0,4112314368,0,853024768,0
200,1788376802551,3191,3191,0,0,0,155950.47717285156,0,0,4112314368,0,853024768,0
200,1788376802751,3191,3191,0,0,0,155950.47717285156,0,0,4112314368,0,853024768,0
200,1788376802951,3191,3191,5,0,0,155950.47717285156,0,0,4112314368,0,853024768,0
200,1788376803152,3191,3191,0,0,0,155950.47717285156,0,0,4112314368,0,853024768,0
200,1788376803352,3191,3191,0,0,0,155950.47717285156,0,0,4112314368,0,853024768,0
200,1788376803552,3191,3191,0,0,0,155950.49243164063,0,0,4112314368,0,853024768,0
200,1788376803752,3191,3191,0,0,0,155950.49243164063,0,0,4112314368,0,853024768,0
200,1788376803953,3191,3191,0,0,0,155950.49243164063,0,0,4112314368,0,853024768,0
200,1788376804153,3191,3191,0,0,0,155950.49243164063,0,0,4112314368,0,853024768,0
200,1788376804353,3191,3191,0,0,0,155950.49243164063,0,0,4112314368,0,853024768,0
200,1788376804553,3191,3191,0,0,0,155950.49243164063,0,0,4112314368,0,853024768,0
200,1788376804754,3191,3191,0,0,0,155950.49243164063,0,0,4112314368,0,853024768,0
200,1788376804954,3191,3191,0,0,0,155950.49243164063,0,0,4112314368,0,853024768,0
200,1788376805154,3191,3191,0,0,0,155950.49243164063,0,0,4112314368,0,853024768,0
200,1788376805354,3191,3191,0,0,0,155950.49243164063,0,0,4112314368,0,853024768,0
200,1788376805555,3191,3191,0,0,0,155950.50720214844,0,0,4112314368,0,853024768,0
200,1788376805755,3191,3191,0,0,0,155950.50720214844,0,0,4112314368,0,853024768,0
200,1788376805955,3191,3191,0,4.761904716491699,0,155950.50720214844,0,0,4112314368,0,853024768,0
200,1788376806155,3191,3191,4.761904716491699,0,0,155950.50720214844,0,0,4112314368,0,853024768,0
200,1788376806356,3191,3191,0,0,0,155950.50720214844,0,0,4112314368,0,853024768,0
200,1788376806556,3191,3191,0,0,0,155950.54028320313,0,0,4112314368,0,853024768,0
200,1788376806756,3191,3191,0,0,0,155950.54028320313,0,0,4112314368,0,853024768,0
200,1788376806956,3191,3191,0,0,0,155950.54028320313,0,0,4112314368,0,853024768,0
200,1788376807156,3191,3191,0,0,0,155950.54028320313,0,0,4112314368,0,853024768,0
200,1788376807357,3191,3191,0,0,0,155950.54028320313,0,0,4112314368,0,853024768,0
200,1788376807557,3191,3191,0,0,0,155950.54028320313,0,0,4112314368,0,853024768,0
200,1788376807757,3191,3191,0,0,0,155950.54028320313,0,0,4112314368,0,853024768,0
200,1788376807957,3191,3191,0,0,0,155950.54028320313,0,0,4112314368,0,853024768,0
200,1788376808158,3191,3191,0,0,0,155950.54028320313,0,0,4112314368,0,853024768,0
200,1788376808358,3191,3191,0,0,0,155950.54028320313,0,0,4112314368,0,853024768,0
200,1788376808558,3191,3191,0,0,0,155950.5473022461,0,0,4112314368,0,853024768,0
200,1788376808758,3191,3191,0,0,0,155950.5473022461,0,0,4112314368,0,853024768,0
200,1788376808959,3191,3191,0,0,0,155950.5473022461,0,0,4112314368,0,853024768,0
200,1788376809159,3191,3191,0,0,0,155950.5473022461,0,0,4112314368,0,853024768,0
200,1788376809359,3191,3191,0,0,0,155950.5473022461,0,0,4112314368,0,853024768,0
200,1788376809559,3191,3191,0,0,0,155950.5473022461,0,0,4112314368,0,853016576,0
200,1788376809760,3191,3191,0,0,0,155950.5473022461,0,0,4112314368,0,853016576,0
200,1788376809960,3191,3191,0,0,0,155950.5473022461,0,0,4112314368,0,853016576,0
200,1788376810160,3191,3191,0,0,0,155950.5473022461,0,0,4112314368,0,853016576,0
200,1788376810361,3191,3191,0,0,0,155950.5473022461,0,0,4112314368,0,853016576,0
200,1788376810561,3191,3191,0,0,0,155950.5623779297,0,0,4112314368,0,853016576,0
200,1788376810761,3191,3191,0,0,0,155950.5623779297,0,0,4112314368,0,853016576,0
200,1788376810961,3191,3191,0,4.761904716491699,0,155950.5623779297,0,0,4112314368,0,853016576,0
200,1788376811162,3191,3191,0,0,0,155950.5623779297,0,0,4112314368,0,853016576,0
200,1788376811362,3191,3191,0,0,0,155950.5623779297,0,0,4112314368,0,853016576,0
200,1788376811562,3191,3191,0,0,0,155950.56896972656,0,0,4112314368,0,853016576,0
200,1788376811762,3191,3191,4.761904716491699,0,0,155950.56896972656,0,0,4112314368,0,853016576,0
200,1788376811963,3191,3191,0,0,0,155950.56896972656,0,0,4112314368,0,853016576,0
200,1788376812163,3191,3191,0,0,0,155950.56896972656,0,0,4112314368,0,853016576,0
200,1788376812363,3191,3191,0,0,0,155950.56896972656,0,0,4112314368,0,853016576,0
200,1788376812563,3191,3191,4.761904716491699,0,0,155950.5883178711,0,0,4112314368,0,853016576,0
200,1788376812764,3191,3191,0,0,0,155950.5883178711,0,0,4112314368,0,853016576,0
200,1788376812964,3191,3191,0,0,0,155950.5883178711,0,0,4112314368,0,853016576,0
200,1788376813164,3191,3191,0,0,0,155950.5883178711,0,0,4112314368,0,853016576,0
200,1788376813365,3191,3191,0,0,0,155950.5883178711,0,0,4112314368,0,853016576,0
200,1788376813565,3191,3191,0,0,0,155950.5883178711,0,0,4112314368,0,853016576,0
200,1788376813765,3191,3191,0,0,0,155950.5883178711,0,0,4112314368,0,853016576,0
200,1788376813966,3191,3191,0,0,0,155950.5883178711,0,0,4112314368,0,853016576,0
200,1788376814166,3191,3191,0,0,0,155950.5883178711,0,0,4112314368,0,853016576,0
200,1788376814366,3191,3191,0,0,0,155950.5883178711,0,0,4112314368,0,853016576,0
200,1788376814566,3191,3191,0,0,0,155950.5883178711,0,0,4112314368,0,853016576,0
200,1788376814766,3191,3191,0,0,0,155950.5883178711,0,0,4112314368,0,853016576,0
200,1788376814967,3191,3191,0,0,0,155950.5883178711,0,0,4112314368,0,853016576,0
200,1788376815167,3191,3191,0,0,0,155950.5883178711,0,0,4112314368,0,853016576,0
200,1788376815368,3191,3191,0,0,0,155950.5883178711,0,0,4112314368,0,853016576,0
200,1788376815568,3191,3191,0,0,0,155950.6079711914,0,0,4112314368,0,853016576,0
200,1788376815768,3191,3191,0,0,0,155950.6079711914,0,0,4112314368,0,853016576,0
200,1788376815968,3191,3191,0,0,0,155950.6079711914,0,0,4112314368,0,853016576,0
200,1788376816169,3191,3191,0,0,0,155950.6079711914,0,0,4112314368,0,853016576,0
200,1788376816369,3191,3191,0,0,0,155950.6079711914,0,0,4112314368,0,853016576,0
200,1788376816569,3191,3191,0,0,0,155950.6079711914,0,0,4112314368,0,853016576,0
200,1788376816769,3191,3191,0,0,0,155950.6079711914,0,0,4112314368,0,853016576,0
200,1788376816969,3191,3191,0,0,0,155950.6079711914,0,0,4112314368,0,853016576,0
200,1788376817169,3191,3191,0,0,0,155950.6079711914,0,0,4112314368,0,853016576,0
200,1788376817370,3191,3191,0,0,0,155950.6079711914,0,0,4112314368,0,853016576,0
200,1788376817570,3191,3191,0,0,0,155950.61486816406,0,0,4112314368,0,853016576,0
200,1788376817770,3191,3191,0,0,0,155950.61486816406,0,0,4112314368,0,853016576,0
200,1788376817971,3191,3191,0,0,0,155950.61486816406,0,0,4112314368,0,853016576,0
200,1788376818171,3191,3191,0,0,0,155950.61486816406,0,0,4112314368,0,853016576,0
200,1788376818371,3191,3191,0,0,0,155950.61486816406,0,0,4112314368,0,853016576,0
200,1788376818571,3191,3191,4.761904716491699,0,0,155950.6290283203,0,0,4112314368,0,853016576,0
200,1788376818772,3191,3191,0,0,0,155950.6290283203,0,0,4112314368,0,853016576,0
200,1788376818972,3191,3191,0,0,0,155950.6290283203,0,0,4112314368,0,853016576,0
200,1788376819172,3191,3191,4.761904716491699,0,0,155950.6290283203,0,0,4112314368,0,853016576,0
200,1788376819373,3191,3191,0,0,0,155950.6290283203,0,0,4112314368,0,853016576,0
200,1788376819573,3191,3191,0,0,0,155950.6290283203,0,0,4112314368,0,853016576,0
200,1788376819773,3191,3191,0,0,0,155950.6290283203,0,0,4112314368,0,853016576,0
200,1788376819973,3191,3191,0,0,0,155950.6290283203,0,0,4112314368,0,853016576,0
200,1788376820174,3191,3191,0,0,0,155950.6290283203,0,0,4112314368,0,853016576,0
200,1788376820374,3191,3191,0,0,0,155950.6290283203,0,0,4112314368,0,853016576,0
200,1788376820574,3191,3191,0,0,0,155950.6356201172,0,0,4112314368,0,853016576,0
200,1788376820774,3191,3191,0,0,0,155950.6356201172,0,0,4112314368,0,853016576,0
200,1788376820975,3191,3191,0,0,0,155950.6356201172,0,0,4112314368,0,853016576,0
200,1788376821175,3191,3191,0,0,0,155950.6356201172,0,0,4112314368,0,853016576,0
200,1788376821375,3191,3191,0,0,0,155950.6356201172,0,0,4112314368,0,853016576,0
200,1788376821576,3191,3191,0,0,0,155950.6485595703,0,0,4112314368,0,853016576,0
200,1788376821776,3191,3191,0,0,0,155950.6485595703,0,0,4112314368,0,853016576,0
200,1788376821976,3191,3191,0,0,0,155950.6485595703,0,0,4112314368,0,853016576,0
200,1788376822176,3191,3191,0,0,0,155950.6485595703,0,0,4112314368,0,853016576,0
200,1788376822377,3191,3191,0,0,0,155950.6485595703,0,0,4112314368,0,853016576,0
200,1788376822577,3191,3191,0,0,0,155950.6485595703,0,0,4112314368,0,853016576,0
200,1788376822777,3191,3191,0,0,0,155950.6485595703,0,0,4112314368,0,853016576,0
200,1788376822977,3191,3191,0,0,0,155950.6485595703,0,0,4112314368,0,853016576,0
200,1788376823177,3191,3191,0,0,0,155950.6485595703,0,0,4112314368,0,853016576,0
200,1788376823378,3191,3191,0,0,0,155950.6485595703,0,0,4112314368,0,853016576,0
200,1788376823578,3191,3191,0,0,0,155950.66192626953,0,0,4112314368,0,853016576,0
200,1788376823778,3191,3191,0,0,0,155950.66192626953,0,0,4112314368,0,853016576,0
200,1788376823978,3191,3191,0,0,0,155950.66192626953,0,0,4112314368,0,853016576,0
200,1788376824179,3191,3191,0,0,0,155950.66192626953,0,0,4112314368,0,853016576,0
200,1788376824379,3191,3191,0,0,0,155950.66192626953,0,0,4112314368,0,853016576,0
200,1788376824579,3191,3191,4.761904716491699,0,0,155950.66192626953,0,0,4112314368,0,853016576,0
200,1788376824780,3191,3191,0,0,0,155950.66192626953,0,0,4112314368,0,853016576,0
200,1788376824980,3191,3191,0,0,0,155950.66192626953,0,0,4112314368,0,853016576,0
200,1788376825180,3191,3191,0,0,0,155950.66192626953,0,0,4112314368,0,853016576,0
200,1788376825381,3191,3191,0,0,0,155950.66192626953,0,0,4112314368,0,853016576,0
200,1788376825581,3191,3191,0,0,0,155950.67474365234,0,0,4112314368,0,853016576,0
200,1788376825781,3191,3191,0,0,0,155950.67474365234,0,0,4112314368,0,853016576,0
200,1788376825981,3191,3191,0,0,0,155950.67474365234,0,0,4112314368,0,853016576,0
200,1788376826181,3191,3191,0,0,0,155950.67474365234,0,0,4112314368,0,853016576,0
200,1788376826382,3191,3191,0,0,0,155950.67474365234,0,0,4112314368,0,853016576,0
200,1788376826582,3191,3191,0,0,0,155950.69494628906,0,0,4112314368,0,853016576,0
200,1788376826782,3191,3191,0,0,0,155950.69494628906,0,0,4112314368,0,853016576,0
200,1788376826982,3191,3191,0,0,0,155950.69494628906,0,0,4112314368,0,853016576,0
200,1788376827182,3191,3191,0,0,0,155950.69494628906,0,0,4112314368,0,853016576,0
200,1788376827383,3191,3191,4.761904716491699,0,0,155950.69494628906,0,0,4112314368,0,853016576,0
200,1788376827583,3191,3191,0,0,0,155950.69494628906,0,0,4112314368,0,853016576,0
200,1788376827783,3191,3191,0,0,0,155950.69494628906,0,0,4112314368,0,853016576,0
200,1788376827983,3191,3191,0,0,0,155950.69494628906,0,0,4112314368,0,853016576,0
200,1788376828184,3191,3191,0,0,0,155950.69494628906,0,0,4112314368,0,853016576,0
200,1788376828384,3191,3191,0,0,0,155950.69494628906,0,0,4112314368,0,853016576,0
200,1788376828584,3191,3191,0,0,0,155950.69494628906,0,0,4112314368,0,853016576,0
200,1788376828785,3191,3191,0,0,0,155950.69494628906,0,0,4112314368,0,853016576,0
200,1788376828985,3191,3191,0,0,0,155950.69494628906,0,0,4112314368,0,853016576,0
200,1788376829185,3191,3191,0,0,0,155950.69494628906,0,0,4112314368,0,853016576,0
200,1788376829385,3191,3191,0,0,0,155950.69494628906,0,0,4112314368,0,853016576,0
200,1788376829586,3191,3191,0,0,0,155950.71557617188,0,0,4112314368,0,853016576,0
200,1788376829786,3191,3191,0,0,0,155950.71557617188,0,0,4112314368,0,853016576,0
200,1788376829986,3191,3191,0,0,0,155950.71557617188,0,0,4112314368,0,853016576,0
200,1788376830186,3191,3191,0,0,0,155950.71557617188,0,0,4112314368,0,853016576,0
200,1788376830386,3191,3191,0,0,0,155950.71557617188,0,0,4112314368,0,853016576,0
200,1788376830587,3191,3191,0,0,0,155950.72875976563,0,0,4112314368,0,853016576,0
200,1788376830787,3191,3191,0,0,0,155950.72875976563,0,0,4112314368,0,853016576,0
200,1788376830987,3191,3191,4.761904716491699,0,0,155950.72875976563,0,0,4112314368,0,853016576,0
200,1788376831188,3191,3191,0,0,0,155950.72875976563,0,0,4112314368,0,853016576,0
200,1788376831388,3191,3191,0,0,0,155950.72875976563,0,0,4112314368,0,853016576,0
200,1788376831589,3191,3191,0,0,0,155950.73529052734,0,0,4112314368,0,853016576,0
200,1788376831789,3191,3191,0,0,0,155950.73529052734,0,0,4112314368,0,853016576,0
200,1788376831989,3191,3191,0,0,0,155950.73529052734,0,0,4112314368,0,853016576,0
200,1788376832189,3191,3191,0,0,0,155950.73529052734,0,0,4112314368,0,853016576,0
200,1788376832390,3191,3191,0,0,0,155950.73529052734,0,0,4112314368,0,853016576,0
200,1788376832590,3191,3191,0,0,0,155950.73529052734,0,0,4112314368,0,853016576,0
200,1788376832790,3191,3191,0,0,0,155950.73529052734,0,0,4112314368,0,853016576,0
200,1788376832990,3191,3191,0,0,0,155950.73529052734,0,0,4112314368,0,853016576,0
200,1788376833190,3191,3191,0,0,0,155950.73529052734,0,0,4112314368,0,853016576,0
200,1788376833391,3191,3191,0,0,0,155950.73529052734,0,0,4112314368,0,853016576,0
200,1788376833591,3191,3191,0,0,0,155950.75024414063,0,0,4112314368,0,853016576,0
200,1788376833791,3191,3191,0,0,0,155950.75024414063,0,0,4112314368,0,853016576,0
200,1788376833991,3191,3191,0,0,0,155950.75024414063,0,0,4112314368,0,853016576,0
200,1788376834192,3191,3191,0,0,0,155950.75024414063,0,0,4112314368,0,853016576,0
200,1788376834392,3191,3191,0,0,0,155950.75024414063,0,0,4112314368,0,853016576,0
200,1788376834592,3191,3191,0,0,0,155950.75024414063,0,0,4112314368,0,853016576,0
200,1788376834792,3191,3191,0,0,0,155950.75024414063,0,0,4112314368,0,853016576,0
200,1788376834993,3191,3191,0,0,0,155950.75024414063,0,0,4112314368,0,853016576,0
200,1788376835193,3191,3191,0,0,0,155950.75024414063,0,0,4112314368,0,853016576,0
200,1788376835393,3191,3191,0,0,0,155950.75024414063,0,0,4112314368,0,853016576,0
200,1788376835593,3191,3191,0,0,0,155950.77172851563,0,0,4112314368,0,853016576,0
200,1788376835793,3191,3191,0,0,0,155950.77172851563,0,0,4112314368,0,853016576,0
200,1788376835994,3191,3191,0,0,0,155950.77172851563,0,0,4112314368,0,853016576,0
200,1788376836194,3191,3191,0,0,0,155950.77172851563,0,0,4112314368,0,853016576,0
200,1788376836394,3191,3191,0,0,0,155950.77172851563,0,0,4112314368,0,853016576,0
200,1788376836594,3191,3191,0,0,0,155950.77172851563,0,0,4112314368,0,853016576,0
200,1788376836795,3191,3191,0,4.761904716491699,0,155950.77172851563,0,0,4112314368,0,853016576,0
200,1788376836995,3191,3191,0,0,0,155950.77172851563,0,0,4112314368,0,853016576,0
200,1788376837195,3191,3191,0,0,0,155950.77172851563,0,0,4112314368,0,853016576,0
200,1788376837396,3191,3191,0,0,0,155950.77172851563,0,0,4112314368,0,853016576,0
200,1788376837596,3191,3191,0,0,0,155950.78454589844,0,0,4112314368,0,853016576,0
200,1788376837796,3191,3191,0,0,0,155950.78454589844,0,0,4112314368,0,853016576,0
200,1788376837997,3191,3191,0,0,0,155950.78454589844,0,0,4112314368,0,853016576,0
200,1788376838197,3191,3191,0,0,0,155950.78454589844,0,0,4112314368,0,853016576,0
200,1788376838397,3191,3191,0,0,0,155950.78454589844,0,0,4112314368,0,853016576,0
200,1788376838597,3191,3191,0,0,0,155950.78454589844,0,0,4112314368,0,853016576,0
200,1788376838798,3191,3191,0,0,0,155950.78454589844,0,0,4112314368,0,853016576,0
200,1788376838998,3191,3191,0,0,0,155950.78454589844,0,0,4112314368,0,853016576,0
200,1788376839198,3191,3191,0,0,0,155950.78454589844,0,0,4112314368,0,853016576,0
200,1788376839398,3191,3191,4.761904716491699,0,0,155950.78454589844,0,0,4112314368,0,853016576,0
200,1788376839599,3191,3191,0,0,0,155950.78454589844,0,0,4112314368,0,853016576,0
200,1788376839799,3191,3191,0,0,0,155950.78454589844,0,0,4112314368,0,853016576,0
200,1788376839999,3191,3191,0,0,0,155950.78454589844,0,0,4112314368,0,853016576,0
200,1788376840200,3191,3191,0,0,0,155950.78454589844,0,0,4112314368,0,853016576,0
200,1788376840400,3191,3191,0,0,0,155950.78454589844,0,0,4112314368,0,853016576,0
200,1788376840600,3191,3191,0,0,0,155950.80395507813,0,0,4112314368,0,853016576,0
200,1788376840801,3191,3191,0,0,0,155950.80395507813,0,0,4112314368,0,853016576,0
200,1788376841001,3191,3191,0,0,0,155950.80395507813,0,0,4112314368,0,853016576,0
200,1788376841201,3191,3191,0,0,0,155950.80395507813,0,0,4112314368,0,853016576,0
200,1788376841401,3191,3191,0,0,0,155950.80395507813,0,0,4112314368,0,853016576,0
200,1788376841602,3191,3191,0,0,0,155950.8104248047,0,0,4112314368,0,853225472,0
200,1788376841802,3191,3191,0,0,0,155950.8104248047,0,0,4112314368,0,853225472,0
200,1788376842002,3191,3191,0,0,0,155950.8104248047,0,0,4112314368,0,853225472,0
200,1788376842202,3191,3191,0,0,0,155950.8104248047,0,0,4112314368,0,853225472,0
200,1788376842402,3191,3191,0,0,0,155950.8104248047,0,0,4112314368,0,853225472,0
200,1788376842603,3191,3191,0,0,0,155950.82360839844,0,0,4112314368,0,853274624,0
200,1788376842803,3191,3191,0,0,0,155950.82360839844,0,0,4112314368,0,853274624,0
200,1788376843003,3191,3191,0,0,0,155950.82360839844,0,0,4112314368,0,853274624,0
200,1788376843204,3191,3191,0,0,0,155950.82360839844,0,0,4112314368,0,853274624,0
200,1788376843404,3191,3191,0,0,0,155950.82360839844,0,0,4112314368,0,853274624,0
200,1788376843604,3191,3191,0,0,0,155950.82360839844,0,0,4112314368,0,853274624,0
200,1788376843805,3191,3191,0,0,0,155950.82360839844,0,0,4112314368,0,853274624,0
200,1788376844005,3191,3191,0,0,0,155950.82360839844,0,0,4112314368,0,853274624,0
200,1788376844205,3191,3191,0,0,0,155950.82360839844,0,0,4112314368,0,853274624,0
200,1788376844405,3191,3191,0,0,0,155950.82360839844,0,0,4112314368,0,853274624,0
200,1788376844606,3191,3191,0,0,0,155950.83917236328,0,0,4112314368,0,853274624,0
200,1788376844806,3191,3191,0,0,0,155950.83917236328,0,0,4112314368,0,853274624,0
200,1788376845006,3191,3191,0,0,0,155950.83917236328,0,0,4112314368,0,853274624,0
200,1788376845206,3191,3191,0,0,0,155950.83917236328,0,0,4112314368,0,853274624,0
200,1788376845406,3191,3191,0,0,0,155950.83917236328,0,0,4112314368,0,853274624,0
200,1788376845606,3191,3191,0,0,0,155950.85302734375,0,0,4112314368,0,853274624,0
200,1788376845806,3191,3191,0,0,0,155950.85302734375,0,0,4112314368,0,853274624,0
200,1788376846007,3191,3191,0,0,0,155950.85302734375,0,0,4112314368,0,853274624,0
200,1788376846207,3191,3191,0,0,0,155950.85302734375,0,0,4112314368,0,853274624,0
200,1788376846407,3191,3191,0,0,0,155950.85302734375,0,0,4112314368,0,853274624,0
200,1788376846608,3191,3191,0,4.761904716491699,0,155950.85302734375,0,0,4112314368,0,853274624,0
200,1788376846808,3191,3191,0,0,0,155950.85302734375,0,0,4112314368,0,853274624,0
200,1788376847008,3191,3191,0,0,0,155950.85302734375,0,0,4112314368,0,853274624,0
200,1788376847209,3191,3191,0,0,0,155950.85302734375,0,0,4112314368,0,853274624,0
200,1788376847409,3191,3191,0,0,0,155950.85302734375,0,0,4112314368,0,853274624,0
200,1788376847609,3191,3191,0,0,0,155950.8721923828,0,0,4112314368,0,853274624,0
200,1788376847809,3191,3191,0,0,0,155950.8721923828,0,0,4112314368,0,853274624,0
200,1788376848010,3191,3191,0,0,0,155950.8721923828,0,0,4112314368,0,853274624,0
200,1788376848210,3191,3191,0,0,0,155950.8721923828,0,0,4112314368,0,853274624,0
200,1788376848410,3191,3191,0,0,0,155950.8721923828,0,0,4112314368,0,853274624,0
200,1788376848611,3191,3191,0,0,0,155950.8721923828,0,0,4112314368,0,853274624,0
200,1788376848811,3191,3191,0,0,0,155950.8721923828,0,0,4112314368,0,853274624,0
200,1788376849011,3191,3191,0,0,0,155950.8721923828,0,0,4112314368,0,853274624,0
200,1788376849211,3191,3191,4.761904716491699,0,0,155950.8721923828,0,0,4112314368,0,853274624,0
200,1788376849412,3191,3191,0,0,0,155950.8721923828,0,0,4112314368,0,853274624,0
200,1788376849612,3191,3191,0,0,0,155950.88580322266,0,0,4112314368,0,853274624,0
200,1788376849813,3191,3191,0,0,0,155950.88580322266,0,0,4112314368,0,853274624,0
200,1788376850013,3191,3191,0,0,0,155950.88580322266,0,0,4112314368,0,853274624,0
200,1788376850213,3191,3191,0,0,0,155950.88580322266,0,0,4112314368,0,853274624,0
200,1788376850413,3191,3191,0,0,0,155950.88580322266,0,0,4112314368,0,853274624,0
200,1788376850614,3191,3191,0,0,0,155950.88580322266,0,0,4112314368,0,853274624,0
200,1788376850814,3191,3191,0,0,0,155950.88580322266,0,0,4112314368,0,853274624,0
200,1788376851014,3191,3191,0,0,0,155950.88580322266,0,0,4112314368,0,853274624,0
200,1788376851215,3191,3191,0,0,0,155950.88580322266,0,0,4112314368,0,853274624,0
200,1788376851415,3191,3191,0,0,0,155950.88580322266,0,0,4112314368,0,853274624,0
200,1788376851615,3191,3191,0,0,0,155950.89874267578,0,0,4112314368,0,853274624,0
200,1788376851816,3191,3191,0,0,0,155950.89874267578,0,0,4112314368,0,853274624,0
200,1788376852016,3191,3191,0,0,0,155950.89874267578,0,0,4112314368,0,853274624,0
200,1788376852216,3191,3191,0,0,0,155950.89874267578,0,0,4112314368,0,853274624,0
200,1788376852417,3191,3191,0,0,0,155950.89874267578,0,0,4112314368,0,853274624,0
200,1788376852617,3191,3191,0,0,0,155950.9052734375,0,0,4112314368,0,853274624,0
200,1788376852817,3191,3191,0,0,0,155950.9052734375,0,0,4112314368,0,853274624,0
200,1788376853017,3191,3191,0,0,0,155950.9052734375,0,0,4112314368,0,853274624,0
200,1788376853218,3191,3191,0,0,0,155950.9052734375,0,0,4112314368,0,853274624,0
200,1788376853418,3191,3191,0,0,0,155950.9052734375,0,0,4112314368,0,853274624,0
200,1788376853618,3191,3191,0,0,0,155950.9052734375,0,0,4112314368,0,853274624,0
200,1788376853818,3191,3191,0,0,0,155950.9052734375,0,0,4112314368,0,853274624,0
200,1788376854019,3191,3191,0,0,0,155950.9052734375,0,0,4112314368,0,853274624,0
200,1788376854219,3191,3191,0,0,0,155950.9052734375,0,0,4112314368,0,853274624,0
200,1788376854419,3191,3191,4.761904716491699,0,0,155950.9052734375,0,0,4112314368,0,853274624,0
200,1788376854619,3191,3191,0,0,0,155950.92950439453,0,0,4112314368,0,853274624,0
200,1788376854820,3191,3191,0,0,0,155950.92950439453,0,0,4112314368,0,853274624,0
200,1788376855020,3191,3191,0,0,0,155950.92950439453,0,0,4112314368,0,853274624,0
200,1788376855220,3191,3191,0,0,0,155950.92950439453,0,0,4112314368,0,853274624,0
200,1788376855421,3191,3191,0,0,0,155950.92950439453,0,0,4112314368,0,853274624,0
200,1788376855621,3191,3191,0,0,0,155950.92950439453,0,0,4112314368,0,853274624,0
200,1788376855821,3191,3191,4.761904716491699,0,0,155950.92950439453,0,0,4112314368,0,853274624,0
200,1788376856022,3191,3191,0,0,0,155950.92950439453,0,0,4112314368,0,853274624,0
200,1788376856222,3191,3191,0,0,0,155950.92950439453,0,0,4112314368,0,853274624,0
200,1788376856422,3191,3191,0,0,0,155950.92950439453,0,0,4112314368,0,853274624,0
200,1788376856622,3191,3191,0,0,0,155950.96783447266,0,0,4112314368,0,853274624,0
200,1788376856822,3191,3191,0,0,0,155950.96783447266,0,0,4112314368,0,853274624,0
200,1788376857022,3191,3191,0,0,0,155950.96783447266,0,0,4112314368,0,853274624,0
200,1788376857223,3191,3191,0,0,0,155950.96783447266,0,0,4112314368,0,853274624,0
200,1788376857423,3191,3191,0,0,0,155950.96783447266,0,0,4112314368,0,853274624,0
200,1788376857623,3191,3191,0,0,0,155950.9751586914,0,0,4112314368,0,853274624,0
200,1788376857824,3191,3191,0,0,0,155950.9751586914,0,0,4112314368,0,853274624,0
200,1788376858024,3191,3191,0,0,0,155950.9751586914,0,0,4112314368,0,853274624,0
200,1788376858224,3191,3191,0,0,0,155950.9751586914,0,0,4112314368,0,853274624,0
200,1788376858424,3191,3191,0,0,0,155950.9751586914,0,0,4112314368,0,853274624,0
200,1788376858625,3191,3191,0,0,0,155950.9751586914,0,0,4112314368,0,853274624,0
200,1788376858825,3191,3191,0,0,0,155950.9751586914,0,0,4112314368,0,853274624,0
200,1788376859025,3191,3191,0,0,0,155950.9751586914,0,0,4112314368,0,853274624,0
200,1788376859225,3191,3191,0,0,0,155950.9751586914,0,0,4112314368,0,853274624,0
200,1788376859425,3191,3191,0,0,0,155950.9751586914,0,0,4112314368,0,853274624,0
200,1788376859626,3191,3191,0,0,0,155950.9962158203,0,0,4112314368,0,853274624,0
200,1788376859826,3191,3191,0,0,0,155950.9962158203,0,0,4112314368,0,853274624,0
200,1788376860026,3191,3191,0,0,0,155950.9962158203,0,0,4112314368,0,853274624,0
200,1788376860226,3191,3191,0,0,0,155950.9962158203,0,0,4112314368,0,853274624,0
200,1788376860427,3191,3191,0,0,0,155950.9962158203,0,0,4112314368,0,853274624,0
200,1788376860627,3191,3191,0,0,0,155950.9962158203,0,0,4112314368,0,853274624,0
200,1788376860827,3191,3191,0,0,0,155950.9962158203,0,0,4112314368,0,853274624,0
200,1788376861028,3191,3191,0,0,0,155950.9962158203,0,0,4112314368,0,853274624,0
200,1788376861228,3191,3191,0,0,0,155950.9962158203,0,0,4112314368,0,853274624,0
200,1788376861428,3191,3191,0,0,0,155950.9962158203,0,0,4112314368,0,853274624,0
200,1788376861629,3191,3191,4.761904716491699,0,0,155951.00268554688,0,0,4112314368,0,853274624,0
200,1788376861829,3191,3191,0,0,0,155951.00268554688,0,0,4112314368,0,853274624,0
200,1788376862029,3191,3191,0,0,0,155951.00268554688,0,0,4112314368,0,853274624,0
200,1788376862230,3191,3191,0,0,0,155951.00268554688,0,0,4112314368,0,853274624,0
200,1788376862430,3191,3191,0,0,0,155951.00268554688,0,0,4112314368,0,853274624,0
200,1788376862630,3191,3191,0,0,0,155951.00268554688,0,0,4112314368,0,853274624,0
200,1788376862830,3191,3191,0,0,0,155951.00268554688,0,0,4112314368,0,853274624,0
200,1788376863031,3191,3191,0,0,0,155951.00268554688,0,0,4112314368,0,853274624,0
200,1788376863231,3191,3191,0,0,0,155951.00268554688,0,0,4112314368,0,853274624,0
200,1788376863431,3191,3191,0,0,0,155951.00268554688,0,0,4112314368,0,853274624,0
200,1788376863632,3191,3191,0,0,0,155951.01824951172,0,0,4112314368,0,853274624,0
200,1788376863832,3191,3191,0,0,0,155951.01824951172,0,0,4112314368,0,853274624,0
200,1788376864032,3191,3191,0,0,0,155951.01824951172,0,0,4112314368,0,853274624,0
200,1788376864233,3191,3191,0,0,0,155951.01824951172,0,0,4112314368,0,853274624,0
200,1788376864433,3191,3191,0,0,0,155951.01824951172,0,0,4112314368,0,853274624,0
200,1788376864633,3191,3191,9.090909004211426,4.761904716491699,0,155951.03240966797,0,0,4112314368,0,853274624,0
200,1788376864834,3191,3191,0,0,0,155951.03240966797,0,0,4112314368,0,853274624,0
200,1788376865034,3191,3191,0,0,0,155951.03240966797,0,0,4112314368,0,853274624,0
200,1788376865234,3191,3191,0,0,0,155951.03240966797,0,0,4112314368,0,853274624,0
200,1788376865434,3191,3191,0,0,0,155951.03240966797,0,0,4112314368,0,853274624,0
200,1788376865635,3191,3191,0,0,0,155951.03240966797,0,0,4112314368,0,853274624,0
200,1788376865835,3191,3191,0,0,0,155951.03240966797,0,0,4112314368,0,853274624,0
200,1788376866035,3191,3191,0,0,0,155951.03240966797,0,0,4112314368,0,853274624,0
200,1788376866235,3191,3191,0,0,0,155951.03240966797,0,0,4112314368,0,853274624,0
200,1788376866436,3191,3191,0,0,0,155951.03240966797,0,0,4112314368,0,853274624,0
200,1788376866636,3191,3191,0,0,0,155951.07293701172,0,0,4112314368,0,853274624,0
200,1788376866836,3191,3191,0,0,0,155951.07293701172,0,0,4112314368,0,853274624,0
200,1788376867037,3191,3191,0,0,0,155951.07293701172,0,0,4112314368,0,853274624,0
200,1788376867237,3191,3191,0,0,0,155951.07293701172,0,0,4112314368,0,853274624,0
200,1788376867437,3191,3191,0,0,0,155951.07293701172,0,0,4112314368,0,853274624,0
200,1788376867637,3191,3191,0,0,0,155951.0795288086,0,0,4112314368,0,853274624,0
200,1788376867838,3191,3191,0,0,0,155951.0795288086,0,0,4112314368,0,853274624,0
200,1788376868038,3191,3191,0,0,0,155951.0795288086,0,0,4112314368,0,853274624,0
200,1788376868238,3191,3191,0,0,0,155951.0795288086,0,0,4112314368,0,853274624,0
200,1788376868438,3191,3191,0,0,0,155951.0795288086,0,0,4112314368,0,853274624,0
200,1788376868639,3191,3191,0,0,0,155951.08612060547,0,0,4112314368,0,853274624,0
200,1788376868839,3191,3191,0,0,0,155951.08612060547,0,0,4112314368,0,853274624,0
200,1788376869039,3191,3191,4.761904716491699,0,0,155951.08612060547,0,0,4112314368,0,853274624,0
200,1788376869240,3191,3191,0,0,0,155951.08612060547,0,0,4112314368,0,853274624,0
200,1788376869440,3191,3191,0,0,0,155951.08612060547,0,0,4112314368,0,853274624,0
200,1788376869640,3191,3191,0,0,0,155951.08612060547,0,0,4112314368,0,853274624,0
200,1788376869840,3191,3191,0,0,0,155951.08612060547,0,0,4112314368,0,853274624,0
200,1788376870041,3191,3191,0,0,0,155951.08612060547,0,0,4112314368,0,853274624,0
200,1788376870241,3191,3191,0,0,0,155951.08612060547,0,0,4112314368,0,853274624,0
200,1788376870441,3191,3191,0,0,0,155951.08612060547,0,0,4112314368,0,853274624,0
200,1788376870642,3191,3191,0,4.761904716491699,0,155951.08612060547,0,0,4112314368,0,853266432,0
200,1788376870842,3191,3191,0,0,0,155951.08612060547,0,0,4112314368,0,853266432,0
200,1788376871042,3191,3191,0,0,0,155951.08612060547,0,0,4112314368,0,853266432,0
200,1788376871242,3191,3191,0,0,0,155951.08612060547,0,0,4112314368,0,853266432,0
200,1788376871442,3191,3191,0,0,0,155951.08612060547,0,0,4112314368,0,853266432,0
200,1788376871642,3191,3191,0,0,0,155951.10638427734,0,0,4112314368,0,853266432,0
200,1788376871843,3191,3191,0,0,0,155951.10638427734,0,0,4112314368,0,853266432,0
200,1788376872043,3191,3191,0,0,0,155951.10638427734,0,0,4112314368,0,853266432,0
200,1788376872243,3191,3191,0,0,0,155951.10638427734,0,0,4112314368,0,853266432,0
200,1788376872444,3191,3191,0,0,0,155951.10638427734,0,0,4112314368,0,853266432,0
200,1788376872644,3191,3191,0,0,0,155951.10638427734,0,0,4112314368,0,853266432,0
200,1788376872845,3191,3191,0,0,0,155951.10638427734,0,0,4112314368,0,853266432,0
200,1788376873045,3191,3191,0,0,0,155951.10638427734,0,0,4112314368,0,853266432,0
200,1788376873245,3191,3191,0,0,0,155951.10638427734,0,0,4112314368,0,853266432,0
200,1788376873445,3191,3191,0,0,0,155951.10638427734,0,0,4112314368,0,853266432,0
200,1788376873645,3191,3191,0,0,0,155951.1298828125,0,0,4112314368,0,853266432,0
200,1788376873846,3191,3191,0,0,0,155951.1298828125,0,0,4112314368,0,853266432,0
200,1788376874046,3191,3191,0,0,0,155951.1298828125,0,0,4112314368,0,853266432,0
200,1788376874246,3191,3191,0,0,0,155951.1298828125,0,0,4112314368,0,853266432,0
200,1788376874446,3191,3191,0,0,0,155951.1298828125,0,0,4112314368,0,853266432,0
200,1788376874647,3191,3191,0,0,0,155951.1298828125,0,0,4112314368,0,853266432,0
200,1788376874847,3191,3191,0,0,0,155951.1298828125,0,0,4112314368,0,853266432,0
200,1788376875047,3191,3191,0,0,0,155951.1298828125,0,0,4112314368,0,853266432,0
200,1788376875248,3191,3191,0,0,0,155951.1298828125,0,0,4112314368,0,853266432,0
200,1788376875448,3191,3191,0,0,0,155951.1298828125,0,0,4112314368,0,853266432,0
200,1788376875648,3191,3191,0,0,0,155951.1298828125,0,0,4112314368,0,853266432,0
200,1788376875848,3191,3191,0,0,0,155951.1298828125,0,0,4112314368,0,853266432,0
200,1788376876048,3191,3191,0,0,0,155951.1298828125,0,0,4112314368,0,853266432,0
200,1788376876249,3191,3191,0,0,0,155951.1298828125,0,0,4112314368,0,853266432,0
200,1788376876449,3191,3191,0,0,0,155951.1298828125,0,0,4112314368,0,853266432,0
200,1788376876649,3191,3191,0,0,0,155951.1298828125,0,0,4112314368,0,853266432,0
200,1788376876850,3191,3191,0,0,0,155951.1298828125,0,0,4112314368,0,853266432,0
200,1788376877050,3191,3191,0,0,0,155951.1298828125,0,0,4112314368,0,853266432,0
200,1788376877250,3191,3191,0,0,0,155951.1298828125,0,0,4112314368,0,853266432,0
200,1788376877450,3191,3191,0,0,0,155951.1298828125,0,0,4112314368,0,853266432,0
200,1788376877650,3191,3191,0,0,0,155951.1728515625,0,0,4112314368,0,853266432,0
200,1788376877851,3191,3191,0,0,0,155951.1728515625,0,0,4112314368,0,853266432,0
200,1788376878051,3191,3191,0,0,0,155951.1728515625,0,0,4112314368,0,853266432,0
200,1788376878251,3191,3191,0,0,0,155951.1728515625,0,0,4112314368,0,853266432,0
200,1788376878452,3191,3191,0,0,0,155951.1728515625,0,0,4112314368,0,853266432,0
200,1788376878652,3191,3191,0,0,0,155951.18603515625,0,0,4112314368,0,853266432,0
200,1788376878853,3191,3191,0,0,0,155951.18603515625,0,0,4112314368,0,853266432,0
200,1788376879053,3191,3191,0,0,0,155951.18603515625,0,0,4112314368,0,853266432,0
200,1788376879253,3191,3191,0,0,0,155951.18603515625,0,0,4112314368,0,853266432,0
200,1788376879453,3191,3191,0,0,0,155951.18603515625,0,0,4112314368,0,853266432,0
200,1788376879654,3191,3191,0,0,0,155951.19329833984,0,0,4112314368,0,853266432,0
200,1788376879854,3191,3191,0,0,0,155951.19329833984,0,0,4112314368,0,853266432,0
200,1788376880054,3191,3191,0,0,0,155951.19329833984,0,0,4112314368,0,853266432,0
200,1788376880254,3191,3191,0,0,0,155951.19329833984,0,0,4112314368,0,853266432,0
200,1788376880454,3191,3191,0,0,0,155951.19329833984,0,0,4112314368,0,853266432,0
200,1788376880654,3191,3191,0,0,0,155951.19329833984,0,0,4112314368,0,853266432,0
200,1788376880855,3191,3191,0,0,0,155951.19329833984,0,0,4112314368,0,853266432,0
200,1788376881055,3191,3191,0,0,0,155951.19329833984,0,0,4112314368,0,853266432,0
200,1788376881255,3191,3191,0,9.090909004211426,0,155951.19329833984,0,0,4112314368,0,853266432,0
200,1788376881456,3191,3191,0,0,0,155951.19329833984,0,0,4112314368,0,853266432,0
200,1788376881656,3191,3191,0,0,0,155951.21282958984,0,0,4112314368,0,853266432,0
200,1788376881857,3191,3191,0,0,0,155951.21282958984,0,0,4112314368,0,853266432,0
200,1788376882057,3191,3191,0,0,0,155951.21282958984,0,0,4112314368,0,853266432,0
200,1788376882257,3191,3191,0,0,0,155951.21282958984,0,0,4112314368,0,853266432,0
200,1788376882457,3191,3191,0,0,0,155951.21282958984,0,0,4112314368,0,853266432,0
200,1788376882658,3191,3191,0,0,0,155951.21282958984,0,0,4112314368,0,853266432,0
200,1788376882858,3191,3191,0,0,0,155951.21282958984,0,0,4112314368,0,853266432,0
200,1788376883058,3191,3191,0,0,0,155951.21282958984,0,0,4112314368,0,853266432,0
200,1788376883258,3191,3191,0,0,0,155951.21282958984,0,0,4112314368,0,853266432,0
200,1788376883458,3191,3191,0,0,0,155951.21282958984,0,0,4112314368,0,853266432,0
200,1788376883658,3191,3191,0,0,0,155951.22778320313,0,0,4112314368,0,853266432,0
200,1788376883859,3191,3191,0,0,0,155951.22778320313,0,0,4112314368,0,853266432,0
200,1788376884059,3191,3191,0,0,0,155951.22778320313,0,0,4112314368,0,853266432,0
200,1788376884259,3191,3191,0,0,0,155951.22778320313,0,0,4112314368,0,853266432,0
200,1788376884460,3191,3191,0,0,0,155951.22778320313,0,0,4112314368,0,853266432,0
200,1788376884660,3191,3191,0,0,0,155951.22778320313,0,0,4112314368,0,853266432,0
200,1788376884860,3191,3191,0,0,0,155951.22778320313,0,0,4112314368,0,853266432,0
200,1788376885061,3191,3191,0,0,0,155951.22778320313,0,0,4112314368,0,853266432,0
200,1788376885261,3191,3191,0,0,0,155951.22778320313,0,0,4112314368,0,853266432,0
200,1788376885461,3191,3191,0,0,0,155951.22778320313,0,0,4112314368,0,853266432,0
200,1788376885661,3191,3191,0,0,0,155951.26245117188,0,0,4112314368,0,853266432,0
200,1788376885861,3191,3191,0,0,0,155951.26245117188,0,0,4112314368,0,853266432,0
200,1788376886061,3191,3191,0,0,0,155951.26245117188,0,0,4112314368,0,853266432,0
200,1788376886262,3191,3191,0,0,0,155951.26245117188,0,0,4112314368,0,853266432,0
200,1788376886462,3191,3191,0,0,0,155951.26245117188,0,0,4112314368,0,853266432,0
200,1788376886662,3191,3191,0,0,0,155951.26245117188,0,0,4112314368,0,853266432,0
200,1788376886862,3191,3191,0,0,0,155951.26245117188,0,0,4112314368,0,853266432,0
200,1788376887062,3191,3191,0,0,0,155951.26245117188,0,0,4112314368,0,853266432,0
200,1788376887262,3191,3191,0,0,0,155951.26245117188,0,0,4112314368,0,853266432,0
200,1788376887463,3191,3191,0,0,0,155951.26245117188,0,0,4112314368,0,853266432,0
200,1788376887663,3191,3191,0,0,0,155951.28875732422,0,0,4112314368,0,853266432,0
200,1788376887863,3191,3191,0,0,0,155951.28875732422,0,0,4112314368,0,853266432,0
200,1788376888064,3191,3191,0,0,0,155951.28875732422,0,0,4112314368,0,853266432,0
200,1788376888264,3191,3191,0,0,0,155951.28875732422,0,0,4112314368,0,853266432,0
200,1788376888464,3191,3191,0,0,0,155951.28875732422,0,0,4112314368,0,853266432,0
200,1788376888665,3191,3191,0,0,0,155951.28875732422,0,0,4112314368,0,853266432,0
200,1788376888865,3191,3191,0,0,0,155951.28875732422,0,0,4112314368,0,853266432,0
200,1788376889065,3191,3191,0,0,0,155951.28875732422,0,0,4112314368,0,853266432,0
200,1788376889265,3191,3191,0,0,0,155951.28875732422,0,0,4112314368,0,853266432,0
200,1788376889466,3191,3191,0,0,0,155951.28875732422,0,0,4112314368,0,853266432,0
200,1788376889666,3191,3191,0,0,0,155951.30963134766,0,0,4112314368,0,853266432,0
200,1788376889866,3191,3191,0,0,0,155951.30963134766,0,0,4112314368,0,853266432,0
200,1788376890066,3191,3191,0,0,0,155951.30963134766,0,0,4112314368,0,853266432,0
200,1788376890266,3191,3191,0,0,0,155951.30963134766,0,0,4112314368,0,853266432,0
200,1788376890467,3191,3191,0,0,0,155951.30963134766,0,0,4112314368,0,853266432,0
200,1788376890667,3191,3191,0,5,0,155951.30963134766,0,0,4112314368,0,853266432,0
200,1788376890867,3191,3191,0,0,0,155951.30963134766,0,0,4112314368,0,853266432,0
200,1788376891067,3191,3191,0,0,0,155951.30963134766,0,0,4112314368,0,853266432,0
200,1788376891268,3191,3191,0,0,0,155951.30963134766,0,0,4112314368,0,853266432,0
200,1788376891468,3191,3191,0,0,0,155951.30963134766,0,0,4112314368,0,853266432,0
200,1788376891668,3191,3191,0,0,0,155951.32940673828,0,0,4112314368,0,853266432,0
200,1788376891869,3191,3191,0,0,0,155951.32940673828,0,0,4112314368,0,853266432,0
200,1788376892069,3191,3191,0,0,0,155951.32940673828,0,0,4112314368,0,853266432,0
200,1788376892269,3191,3191,0,0,0,155951.32940673828,0,0,4112314368,0,853266432,0
200,1788376892469,3191,3191,0,0,0,155951.32940673828,0,0,4112314368,0,853266432,0
200,1788376892670,3191,3191,0,0,0,155951.3359375,0,0,4112314368,0,853266432,0
200,1788376892870,3191,3191,0,0,0,155951.3359375,0,0,4112314368,0,853266432,0
200,1788376893070,3191,3191,0,0,0,155951.3359375,0,0,4112314368,0,853266432,0
200,1788376893270,3191,3191,0,0,0,155951.3359375,0,0,4112314368,0,853266432,0
200,1788376893471,3191,3191,0,0,0,155951.3359375,0,0,4112314368,0,853266432,0
200,1788376893671,3191,3191,0,0,0,155951.3359375,0,0,4112314368,0,853266432,0
200,1788376893871,3191,3191,0,4.761904716491699,0,155951.3359375,0,0,4112314368,0,853266432,0
200,1788376894072,3191,3191,0,0,0,155951.3359375,0,0,4112314368,0,853266432,0
200,1788376894272,3191,3191,0,0,0,155951.3359375,0,0,4112314368,0,853266432,0
200,1788376894472,3191,3191,0,0,0,155951.3359375,0,0,4112314368,0,853266432,0
200,1788376894673,3191,3191,0,0,0,155951.35174560547,0,0,4112314368,0,853266432,0
200,1788376894873,3191,3191,0,0,0,155951.35174560547,0,0,4112314368,0,853266432,0
200,1788376895073,3191,3191,0,0,0,155951.35174560547,0,0,4112314368,0,853266432,0
200,1788376895273,3191,3191,0,0,0,155951.35174560547,0,0,4112314368,0,853266432,0
200,1788376895473,3191,3191,4.761904716491699,0,0,155951.35174560547,0,0,4112314368,0,853266432,0
200,1788376895674,3191,3191,0,0,0,155951.35174560547,0,0,4112314368,0,853266432,0
200,1788376895874,3191,3191,0,0,0,155951.35174560547,0,0,4112314368,0,853266432,0
200,1788376896074,3191,3191,0,0,0,155951.35174560547,0,0,4112314368,0,853266432,0
200,1788376896274,3191,3191,0,0,0,155951.35174560547,0,0,4112314368,0,853266432,0
200,1788376896475,3191,3191,0,0,0,155951.35174560547,0,0,4112314368,0,853266432,0
200,1788376896675,3191,3191,0,0,0,155951.37860107422,0,0,4112314368,0,853266432,0
200,1788376896875,3191,3191,0,0,0,155951.37860107422,0,0,4112314368,0,853266432,0
200,1788376897075,3191,3191,0,0,0,155951.37860107422,0,0,4112314368,0,853266432,0
200,1788376897276,3191,3191,0,0,0,155951.37860107422,0,0,4112314368,0,853266432,0
200,1788376897476,3191,3191,0,0,0,155951.37860107422,0,0,4112314368,0,853266432,0
200,1788376897676,3191,3191,0,0,0,155951.39178466797,0,0,4112314368,0,853266432,0
200,1788376897877,3191,3191,0,0,0,155951.39178466797,0,0,4112314368,0,853266432,0
200,1788376898077,3191,3191,0,0,0,155951.39178466797,0,0,4112314368,0,853266432,0
200,1788376898277,3191,3191,0,0,0,155951.39178466797,0,0,4112314368,0,853266432,0
200,1788376898477,3191,3191,0,0,0,155951.39178466797,0,0,4112314368,0,853266432,0
200,1788376898678,3191,3191,0,0,0,155951.40509033203,0,0,4112314368,0,853266432,0
200,1788376898878,3191,3191,0,0,0,155951.40509033203,0,0,4112314368,0,853266432,0
200,1788376899078,3191,3191,4.761904716491699,0,0,155951.40509033203,0,0,4112314368,0,853266432,0
200,1788376899278,3191,3191,0,0,0,155951.40509033203,0,0,4112314368,0,853266432,0
200,1788376899479,3191,3191,0,0,0,155951.40509033203,0,0,4112314368,0,853266432,0
200,1788376899679,3191,3191,0,0,0,155951.40509033203,0,0,4112314368,0,853266432,0
200,1788376899879,3191,3191,0,0,0,155951.40509033203,0,0,4112314368,0,853266432,0
200,1788376900080,3191,3191,0,0,0,155951.40509033203,0,0,4112314368,0,853266432,0
200,1788376900280,3191,3191,0,0,0,155951.40509033203,0,0,4112314368,0,853266432,0
200,1788376900480,3191,3191,0,0,0,155951.40509033203,0,0,4112314368,0,853266432,0
200,1788376900680,3191,3191,0,0,0,155951.42279052734,0,0,4112314368,0,853266432,0
200,1788376900881,3191,3191,0,0,0,155951.42279052734,0,0,4112314368,0,853266432,0
200,1788376901081,3191,3191,0,0,0,155951.42279052734,0,0,4112314368,0,853266432,0
200,1788376901281,3191,3191,0,0,0,155951.42279052734,0,0,4112314368,0,853266432,0
200,1788376901482,3191,3191,0,0,0,155951.42279052734,0,0,4112314368,0,853266432,0
200,1788376901682,3191,3191,0,0,0,155951.42279052734,0,0,4112314368,0,853266432,0
200,1788376901882,3191,3191,0,0,0,155951.42279052734,0,0,4112314368,0,853266432,0
200,1788376902082,3191,3191,0,0,0,155951.42279052734,0,0,4112314368,0,853266432,0
200,1788376902282,3191,3191,0,0,0,155951.42279052734,0,0,4112314368,0,853266432,0
200,1788376902482,3191,3191,0,0,0,155951.42279052734,0,0,4112314368,0,853266432,0
200,1788376902683,3191,3191,0,0,0,155951.43572998047,0,0,4112314368,0,853266432,0
200,1788376902883,3191,3191,0,0,0,155951.43572998047,0,0,4112314368,0,853266432,0
200,1788376903083,3191,3191,0,4.761904716491699,0,155951.43572998047,0,0,4112314368,0,853266432,0
200,1788376903284,3191,3191,0,0,0,155951.43572998047,0,0,4112314368,0,853266432,0
200,1788376903484,3191,3191,0,0,0,155951.43572998047,0,0,4112314368,0,853266432,0
200,1788376903684,3191,3191,0,0,0,155951.46130371094,0,0,4112314368,0,853266432,0
200,1788376903884,3191,3191,0,0,0,155951.46130371094,0,0,4112314368,0,853266432,0
200,1788376904085,3191,3191,0,0,0,155951.46130371094,0,0,4112314368,0,853266432,0
200,1788376904285,3191,3191,0,0,0,155951.46130371094,0,0,4112314368,0,853266432,0
200,1788376904485,3191,3191,0,0,0,155951.46130371094,0,0,4112314368,0,853266432,0
200,1788376904686,3191,3191,0,0,0,155951.46130371094,0,0,4112314368,0,853266432,0
200,1788376904886,3191,3191,0,0,0,155951.46130371094,0,0,4112314368,0,853266432,0
200,1788376905086,3191,3191,4.761904716491699,0,0,155951.46130371094,0,0,4112314368,0,853266432,0
200,1788376905286,3191,3191,0,0,0,155951.46130371094,0,0,4112314368,0,853266432,0
200,1788376905486,3191,3191,0,0,0,155951.46130371094,0,0,4112314368,0,853266432,0
200,1788376905686,3191,3191,0,0,0,155951.4751586914,0,0,4112314368,0,853266432,0
200,1788376905887,3191,3191,0,0,0,155951.4751586914,0,0,4112314368,0,853266432,0
200,1788376906087,3191,3191,0,0,0,155951.4751586914,0,0,4112314368,0,853266432,0
200,1788376906287,3191,3191,0,0,0,155951.4751586914,0,0,4112314368,0,853266432,0
200,1788376906487,3191,3191,0,0,0,155951.4751586914,0,0,4112314368,0,853266432,0
200,1788376906688,3191,3191,4.761904716491699,4.761904716491699,0,155951.4751586914,0,0,4112314368,0,853266432,0
200,1788376906888,3191,3191,0,0,0,155951.4751586914,0,0,4112314368,0,853266432,0
200,1788376907088,3191,3191,0,0,0,155951.4751586914,0,0,4112314368,0,853266432,0
200,1788376907289,3191,3191,0,0,0,155951.4751586914,0,0,4112314368,0,853266432,0
200,1788376907489,3191,3191,0,0,0,155951.4751586914,0,0,4112314368,0,853266432,0
200,1788376907689,3191,3191,0,0,0,155951.50189208984,0,0,4112314368,0,853266432,0
200,1788376907889,3191,3191,0,0,0,155951.50189208984,0,0,4112314368,0,853266432,0
200,1788376908090,3191,3191,0,0,0,155951.50189208984,0,0,4112314368,0,853266432,0
200,1788376908290,3191,3191,0,0,0,155951.50189208984,0,0,4112314368,0,853266432,0
200,1788376908490,3191,3191,0,0,0,155951.50189208984,0,0,4112314368,0,853266432,0
200,1788376908690,3191,3191,0,0,0,155951.50189208984,0,0,4112314368,0,853266432,0
200,1788376908891,3191,3191,0,0,0,155951.50189208984,0,0,4112314368,0,853266432,0
200,1788376909091,3191,3191,0,0,0,155951.50189208984,0,0,4112314368,0,853266432,0
200,1788376909291,3191,3191,0,0,0,155951.50189208984,0,0,4112314368,0,853266432,0
200,1788376909492,3191,3191,0,0,0,155951.50189208984,0,0,4112314368,0,853266432,0
200,1788376909692,3191,3191,0,0,0,155951.51556396484,0,0,4112314368,0,853266432,0
200,1788376909892,3191,3191,0,0,0,155951.51556396484,0,0,4112314368,0,853266432,0
200,1788376910092,3191,3191,0,0,0,155951.51556396484,0,0,4112314368,0,853266432,0
200,1788376910293,3191,3191,0,0,0,155951.51556396484,0,0,4112314368,0,853266432,0
200,1788376910493,3191,3191,0,0,0,155951.51556396484,0,0,4112314368,0,853266432,0
200,1788376910693,3191,3191,0,0,0,155951.52862548828,0,0,4112314368,0,853266432,0
200,1788376910894,3191,3191,0,0,0,155951.52862548828,0,0,4112314368,0,853266432,0
200,1788376911094,3191,3191,0,0,0,155951.52862548828,0,0,4112314368,0,853266432,0
200,1788376911294,3191,3191,0,0,0,155951.52862548828,0,0,4112314368,0,853266432,0
200,1788376911495,3191,3191,0,0,0,155951.52862548828,0,0,4112314368,0,853266432,0
200,1788376911695,3191,3191,0,0,0,155951.54168701172,0,0,4112314368,0,853266432,0
200,1788376911895,3191,3191,0,0,0,155951.54168701172,0,0,4112314368,0,853266432,0
200,1788376912096,3191,3191,0,0,0,155951.54168701172,0,0,4112314368,0,853266432,0
200,1788376912296,3191,3191,0,0,0,155951.54168701172,0,0,4112314368,0,853266432,0
200,1788376912496,3191,3191,0,0,0,155951.54168701172,0,0,4112314368,0,853266432,0
200,1788376912696,3191,3191,0,0,0,155951.5482788086,0,0,4112314368,0,853266432,0
200,1788376912897,3191,3191,0,0,0,155951.5482788086,0,0,4112314368,0,853266432,0
200,1788376913097,3191,3191,0,0,0,155951.5482788086,0,0,4112314368,0,853266432,0
200,1788376913297,3191,3191,0,0,0,155951.5482788086,0,0,4112314368,0,853266432,0
200,1788376913497,3191,3191,0,0,0,155951.5482788086,0,0,4112314368,0,853266432,0
200,1788376913698,3191,3191,0,0,0,155951.5482788086,0,0,4112314368,0,853266432,0
200,1788376913898,3191,3191,0,0,0,155951.5482788086,0,0,4112314368,0,853266432,0
200,1788376914098,3191,3191,0,0,0,155951.5482788086,0,0,4112314368,0,853266432,0
200,1788376914298,3191,3191,0,0,0,155951.5482788086,0,0,4112314368,0,853266432,0
200,1788376914498,3191,3191,0,0,0,155951.5482788086,0,0,4112314368,0,853266432,0
200,1788376914699,3191,3191,0,0,0,155951.5482788086,0,0,4112314368,0,853266432,0
200,1788376914899,3191,3191,0,0,0,155951.5482788086,0,0,4112314368,0,853266432,0
200,1788376915099,3191,3191,0,4.761904716491699,0,155951.5482788086,0,0,4112314368,0,853266432,0
200,1788376915300,3191,3191,0,0,0,155951.5482788086,0,0,4112314368,0,853266432,0
200,1788376915500,3191,3191,0,0,0,155951.5482788086,0,0,4112314368,0,853266432,0
200,1788376915700,3191,3191,0,0,0,155951.57092285156,0,0,4112314368,0,853266432,0
200,1788376915900,3191,3191,0,0,0,155951.57092285156,0,0,4112314368,0,853266432,0
200,1788376916100,3191,3191,0,0,0,155951.57092285156,0,0,4112314368,0,853266432,0
200,1788376916301,3191,3191,0,0,0,155951.57092285156,0,0,4112314368,0,853266432,0
200,1788376916501,3191,3191,0,0,0,155951.57092285156,0,0,4112314368,0,853266432,0
200,1788376916701,3191,3191,0,0,0,155951.57092285156,0,0,4112314368,0,853266432,0
200,1788376916902,3191,3191,0,0,0,155951.57092285156,0,0,4112314368,0,853266432,0
200,1788376917102,3191,3191,0,0,0,155951.57092285156,0,0,4112314368,0,853266432,0
200,1788376917302,3191,3191,0,0,0,155951.57092285156,0,0,4112314368,0,853266432,0
200,1788376917502,3191,3191,0,0,0,155951.57092285156,0,0,4112314368,0,853266432,0
200,1788376917702,3191,3191,0,0,0,155951.61737060547,0,0,4112314368,0,853266432,0
200,1788376917903,3191,3191,0,0,0,155951.61737060547,0,0,4112314368,0,853266432,0
200,1788376918103,3191,3191,0,0,0,155951.61737060547,0,0,4112314368,0,853266432,0
200,1788376918303,3191,3191,0,4.761904716491699,0,155951.61737060547,0,0,4112314368,0,853266432,0
200,1788376918504,3191,3191,0,0,0,155951.61737060547,0,0,4112314368,0,853266432,0
200,1788376918704,3191,3191,0,0,0,155951.61737060547,0,0,4112314368,0,853266432,0
200,1788376918904,3191,3191,0,0,0,155951.61737060547,0,0,4112314368,0,853266432,0
200,1788376919105,3191,3191,0,0,0,155951.61737060547,0,0,4112314368,0,853266432,0
200,1788376919305,3191,3191,4.761904716491699,0,0,155951.61737060547,0,0,4112314368,0,853266432,0
200,1788376919505,3191,3191,0,0,0,155951.61737060547,0,0,4112314368,0,853266432,0
200,1788376919705,3191,3191,0,4.761904716491699,0,155951.61737060547,0,0,4112314368,0,853266432,0
200,1788376919906,3191,3191,0,0,0,155951.61737060547,0,0,4112314368,0,853266432,0
200,1788376920106,3191,3191,0,0,0,155951.61737060547,0,0,4112314368,0,853266432,0
200,1788376920306,3191,3191,0,0,0,155951.61737060547,0,0,4112314368,0,853266432,0
200,1788376920506,3191,3191,0,0,0,155951.61737060547,0,0,4112314368,0,853266432,0
200,1788376920706,3191,3191,0,0,0,155951.6376953125,0,0,4112314368,0,853266432,0
200,1788376920907,3191,3191,0,0,0,155951.6376953125,0,0,4112314368,0,853266432,0
200,1788376921107,3191,3191,0,0,0,155951.6376953125,0,0,4112314368,0,853266432,0
200,1788376921307,3191,3191,0,0,0,155951.6376953125,0,0,4112314368,0,853266432,0
200,1788376921508,3191,3191,0,0,0,155951.6376953125,0,0,4112314368,0,853266432,0
200,1788376921708,3191,3191,0,0,0,155951.6376953125,0,0,4112314368,0,853266432,0
200,1788376921908,3191,3191,0,0,0,155951.6376953125,0,0,4112314368,0,853266432,0
200,1788376922109,3191,3191,0,0,0,155951.6376953125,0,0,4112314368,0,853266432,0
200,1788376922309,3191,3191,0,0,0,155951.6376953125,0,0,4112314368,0,853266432,0
200,1788376922509,3191,3191,0,0,0,155951.6376953125,0,0,4112314368,0,853266432,0
200,1788376922710,3191,3191,0,0,0,155951.65106201172,0,0,4112314368,0,853266432,0
200,1788376922910,3191,3191,0,0,0,155951.65106201172,0,0,4112314368,0,853266432,0
200,1788376923110,3191,3191,0,0,0,155951.65106201172,0,0,4112314368,0,853266432,0
200,1788376923310,3191,3191,0,0,0,155951.65106201172,0,0,4112314368,0,853266432,0
200,1788376923511,3191,3191,0,0,0,155951.65106201172,0,0,4112314368,0,853266432,0
200,1788376923711,3191,3191,0,0,0,155951.65106201172,0,0,4112314368,0,853266432,0
200,1788376923911,3191,3191,0,0,0,155951.65106201172,0,0,4112314368,0,853266432,0
200,1788376924111,3191,3191,0,0,0,155951.65106201172,0,0,4112314368,0,853266432,0
200,1788376924312,3191,3191,0,0,0,155951.65106201172,0,0,4112314368,0,853266432,0
200,1788376924512,3191,3191,0,0,0,155951.65106201172,0,0,4112314368,0,853266432,0
200,1788376924712,3191,3191,0,0,0,155951.66571044922,0,0,4112314368,0,853266432,0
200,1788376924913,3191,3191,0,0,0,155951.66571044922,0,0,4112314368,0,853266432,0
200,1788376925113,3191,3191,0,0,0,155951.66571044922,0,0,4112314368,0,853266432,0
200,1788376925313,3191,3191,0,0,0,155951.66571044922,0,0,4112314368,0,853266432,0
200,1788376925513,3191,3191,0,0,0,155951.66571044922,0,0,4112314368,0,853266432,0
200,1788376925714,3191,3191,0,0,0,155951.6879272461,0,0,4112314368,0,853266432,0
200,1788376925914,3191,3191,0,0,0,155951.6879272461,0,0,4112314368,0,853266432,0
200,1788376926114,3191,3191,0,0,0,155951.6879272461,0,0,4112314368,0,853266432,0
200,1788376926314,3191,3191,0,0,0,155951.6879272461,0,0,4112314368,0,853266432,0
200,1788376926514,3191,3191,0,0,0,155951.6879272461,0,0,4112314368,0,853266432,0
200,1788376926715,3191,3191,0,0,0,155951.70379638672,0,0,4112314368,0,853266432,0
200,1788376926915,3191,3191,0,0,0,155951.70379638672,0,0,4112314368,0,853266432,0
200,1788376927115,3191,3191,0,0,0,155951.70379638672,0,0,4112314368,0,853266432,0
200,1788376927315,3191,3191,0,5,0,155951.70379638672,0,0,4112314368,0,853266432,0
200,1788376927516,3191,3191,0,0,0,155951.70379638672,0,0,4112314368,0,853266432,0
200,1788376927716,3191,3191,0,0,0,155951.70379638672,0,0,4112314368,0,853266432,0
200,1788376927916,3191,3191,0,0,0,155951.70379638672,0,0,4112314368,0,853266432,0
200,1788376928117,3191,3191,0,0,0,155951.70379638672,0,0,4112314368,0,853266432,0
200,1788376928317,3191,3191,0,0,0,155951.70379638672,0,0,4112314368,0,853266432,0
200,1788376928517,3191,3191,0,0,0,155951.70379638672,0,0,4112314368,0,853266432,0
200,1788376928718,3191,3191,0,0,0,155951.71685791016,0,0,4112314368,0,853266432,0
200,1788376928918,3191,3191,0,0,0,155951.71685791016,0,0,4112314368,0,853266432,0
200,1788376929118,3191,3191,0,0,0,155951.71685791016,0,0,4112314368,0,853266432,0
200,1788376929318,3191,3191,0,0,0,155951.71685791016,0,0,4112314368,0,853266432,0
200,1788376929519,3191,3191,0,0,0,155951.71685791016,0,0,4112314368,0,853266432,0
200,1788376929719,3191,3191,0,0,0,155951.71685791016,0,0,4112314368,0,853266432,0
200,1788376929919,3191,3191,0,4.761904716491699,0,155951.71685791016,0,0,4112314368,0,853266432,0
200,1788376930120,3191,3191,0,0,0,155951.71685791016,0,0,4112314368,0,853266432,0
200,1788376930320,3191,3191,0,0,0,155951.71685791016,0,0,4112314368,0,853266432,0
200,1788376930520,3191,3191,0,0,0,155951.71685791016,0,0,4112314368,0,853266432,0
200,1788376930721,3191,3191,0,0,0,155951.73822021484,0,0,4112314368,0,853266432,0
200,1788376930921,3191,3191,0,0,0,155951.73822021484,0,0,4112314368,0,853266432,0
200,1788376931121,3191,3191,0,0,0,155951.73822021484,0,0,4112314368,0,853266432,0
200,1788376931322,3191,3191,0,0,0,155951.73822021484,0,0,4112314368,0,853266432,0
200,1788376931522,3191,3191,0,0,0,155951.73822021484,0,0,4112314368,0,853266432,0
200,1788376931722,3191,3191,0,0,0,155951.75115966797,0,0,4112314368,0,853266432,0
200,1788376931922,3191,3191,0,0,0,155951.75115966797,0,0,4112314368,0,853266432,0
200,1788376932122,3191,3191,0,0,0,155951.75115966797,0,0,4112314368,0,853266432,0
200,1788376932323,3191,3191,0,0,0,155951.75115966797,0,0,4112314368,0,853266432,0
200,1788376932523,3191,3191,0,0,0,155951.75115966797,0,0,4112314368,0,853266432,0
200,1788376932723,3191,3191,0,0,0,155951.75115966797,0,0,4112314368,0,853266432,0
200,1788376932924,3191,3191,0,0,0,155951.75115966797,0,0,4112314368,0,853266432,0
200,1788376933124,3191,3191,0,0,0,155951.75115966797,0,0,4112314368,0,853266432,0
200,1788376933324,3191,3191,0,0,0,155951.75115966797,0,0,4112314368,0,853266432,0
200,1788376933525,3191,3191,0,0,0,155951.75115966797,0,0,4112314368,0,853266432,0
200,1788376933725,3191,3191,0,4.761904716491699,0,155951.7645263672,0,0,4112314368,0,853266432,0
200,1788376933925,3191,3191,0,0,0,155951.7645263672,0,0,4112314368,0,853266432,0
200,1788376934126,3191,3191,0,0,0,155951.7645263672,0,0,4112314368,0,853266432,0
200,1788376934326,3191,3191,0,0,0,155951.7645263672,0,0,4112314368,0,853266432,0
200,1788376934526,3191,3191,0,0,0,155951.7645263672,0,0,4112314368,0,853266432,0
200,1788376934726,3191,3191,0,0,0,155951.7645263672,0,0,4112314368,0,853266432,0
200,1788376934926,3191,3191,0,0,0,155951.7645263672,0,0,4112314368,0,853266432,0
200,1788376935127,3191,3191,0,0,0,155951.7645263672,0,0,4112314368,0,853266432,0
200,1788376935327,3191,3191,0,0,0,155951.7645263672,0,0,4112314368,0,853266432,0
200,1788376935527,3191,3191,0,0,0,155951.7645263672,0,0,4112314368,0,853266432,0
200,1788376935727,3191,3191,0,0,0,155951.8021850586,0,0,4112314368,0,853266432,0
200,1788376935927,3191,3191,0,4.761904716491699,0,155951.8021850586,0,0,4112314368,0,853266432,0
200,1788376936128,3191,3191,0,0,0,155951.8021850586,0,0,4112314368,0,853266432,0
200,1788376936328,3191,3191,0,0,0,155951.8021850586,0,0,4112314368,0,853266432,0
200,1788376936528,3191,3191,0,0,0,155951.8021850586,0,0,4112314368,0,853266432,0
200,1788376936729,3191,3191,4.761904716491699,0,0,155951.8021850586,0,0,4112314368,0,853266432,0
200,1788376936929,3191,3191,0,0,0,155951.8021850586,0,0,4112314368,0,853266432,0
200,1788376937129,3191,3191,0,0,0,155951.8021850586,0,0,4112314368,0,853266432,0
200,1788376937330,3191,3191,0,0,0,155951.8021850586,0,0,4112314368,0,853266432,0
200,1788376937530,3191,3191,0,0,0,155951.8021850586,0,0,4112314368,0,853266432,0
200,1788376937730,3191,3191,0,0,0,155951.81524658203,0,0,4112314368,0,853266432,0
200,1788376937930,3191,3191,0,0,0,155951.81524658203,0,0,4112314368,0,853266432,0
200,1788376938131,3191,3191,0,0,0,155951.81524658203,0,0,4112314368,0,853266432,0
200,1788376938331,3191,3191,0,0,0,155951.81524658203,0,0,4112314368,0,853266432,0
200,1788376938531,3191,3191,0,0,0,155951.81524658203,0,0,4112314368,0,853266432,0
200,1788376938731,3191,3191,0,0,0,155951.81524658203,0,0,4112314368,0,853266432,0
200,1788376938932,3191,3191,0,0,0,155951.81524658203,0,0,4112314368,0,853266432,0
200,1788376939132,3191,3191,0,0,0,155951.81524658203,0,0,4112314368,0,853266432,0
200,1788376939332,3191,3191,0,0,0,155951.81524658203,0,0,4112314368,0,853266432,0
200,1788376939533,3191,3191,0,0,0,155951.81524658203,0,0,4112314368,0,853266432,0
200,1788376939733,3191,3191,0,0,0,155951.8370361328,0,0,4112314368,0,853266432,0
200,1788376939933,3191,3191,0,0,0,155951.8370361328,0,0,4112314368,0,853266432,0
200,1788376940134,3191,3191,0,0,0,155951.8370361328,0,0,4112314368,0,853266432,0
200,1788376940334,3191,3191,0,0,0,155951.8370361328,0,0,4112314368,0,853266432,0
200,1788376940534,3191,3191,0,0,0,155951.8370361328,0,0,4112314368,0,853266432,0
200,1788376940734,3191,3191,0,0,0,155951.8370361328,0,0,4112314368,0,853266432,0
200,1788376940935,3191,3191,0,0,0,155951.8370361328,0,0,4112314368,0,853266432,0
200,1788376941135,3191,3191,0,0,0,155951.8370361328,0,0,4112314368,0,853266432,0
200,1788376941335,3191,3191,0,0,0,155951.8370361328,0,0,4112314368,0,853266432,0
200,1788376941536,3191,3191,0,0,0,155951.8370361328,0,0,4112314368,0,853266432,0
200,1788376941736,3191,3191,0,0,0,155951.8565673828,0,0,4112314368,0,853266432,0
200,1788376941936,3191,3191,0,0,0,155951.8565673828,0,0,4112314368,0,853266432,0
200,1788376942136,3191,3191,0,0,0,155951.8565673828,0,0,4112314368,0,853266432,0
200,1788376942336,3191,3191,0,0,0,155951.8565673828,0,0,4112314368,0,853266432,0
200,1788376942537,3191,3191,0,0,0,155951.8565673828,0,0,4112314368,0,853266432,0
200,1788376942737,3191,3191,0,0,0,155951.8565673828,0,0,4112314368,0,853258240,0
200,1788376942937,3191,3191,0,0,0,155951.8565673828,0,0,4112314368,0,853258240,0
200,1788376943138,3191,3191,0,0,0,155951.8565673828,0,0,4112314368,0,853258240,0
200,1788376943338,3191,3191,0,0,0,155951.8565673828,0,0,4112314368,0,853258240,0
200,1788376943538,3191,3191,0,0,0,155951.8565673828,0,0,4112314368,0,853258240,0
200,1788376943738,3191,3191,0,0,0,155951.86987304688,0,0,4112314368,0,853258240,0
200,1788376943938,3191,3191,0,0,0,155951.86987304688,0,0,4112314368,0,853258240,0
200,1788376944138,3191,3191,0,0,0,155951.86987304688,0,0,4112314368,0,853258240,0
200,1788376944339,3191,3191,0,0,0,155951.86987304688,0,0,4112314368,0,853258240,0
200,1788376944539,3191,3191,0,0,0,155951.86987304688,0,0,4112314368,0,853258240,0
200,1788376944739,3191,3191,0,0,0,155951.86987304688,0,0,4112314368,0,853258240,0
200,1788376944940,3191,3191,0,0,0,155951.86987304688,0,0,4112314368,0,853258240,0
200,1788376945140,3191,3191,0,0,0,155951.86987304688,0,0,4112314368,0,853258240,0
200,1788376945340,3191,3191,0,0,0,155951.86987304688,0,0,4112314368,0,853258240,0
200,1788376945540,3191,3191,0,0,0,155951.86987304688,0,0,4112314368,0,853258240,0
200,1788376945741,3191,3191,0,0,0,155951.90893554688,0,0,4112314368,0,853258240,0
200,1788376945941,3191,3191,0,0,0,155951.90893554688,0,0,4112314368,0,853258240,0
200,1788376946141,3191,3191,0,0,0,155951.90893554688,0,0,4112314368,0,853258240,0
200,1788376946341,3191,3191,0,0,0,155951.90893554688,0,0,4112314368,0,853258240,0
200,1788376946542,3191,3191,0,0,0,155951.90893554688,0,0,4112314368,0,853258240,0
200,1788376946742,3191,3191,4.761904716491699,0,0,155951.91857910156,0,0,4112314368,0,853258240,0
200,1788376946942,3191,3191,0,0,0,155951.91857910156,0,0,4112314368,0,853258240,0
200,1788376947142,3191,3191,4.761904716491699,4.761904716491699,0,155951.91857910156,0,0,4112314368,0,853258240,0
200,1788376947342,3191,3191,0,0,0,155951.91857910156,0,0,4112314368,0,853258240,0
200,1788376947542,3191,3191,0,0,0,155951.91857910156,0,0,4112314368,0,853258240,0
200,1788376947743,3191,3191,0,0,0,155951.9317626953,0,0,4112314368,0,853258240,0
200,1788376947943,3191,3191,0,0,0,155951.9317626953,0,0,4112314368,0,853258240,0
200,1788376948143,3191,3191,0,0,0,155951.9317626953,0,0,4112314368,0,853258240,0
200,1788376948344,3191,3191,0,0,0,155951.9317626953,0,0,4112314368,0,853258240,0
200,1788376948544,3191,3191,0,0,0,155951.9317626953,0,0,4112314368,0,853258240,0
200,1788376948744,3191,3191,0,5,0,155951.93841552734,0,0,4112314368,0,853258240,0
200,1788376948945,3191,3191,0,0,0,155951.93841552734,0,0,4112314368,0,853258240,0
200,1788376949145,3191,3191,0,0,0,155951.93841552734,0,0,4112314368,0,853258240,0
200,1788376949345,3191,3191,0,0,0,155951.93841552734,0,0,4112314368,0,853258240,0
200,1788376949546,3191,3191,0,0,0,155951.93841552734,0,0,4112314368,0,853258240,0
200,1788376949746,3191,3191,0,0,0,155951.95306396484,0,0,4112314368,0,853258240,0
200,1788376949946,3191,3191,0,0,0,155951.95306396484,0,0,4112314368,0,853258240,0
200,1788376950146,3191,3191,0,0,0,155951.95306396484,0,0,4112314368,0,853258240,0
200,1788376950346,3191,3191,0,0,0,155951.95306396484,0,0,4112314368,0,853258240,0
200,1788376950546,3191,3191,0,0,0,155951.95306396484,0,0,4112314368,0,853258240,0
200,1788376950746,3191,3191,0,0,0,155951.95306396484,0,0,4112314368,0,853258240,0
200,1788376950947,3191,3191,0,0,0,155951.95306396484,0,0,4112314368,0,853258240,0
200,1788376951147,3191,3191,0,0,0,155951.95306396484,0,0,4112314368,0,853258240,0
200,1788376951347,3191,3191,0,0,0,155951.95306396484,0,0,4112314368,0,853258240,0
200,1788376951548,3191,3191,0,0,0,155951.95306396484,0,0,4112314368,0,853258240,0
200,1788376951748,3191,3191,0,0,0,155951.97302246094,0,0,4112314368,0,853258240,0
200,1788376951948,3191,3191,0,0,0,155951.97302246094,0,0,4112314368,0,853258240,0
200,1788376952149,3191,3191,0,0,0,155951.97302246094,0,0,4112314368,0,853258240,0
200,1788376952349,3191,3191,0,0,0,155951.97302246094,0,0,4112314368,0,853258240,0
200,1788376952550,3191,3191,0,0,0,155951.97302246094,0,0,4112314368,0,853258240,0
200,1788376952750,3191,3191,0,0,0,155951.97302246094,0,0,4112314368,0,853258240,0
200,1788376952950,3191,3191,0,0,0,155951.97302246094,0,0,4112314368,0,853258240,0
200,1788376953150,3191,3191,0,0,0,155951.97302246094,0,0,4112314368,0,853258240,0
200,1788376953350,3191,3191,4.761904716491699,0,0,155951.97302246094,0,0,4112314368,0,853258240,0
200,1788376953550,3191,3191,0,0,0,155951.97302246094,0,0,4112314368,0,853258240,0
200,1788376953751,3191,3191,0,0,0,155951.986328125,0,0,4112314368,0,853258240,0
200,1788376953951,3191,3191,0,0,0,155951.986328125,0,0,4112314368,0,853258240,0
200,1788376954151,3191,3191,0,0,0,155951.986328125,0,0,4112314368,0,853258240,0
200,1788376954352,3191,3191,0,4.761904716491699,0,155951.986328125,0,0,4112314368,0,853258240,0
200,1788376954552,3191,3191,0,0,0,155951.986328125,0,0,4112314368,0,853258240,0
200,1788376954752,3191,3191,0,0,0,155951.99548339844,0,0,4112314368,0,853258240,0
200,1788376954953,3191,3191,0,0,0,155951.99548339844,0,0,4112314368,0,853258240,0
200,1788376955153,3191,3191,0,0,0,155951.99548339844,0,0,4112314368,0,853258240,0
200,1788376955353,3191,3191,0,0,0,155951.99548339844,0,0,4112314368,0,853258240,0
200,1788376955554,3191,3191,0,0,0,155951.99548339844,0,0,4112314368,0,853258240,0
200,1788376955754,3191,3191,0,0,0,155952.00219726563,0,0,4112314368,0,853258240,0
200,1788376955954,3191,3191,0,0,0,155952.00219726563,0,0,4112314368,0,853258240,0
200,1788376956154,3191,3191,0,0,0,155952.00219726563,0,0,4112314368,0,853258240,0
200,1788376956354,3191,3191,0,0,0,155952.00219726563,0,0,4112314368,0,853258240,0
200,1788376956554,3191,3191,0,0,0,155952.00219726563,0,0,4112314368,0,853258240,0
200,1788376956754,3191,3191,0,0,0,155952.0430908203,0,0,4112314368,0,853258240,0
200,1788376956955,3191,3191,0,0,0,155952.0430908203,0,0,4112314368,0,853258240,0
200,1788376957155,3191,3191,0,0,0,155952.0430908203,0,0,4112314368,0,853258240,0
200,1788376957355,3191,3191,0,4.761904716491699,0,155952.0430908203,0,0,4112314368,0,853258240,0
200,1788376957556,3191,3191,0,0,0,155952.0430908203,0,0,4112314368,0,853258240,0
200,1788376957756,3191,3191,0,0,0,155952.05615234375,0,0,4112314368,0,853258240,0
200,1788376957956,3191,3191,0,0,0,155952.05615234375,0,0,4112314368,0,853258240,0
200,1788376958157,3191,3191,0,0,0,155952.05615234375,0,0,4112314368,0,853258240,0
200,1788376958357,3191,3191,0,0,0,155952.05615234375,0,0,4112314368,0,853258240,0
200,1788376958558,3191,3191,0,0,0,155952.05615234375,0,0,4112314368,0,853258240,0
200,1788376958758,3191,3191,0,0,0,155952.05615234375,0,0,4112314368,0,853258240,0
200,1788376958958,3191,3191,0,0,0,155952.05615234375,0,0,4112314368,0,853258240,0
200,1788376959158,3191,3191,0,0,0,155952.05615234375,0,0,4112314368,0,853258240,0
200,1788376959358,3191,3191,0,0,0,155952.05615234375,0,0,4112314368,0,853258240,0
200,1788376959558,3191,3191,0,0,0,155952.05615234375,0,0,4112314368,0,853258240,0
200,1788376959758,3191,3191,0,0,0,155952.07080078125,0,0,4112314368,0,853258240,0
200,1788376959958,3191,3191,0,0,0,155952.07080078125,0,0,4112314368,0,853258240,0
200,1788376960159,3191,3191,4.761904716491699,0,0,155952.07080078125,0,0,4112314368,0,853258240,0
200,1788376960359,3191,3191,0,0,0,155952.07080078125,0,0,4112314368,0,853258240,0
200,1788376960559,3191,3191,0,0,0,155952.07080078125,0,0,4112314368,0,853258240,0
200,1788376960760,3191,3191,0,0,0,155952.07739257813,0,0,4112314368,0,853258240,0
200,1788376960960,3191,3191,0,0,0,155952.07739257813,0,0,4112314368,0,853258240,0
200,1788376961160,3191,3191,0,0,0,155952.07739257813,0,0,4112314368,0,853258240,0
200,1788376961360,3191,3191,0,0,0,155952.07739257813,0,0,4112314368,0,853258240,0
200,1788376961560,3191,3191,0,0,0,155952.07739257813,0,0,4112314368,0,853258240,0
200,1788376961761,3191,3191,0,0,0,155952.07739257813,0,0,4112314368,0,853258240,0
200,1788376961961,3191,3191,0,0,0,155952.07739257813,0,0,4112314368,0,853258240,0
200,1788376962161,3191,3191,0,0,0,155952.07739257813,0,0,4112314368,0,853258240,0
200,1788376962362,3191,3191,0,0,0,155952.07739257813,0,0,4112314368,0,853258240,0
200,1788376962562,3191,3191,0,0,0,155952.07739257813,0,0,4112314368,0,853258240,0
200,1788376962762,3191,3191,0,0,0,155952.09033203125,0,0,4112314368,0,853258240,0
200,1788376962962,3191,3191,0,0,0,155952.09033203125,0,0,4112314368,0,853258240,0
200,1788376963162,3191,3191,0,0,0,155952.09033203125,0,0,4112314368,0,853258240,0
200,1788376963363,3191,3191,0,0,0,155952.09033203125,0,0,4112314368,0,853258240,0
200,1788376963563,3191,3191,0,0,0,155952.09033203125,0,0,4112314368,0,853258240,0
200,1788376963763,3191,3191,0,4.761904716491699,0,155952.1036376953,0,0,4112314368,0,853258240,0
200,1788376963963,3191,3191,0,0,0,155952.1036376953,0,0,4112314368,0,853258240,0
200,1788376964164,3191,3191,0,0,0,155952.1036376953,0,0,4112314368,0,853258240,0
200,1788376964364,3191,3191,0,0,0,155952.1036376953,0,0,4112314368,0,853258240,0
200,1788376964565,3191,3191,0,0,0,155952.1036376953,0,0,4112314368,0,853258240,0
200,1788376964765,3191,3191,0,0,0,155952.1127319336,0,0,4112314368,0,853258240,0
200,1788376964965,3191,3191,0,0,0,155952.1127319336,0,0,4112314368,0,853258240,0
200,1788376965166,3191,3191,0,0,0,155952.1127319336,0,0,4112314368,0,853258240,0
200,1788376965366,3191,3191,0,0,0,155952.1127319336,0,0,4112314368,0,853258240,0
200,1788376965566,3191,3191,0,0,0,155952.1127319336,0,0,4112314368,0,853258240,0
200,1788376965766,3191,3191,0,0,0,155952.1127319336,0,0,4112314368,0,853258240,0
200,1788376965966,3191,3191,0,0,0,155952.1127319336,0,0,4112314368,0,853258240,0
200,1788376966166,3191,3191,4.761904716491699,0,0,155952.1127319336,0,0,4112314368,0,853258240,0
200,1788376966367,3191,3191,0,0,0,155952.1127319336,0,0,4112314368,0,853258240,0
200,1788376966567,3191,3191,0,0,0,155952.1127319336,0,0,4112314368,0,853258240,0
200,1788376966767,3191,3191,0,0,0,155952.13970947266,0,0,4112314368,0,853258240,0
200,1788376966967,3191,3191,0,4.761904716491699,0,155952.13970947266,0,0,4112314368,0,853258240,0
200,1788376967168,3191,3191,0,0,0,155952.13970947266,0,0,4112314368,0,853258240,0
200,1788376967368,3191,3191,0,0,0,155952.13970947266,0,0,4112314368,0,853258240,0
200,1788376967568,3191,3191,0,0,0,155952.13970947266,0,0,4112314368,0,853258240,0
200,1788376967768,3191,3191,0,0,0,155952.13970947266,0,0,4112314368,0,853258240,0
200,1788376967969,3191,3191,0,0,0,155952.13970947266,0,0,4112314368,0,853258240,0
200,1788376968169,3191,3191,0,0,0,155952.13970947266,0,0,4112314368,0,853258240,0
200,1788376968369,3191,3191,0,0,0,155952.13970947266,0,0,4112314368,0,853258240,0
200,1788376968570,3191,3191,0,0,0,155952.13970947266,0,0,4112314368,0,853258240,0
200,1788376968770,3191,3191,0,0,0,155952.16625976563,0,0,4112314368,0,853258240,0
200,1788376968970,3191,3191,0,0,0,155952.16625976563,0,0,4112314368,0,853258240,0
200,1788376969170,3191,3191,0,0,0,155952.16625976563,0,0,4112314368,0,853258240,0
200,1788376969370,3191,3191,0,0,0,155952.16625976563,0,0,4112314368,0,853258240,0
200,1788376969570,3191,3191,0,0,0,155952.16625976563,0,0,4112314368,0,853258240,0
200,1788376969771,3191,3191,0,0,0,155952.16625976563,0,0,4112314368,0,853258240,0
200,1788376969971,3191,3191,0,0,0,155952.16625976563,0,0,4112314368,0,853258240,0
200,1788376970171,3191,3191,0,0,0,155952.16625976563,0,0,4112314368,0,853258240,0
200,1788376970372,3191,3191,0,0,0,155952.16625976563,0,0,4112314368,0,853258240,0
200,1788376970572,3191,3191,0,0,0,155952.16625976563,0,0,4112314368,0,853258240,0
200,1788376970772,3191,3191,0,0,0,155952.1795654297,0,0,4112314368,0,853258240,0
200,1788376970972,3191,3191,0,0,0,155952.1795654297,0,0,4112314368,0,853258240,0
200,1788376971173,3191,3191,0,0,0,155952.1795654297,0,0,4112314368,0,853258240,0
200,1788376971373,3191,3191,4.761904716491699,4.761904716491699,0,155952.1795654297,0,0,4112314368,0,853258240,0
200,1788376971574,3191,3191,0,0,0,155952.1795654297,0,0,4112314368,0,853258240,0
200,1788376971774,3191,3191,0,0,0,155952.19262695313,0,0,4112314368,0,853258240,0
200,1788376971974,3191,3191,0,0,0,155952.19262695313,0,0,4112314368,0,853258240,0
200,1788376972174,3191,3191,0,0,0,155952.19262695313,0,0,4112314368,0,853258240,0
200,1788376972374,3191,3191,0,0,0,155952.19262695313,0,0,4112314368,0,853258240,0
200,1788376972574,3191,3191,0,0,0,155952.19262695313,0,0,4112314368,0,853258240,0
200,1788376972775,3191,3191,0,0,0,155952.19921875,0,0,4112314368,0,853258240,0
200,1788376972975,3191,3191,0,0,0,155952.19921875,0,0,4112314368,0,853258240,0
200,1788376973175,3191,3191,0,4.761904716491699,0,155952.19921875,0,0,4112314368,0,853258240,0
200,1788376973376,3191,3191,0,0,0,155952.19921875,0,0,4112314368,0,853258240,0
200,1788376973576,3191,3191,0,0,0,155952.19921875,0,0,4112314368,0,853258240,0
200,1788376973776,3191,3191,0,0,0,155952.19921875,0,0,4112314368,0,853258240,0
200,1788376973977,3191,3191,0,0,0,155952.19921875,0,0,4112314368,0,853258240,0
200,1788376974177,3191,3191,0,0,0,155952.19921875,0,0,4112314368,0,853258240,0
200,1788376974377,3191,3191,0,0,0,155952.19921875,0,0,4112314368,0,853258240,0
200,1788376974578,3191,3191,0,0,0,155952.19921875,0,0,4112314368,0,853258240,0
200,1788376974778,3191,3191,0,0,0,155952.21484375,0,0,4112314368,0,853258240,0
200,1788376974978,3191,3191,0,0,0,155952.21484375,0,0,4112314368,0,853258240,0
200,1788376975178,3191,3191,0,0,0,155952.21484375,0,0,4112314368,0,853258240,0
200,1788376975378,3191,3191,0,0,0,155952.21484375,0,0,4112314368,0,853258240,0
200,1788376975578,3191,3191,0,0,0,155952.21484375,0,0,4112314368,0,853258240,0
200,1788376975778,3191,3191,0,0,0,155952.21484375,0,0,4112314368,0,853258240,0
200,1788376975979,3191,3191,0,0,0,155952.21484375,0,0,4112314368,0,853258240,0
200,1788376976179,3191,3191,0,0,0,155952.21484375,0,0,4112314368,0,853258240,0
200,1788376976379,3191,3191,0,0,0,155952.21484375,0,0,4112314368,0,853258240,0
200,1788376976579,3191,3191,0,0,0,155952.21484375,0,0,4112314368,0,853258240,0
200,1788376976780,3191,3191,0,0,0,155952.21484375,0,0,4112314368,0,853258240,0
200,1788376976980,3191,3191,0,0,0,155952.21484375,0,0,4112314368,0,853258240,0
200,1788376977181,3191,3191,0,0,0,155952.21484375,0,0,4112314368,0,853258240,0
200,1788376977381,3191,3191,0,0,0,155952.21484375,0,0,4112314368,0,853258240,0
200,1788376977581,3191,3191,0,0,0,155952.21484375,0,0,4112314368,0,853258240,0
200,1788376977781,3191,3191,0,0,0,155952.24822998047,0,0,4112314368,0,853258240,0
200,1788376977982,3191,3191,0,0,0,155952.24822998047,0,0,4112314368,0,853258240,0
200,1788376978182,3191,3191,0,0,0,155952.24822998047,0,0,4112314368,0,853258240,0
200,1788376978382,3191,3191,0,0,0,155952.24822998047,0,0,4112314368,0,853258240,0
200,1788376978582,3191,3191,0,0,0,155952.24822998047,0,0,4112314368,0,853258240,0
200,1788376978783,3191,3191,0,0,0,155952.2547607422,0,0,4112314368,0,853258240,0
200,1788376978983,3191,3191,0,0,0,155952.2547607422,0,0,4112314368,0,853258240,0
200,1788376979183,3191,3191,0,0,0,155952.2547607422,0,0,4112314368,0,853258240,0
200,1788376979383,3191,3191,0,4.761904716491699,0,155952.2547607422,0,0,4112314368,0,853258240,0
200,1788376979584,3191,3191,0,4.761904716491699,0,155952.2547607422,0,0,4112314368,0,853258240,0
200,1788376979784,3191,3191,0,0,0,155952.26904296875,0,0,4112314368,0,853258240,0
200,1788376979984,3191,3191,0,0,0,155952.26904296875,0,0,4112314368,0,853258240,0
200,1788376980185,3191,3191,0,0,0,155952.26904296875,0,0,4112314368,0,853258240,0
200,1788376980385,3191,3191,0,0,0,155952.26904296875,0,0,4112314368,0,853258240,0
200,1788376980585,3191,3191,0,0,0,155952.26904296875,0,0,4112314368,0,853258240,0
200,1788376980786,3191,3191,0,0,0,155952.26904296875,0,0,4112314368,0,853258240,0
200,1788376980986,3191,3191,0,0,0,155952.26904296875,0,0,4112314368,0,853258240,0
200,1788376981186,3191,3191,4.761904716491699,0,0,155952.26904296875,0,0,4112314368,0,853258240,0
200,1788376981386,3191,3191,0,0,0,155952.26904296875,0,0,4112314368,0,853258240,0
200,1788376981587,3191,3191,0,0,0,155952.26904296875,0,0,4112314368,0,853258240,0
200,1788376981787,3191,3191,0,0,0,155952.28247070313,0,0,4112314368,0,853258240,0
200,1788376981987,3191,3191,0,0,0,155952.28247070313,0,0,4112314368,0,853258240,0
200,1788376982188,3191,3191,0,4.761904716491699,0,155952.28247070313,0,0,4112314368,0,853258240,0
200,1788376982388,3191,3191,0,0,0,155952.28247070313,0,0,4112314368,0,853258240,0
200,1788376982588,3191,3191,0,0,0,155952.28247070313,0,0,4112314368,0,853258240,0
200,1788376982788,3191,3191,0,0,0,155952.28247070313,0,0,4112314368,0,853258240,0
200,1788376982989,3191,3191,0,0,0,155952.28247070313,0,0,4112314368,0,853258240,0
200,1788376983189,3191,3191,0,0,0,155952.28247070313,0,0,4112314368,0,853258240,0
200,1788376983389,3191,3191,0,0,0,155952.28247070313,0,0,4112314368,0,853258240,0
200,1788376983590,3191,3191,0,0,0,155952.28247070313,0,0,4112314368,0,853258240,0
200,1788376983790,3191,3191,0,0,0,155952.29815673828,0,0,4112314368,0,853258240,0
200,1788376983990,3191,3191,0,0,0,155952.29815673828,0,0,4112314368,0,853258240,0
200,1788376984190,3191,3191,0,0,0,155952.29815673828,0,0,4112314368,0,853258240,0
200,1788376984390,3191,3191,0,0,0,155952.29815673828,0,0,4112314368,0,853258240,0
199,1788376984591,3191,3191,0,0,0,155952.29815673828,0,0,4112314368,0,853258240,0
200,1788376984791,3191,3191,0,0,0,155952.31170654297,0,0,4112314368,0,853258240,0
200,1788376984991,3191,3191,0,0,0,155952.31170654297,0,0,4112314368,0,853258240,0
200,1788376985191,3191,3191,0,0,0,155952.31170654297,0,0,4112314368,0,853258240,0
200,1788376985391,3191,3191,0,0,0,155952.31170654297,0,0,4112314368,0,853258240,0
200,1788376985591,3191,3191,0,0,0,155952.31170654297,0,0,4112314368,0,853258240,0
200,1788376985791,3191,3191,0,0,0,155952.32891845703,0,0,4112314368,0,853258240,0
200,1788376985992,3191,3191,0,0,0,155952.32891845703,0,0,4112314368,0,853258240,0
200,1788376986192,3191,3191,0,0,0,155952.32891845703,0,0,4112314368,0,853258240,0
200,1788376986392,3191,3191,0,0,0,155952.32891845703,0,0,4112314368,0,853258240,0
200,1788376986592,3191,3191,0,0,0,155952.32891845703,0,0,4112314368,0,853258240,0
200,1788376986793,3191,3191,0,0,0,155952.32891845703,0,0,4112314368,0,853258240,0
200,1788376986993,3191,3191,0,0,0,155952.32891845703,0,0,4112314368,0,853258240,0
200,1788376987193,3191,3191,0,0,0,155952.32891845703,0,0,4112314368,0,853258240,0
200,1788376987394,3191,3191,0,0,0,155952.32891845703,0,0,4112314368,0,853258240,0
200,1788376987594,3191,3191,0,0,0,155952.32891845703,0,0,4112314368,0,853258240,0
200,1788376987794,3191,3191,0,0,0,155952.34552001953,0,0,4112314368,0,853258240,0
200,1788376987994,3191,3191,0,0,0,155952.34552001953,0,0,4112314368,0,853258240,0
200,1788376988194,3191,3191,0,0,0,155952.34552001953,0,0,4112314368,0,853258240,0
200,1788376988395,3191,3191,0,0,0,155952.34552001953,0,0,4112314368,0,853258240,0
200,1788376988595,3191,3191,0,0,0,155952.34552001953,0,0,4112314368,0,853258240,0
200,1788376988795,3191,3191,0,0,0,155952.34552001953,0,0,4112314368,0,853258240,0
200,1788376988996,3191,3191,0,0,0,155952.34552001953,0,0,4112314368,0,853258240,0
200,1788376989196,3191,3191,0,0,0,155952.34552001953,0,0,4112314368,0,853258240,0
200,1788376989396,3191,3191,0,0,0,155952.34552001953,0,0,4112314368,0,853258240,0
200,1788376989597,3191,3191,0,0,0,155952.34552001953,0,0,4112314368,0,853258240,0
200,1788376989797,3191,3191,0,0,0,155952.36517333984,0,0,4112314368,0,853258240,0
200,1788376989997,3191,3191,0,0,0,155952.36517333984,0,0,4112314368,0,853258240,0
200,1788376990198,3191,3191,0,0,0,155952.36517333984,0,0,4112314368,0,853258240,0
200,1788376990398,3191,3191,4.761904716491699,4.761904716491699,0,155952.36517333984,0,0,4112314368,0,853258240,0
200,1788376990598,3191,3191,0,0,0,155952.36517333984,0,0,4112314368,0,853258240,0
200,1788376990798,3191,3191,0,0,0,155952.3724975586,0,0,4112314368,0,853258240,0
200,1788376990998,3191,3191,0,0,0,155952.3724975586,0,0,4112314368,0,853258240,0
200,1788376991198,3191,3191,0,0,0,155952.3724975586,0,0,4112314368,0,853258240,0
200,1788376991399,3191,3191,0,0,0,155952.3724975586,0,0,4112314368,0,853258240,0
200,1788376991599,3191,3191,0,0,0,155952.3724975586,0,0,4112314368,0,853258240,0
200,1788376991799,3191,3191,4.761904716491699,0,0,155952.3724975586,0,0,4112314368,0,853258240,0
200,1788376992000,3191,3191,0,0,0,155952.3724975586,0,0,4112314368,0,853258240,0
200,1788376992200,3191,3191,0,0,0,155952.3724975586,0,0,4112314368,0,853258240,0
200,1788376992400,3191,3191,0,0,0,155952.3724975586,0,0,4112314368,0,853258240,0
200,1788376992601,3191,3191,0,0,0,155952.3724975586,0,0,4112314368,0,853258240,0
200,1788376992801,3191,3191,0,0,0,155952.38787841797,0,0,4112314368,0,853258240,0
200,1788376993001,3191,3191,0,0,0,155952.38787841797,0,0,4112314368,0,853258240,0
200,1788376993202,3191,3191,0,0,0,155952.38787841797,0,0,4112314368,0,853258240,0
200,1788376993402,3191,3191,0,0,0,155952.38787841797,0,0,4112314368,0,853258240,0
200,1788376993602,3191,3191,0,0,0,155952.38787841797,0,0,4112314368,0,853258240,0
200,1788376993802,3191,3191,0,0,0,155952.4048461914,0,0,4112314368,0,853258240,0
200,1788376994003,3191,3191,0,0,0,155952.4048461914,0,0,4112314368,0,853258240,0
200,1788376994203,3191,3191,0,0,0,155952.4048461914,0,0,4112314368,0,853258240,0
200,1788376994403,3191,3191,0,0,0,155952.4048461914,0,0,4112314368,0,853258240,0
200,1788376994604,3191,3191,0,0,0,155952.4048461914,0,0,4112314368,0,853258240,0
200,1788376994804,3191,3191,0,0,0,155952.4048461914,0,0,4112314368,0,853258240,0
200,1788376995004,3191,3191,0,0,0,155952.4048461914,0,0,4112314368,0,853258240,0
200,1788376995204,3191,3191,0,0,0,155952.4048461914,0,0,4112314368,0,853258240,0
200,1788376995404,3191,3191,0,0,0,155952.4048461914,0,0,4112314368,0,853258240,0
200,1788376995605,3191,3191,0,0,0,155952.4048461914,0,0,4112314368,0,853258240,0
200,1788376995805,3191,3191,0,0,0,155952.4193725586,0,0,4112314368,0,853258240,0
200,1788376996005,3191,3191,0,0,0,155952.4193725586,0,0,4112314368,0,853258240,0
200,1788376996205,3191,3191,4.761904716491699,0,0,155952.4193725586,0,0,4112314368,0,853258240,0
200,1788376996406,3191,3191,0,0,0,155952.4193725586,0,0,4112314368,0,853258240,0
200,1788376996606,3191,3191,0,0,0,155952.4193725586,0,0,4112314368,0,853258240,0
200,1788376996806,3191,3191,0,0,0,155952.4193725586,0,0,4112314368,0,853258240,0
200,1788376997006,3191,3191,0,0,0,155952.4193725586,0,0,4112314368,0,853258240,0
200,1788376997206,3191,3191,0,0,0,155952.4193725586,0,0,4112314368,0,853258240,0
200,1788376997407,3191,3191,0,0,0,155952.4193725586,0,0,4112314368,0,853258240,0
200,1788376997607,3191,3191,0,0,0,155952.4193725586,0,0,4112314368,0,853258240,0
200,1788376997807,3191,3191,5,0,0,155952.4331665039,0,0,4112314368,0,853258240,0
200,1788376998008,3191,3191,0,0,0,155952.4331665039,0,0,4112314368,0,853258240,0
200,1788376998208,3191,3191,0,0,0,155952.4331665039,0,0,4112314368,0,853258240,0
200,1788376998408,3191,3191,0,0,0,155952.4331665039,0,0,4112314368,0,853258240,0
200,1788376998609,3191,3191,0,0,0,155952.4331665039,0,0,4112314368,0,853258240,0
200,1788376998809,3191,3191,0,0,0,155952.4331665039,0,0,4112314368,0,853258240,0
200,1788376999009,3191,3191,0,0,0,155952.4331665039,0,0,4112314368,0,853258240,0
200,1788376999210,3191,3191,0,0,0,155952.4331665039,0,0,4112314368,0,853258240,0
200,1788376999410,3191,3191,0,0,0,155952.4331665039,0,0,4112314368,0,853258240,0
200,1788376999610,3191,3191,0,0,0,155952.4331665039,0,0,4112314368,0,853258240,0
200,1788376999810,3191,3191,0,0,0,155952.4462890625,0,0,4112314368,0,853258240,0
200,1788377000010,3191,3191,0,0,0,155952.4462890625,0,0,4112314368,0,853258240,0
200,1788377000211,3191,3191,0,0,0,155952.4462890625,0,0,4112314368,0,853258240,0
200,1788377000411,3191,3191,0,0,0,155952.4462890625,0,0,4112314368,0,853258240,0
200,1788377000611,3191,3191,0,0,0,155952.4462890625,0,0,4112314368,0,853258240,0
200,1788377000812,3191,3191,0,0,0,155952.4462890625,0,0,4112314368,0,853258240,0
200,1788377001012,3191,3191,0,0,0,155952.4462890625,0,0,4112314368,0,853258240,0
200,1788377001212,3191,3191,0,0,0,155952.4462890625,0,0,4112314368,0,853258240,0
200,1788377001413,3191,3191,0,0,0,155952.4462890625,0,0,4112314368,0,853258240,0
200,1788377001613,3191,3191,0,0,0,155952.4462890625,0,0,4112314368,0,853258240,0
200,1788377001814,3191,3191,0,0,0,155952.4600830078,0,0,4112314368,0,853258240,0
200,1788377002014,3191,3191,0,0,0,155952.4600830078,0,0,4112314368,0,853258240,0
200,1788377002214,3191,3191,0,0,0,155952.4600830078,0,0,4112314368,0,853258240,0
200,1788377002414,3191,3191,0,0,0,155952.4600830078,0,0,4112314368,0,853258240,0
200,1788377002614,3191,3191,0,0,0,155952.4600830078,0,0,4112314368,0,853258240,0
200,1788377002815,3191,3191,0,0,0,155952.4600830078,0,0,4112314368,0,853258240,0
200,1788377003015,3191,3191,0,0,0,155952.4600830078,0,0,4112314368,0,853258240,0
200,1788377003215,3191,3191,0,0,0,155952.4600830078,0,0,4112314368,0,853258240,0
200,1788377003415,3191,3191,0,0,0,155952.4600830078,0,0,4112314368,0,853258240,0
200,1788377003616,3191,3191,0,0,0,155952.4600830078,0,0,4112314368,0,853258240,0
200,1788377003816,3191,3191,0,0,0,155952.4600830078,0,0,4112314368,0,853258240,0
200,1788377004016,3191,3191,0,0,0,155952.4600830078,0,0,4112314368,0,853258240,0
200,1788377004217,3191,3191,0,0,0,155952.4600830078,0,0,4112314368,0,853258240,0
200,1788377004417,3191,3191,0,0,0,155952.4600830078,0,0,4112314368,0,853258240,0
200,1788377004617,3191,3191,0,0,0,155952.4600830078,0,0,4112314368,0,853258240,0
200,1788377004818,3191,3191,0,0,0,155952.48791503906,0,0,4112314368,0,853258240,0
200,1788377005018,3191,3191,0,0,0,155952.48791503906,0,0,4112314368,0,853258240,0
200,1788377005218,3191,3191,0,0,0,155952.48791503906,0,0,4112314368,0,853258240,0
200,1788377005418,3191,3191,0,0,0,155952.48791503906,0,0,4112314368,0,853258240,0
200,1788377005618,3191,3191,0,0,0,155952.48791503906,0,0,4112314368,0,853258240,0
200,1788377005818,3191,3191,4.761904716491699,0,0,155952.48791503906,0,0,4112314368,0,853258240,0
200,1788377006019,3191,3191,0,0,0,155952.48791503906,0,0,4112314368,0,853258240,0
200,1788377006219,3191,3191,0,0,0,155952.48791503906,0,0,4112314368,0,853258240,0
200,1788377006419,3191,3191,0,0,0,155952.48791503906,0,0,4112314368,0,853258240,0
200,1788377006619,3191,3191,0,0,0,155952.48791503906,0,0,4112314368,0,853258240,0
200,1788377006819,3191,3191,0,0,0,155952.5151977539,0,0,4112314368,0,853258240,0
200,1788377007020,3191,3191,0,0,0,155952.5151977539,0,0,4112314368,0,853258240,0
200,1788377007220,3191,3191,0,0,0,155952.5151977539,0,0,4112314368,0,853258240,0
200,1788377007420,3191,3191,0,0,0,155952.5151977539,0,0,4112314368,0,853258240,0
200,1788377007620,3191,3191,0,0,0,155952.5151977539,0,0,4112314368,0,853258240,0
200,1788377007821,3191,3191,0,0,0,155952.5151977539,0,0,4112314368,0,853258240,0
200,1788377008021,3191,3191,0,0,0,155952.5151977539,0,0,4112314368,0,853258240,0
200,1788377008221,3191,3191,0,0,0,155952.5151977539,0,0,4112314368,0,853258240,0
200,1788377008422,3191,3191,0,0,0,155952.5151977539,0,0,4112314368,0,853258240,0
200,1788377008622,3191,3191,0,0,0,155952.5151977539,0,0,4112314368,0,853258240,0
200,1788377008822,3191,3191,0,0,0,155952.52807617188,0,0,4112314368,0,853258240,0
200,1788377009022,3191,3191,0,0,0,155952.52807617188,0,0,4112314368,0,853258240,0
200,1788377009223,3191,3191,0,0,0,155952.52807617188,0,0,4112314368,0,853258240,0
200,1788377009423,3191,3191,0,0,0,155952.52807617188,0,0,4112314368,0,853258240,0
200,1788377009623,3191,3191,0,0,0,155952.52807617188,0,0,4112314368,0,853258240,0
200,1788377009823,3191,3191,0,0,0,155952.53448486328,0,0,4112314368,0,853258240,0
200,1788377010024,3191,3191,0,0,0,155952.53448486328,0,0,4112314368,0,853258240,0
200,1788377010224,3191,3191,0,0,0,155952.53448486328,0,0,4112314368,0,853258240,0
200,1788377010425,3191,3191,0,0,0,155952.53448486328,0,0,4112314368,0,853258240,0
200,1788377010625,3191,3191,0,0,0,155952.53448486328,0,0,4112314368,0,853258240,0
200,1788377010825,3191,3191,0,0,0,155952.54864501953,0,0,4112314368,0,853258240,0
200,1788377011026,3191,3191,0,0,0,155952.54864501953,0,0,4112314368,0,853258240,0
200,1788377011226,3191,3191,0,0,0,155952.54864501953,0,0,4112314368,0,853258240,0
200,1788377011426,3191,3191,0,0,0,155952.54864501953,0,0,4112314368,0,853258240,0
200,1788377011626,3191,3191,0,0,0,155952.54864501953,0,0,4112314368,0,853258240,0
200,1788377011826,3191,3191,0,0,0,155952.54864501953,0,0,4112314368,0,853258240,0
200,1788377012027,3191,3191,0,0,0,155952.54864501953,0,0,4112314368,0,853258240,0
200,1788377012227,3191,3191,0,0,0,155952.54864501953,0,0,4112314368,0,853258240,0
200,1788377012427,3191,3191,0,0,0,155952.54864501953,0,0,4112314368,0,853258240,0
200,1788377012628,3191,3191,4.761904716491699,0,0,155952.54864501953,0,0,4112314368,0,853258240,0
200,1788377012828,3191,3191,0,0,0,155952.56170654297,0,0,4112314368,0,853258240,0
200,1788377013028,3191,3191,0,0,0,155952.56170654297,0,0,4112314368,0,853258240,0
200,1788377013229,3191,3191,0,0,0,155952.56170654297,0,0,4112314368,0,853258240,0
200,1788377013429,3191,3191,0,0,0,155952.56170654297,0,0,4112314368,0,853258240,0
200,1788377013629,3191,3191,0,0,0,155952.56170654297,0,0,4112314368,0,853250048,0
200,1788377013830,3191,3191,0,0,0,155952.56170654297,0,0,4112314368,0,853250048,0
200,1788377014030,3191,3191,0,0,0,155952.56170654297,0,0,4112314368,0,853250048,0
200,1788377014230,3191,3191,0,0,0,155952.56170654297,0,0,4112314368,0,853250048,0
200,1788377014430,3191,3191,0,0,0,155952.56170654297,0,0,4112314368,0,853250048,0
200,1788377014631,3191,3191,0,0,0,155952.56170654297,0,0,4112314368,0,853250048,0
200,1788377014831,3191,3191,0,0,0,155952.5682373047,0,0,4112314368,0,853250048,0
200,1788377015031,3191,3191,0,0,0,155952.5682373047,0,0,4112314368,0,853250048,0
200,1788377015231,3191,3191,0,0,0,155952.5682373047,0,0,4112314368,0,853250048,0
200,1788377015432,3191,3191,0,0,0,155952.5682373047,0,0,4112314368,0,853250048,0
200,1788377015632,3191,3191,0,0,0,155952.5682373047,0,0,4112314368,0,853250048,0
200,1788377015832,3191,3191,0,0,0,155952.5682373047,0,0,4112314368,0,853250048,0
200,1788377016032,3191,3191,0,0,0,155952.5682373047,0,0,4112314368,0,853250048,0
200,1788377016232,3191,3191,0,0,0,155952.5682373047,0,0,4112314368,0,853250048,0
200,1788377016432,3191,3191,0,0,0,155952.5682373047,0,0,4112314368,0,853250048,0
200,1788377016633,3191,3191,0,0,0,155952.5682373047,0,0,4112314368,0,853250048,0
200,1788377016833,3191,3191,0,0,0,155952.61065673828,0,0,4112314368,0,853250048,0
200,1788377017033,3191,3191,0,0,0,155952.61065673828,0,0,4112314368,0,853250048,0
200,1788377017234,3191,3191,0,0,0,155952.61065673828,0,0,4112314368,0,853250048,0
200,1788377017434,3191,3191,0,0,0,155952.61065673828,0,0,4112314368,0,853250048,0
200,1788377017634,3191,3191,0,0,0,155952.61065673828,0,0,4112314368,0,853250048,0
200,1788377017834,3191,3191,0,0,0,155952.61065673828,0,0,4112314368,0,853250048,0
200,1788377018035,3191,3191,0,0,0,155952.61065673828,0,0,4112314368,0,853250048,0
200,1788377018235,3191,3191,0,0,0,155952.61065673828,0,0,4112314368,0,853250048,0
200,1788377018435,3191,3191,0,0,0,155952.61065673828,0,0,4112314368,0,853250048,0
200,1788377018636,3191,3191,4.761904716491699,0,0,155952.61065673828,0,0,4112314368,0,853250048,0
200,1788377018836,3191,3191,0,0,0,155952.62371826172,0,0,4112314368,0,853250048,0
200,1788377019036,3191,3191,0,0,0,155952.62371826172,0,0,4112314368,0,853250048,0
200,1788377019236,3191,3191,0,0,0,155952.62371826172,0,0,4112314368,0,853250048,0
200,1788377019437,3191,3191,0,0,0,155952.62371826172,0,0,4112314368,0,853250048,0
200,1788377019637,3191,3191,0,0,0,155952.62371826172,0,0,4112314368,0,853250048,0
200,1788377019838,3191,3191,0,0,0,155952.63012695313,0,0,4112314368,0,853250048,0
200,1788377020038,3191,3191,0,0,0,155952.63012695313,0,0,4112314368,0,853250048,0
200,1788377020238,3191,3191,0,0,0,155952.63012695313,0,0,4112314368,0,853250048,0
200,1788377020438,3191,3191,0,0,0,155952.63012695313,0,0,4112314368,0,853250048,0
200,1788377020638,3191,3191,0,0,0,155952.63012695313,0,0,4112314368,0,853250048,0
200,1788377020838,3191,3191,0,0,0,155952.64453125,0,0,4112314368,0,853250048,0
200,1788377021039,3191,3191,0,0,0,155952.64453125,0,0,4112314368,0,853250048,0
200,1788377021239,3191,3191,0,0,0,155952.64453125,0,0,4112314368,0,853250048,0
200,1788377021439,3191,3191,0,0,0,155952.64453125,0,0,4112314368,0,853250048,0
200,1788377021639,3191,3191,0,0,0,155952.64453125,0,0,4112314368,0,853250048,0
200,1788377021840,3191,3191,0,0,0,155952.64453125,0,0,4112314368,0,853250048,0
200,1788377022040,3191,3191,0,0,0,155952.64453125,0,0,4112314368,0,853250048,0
200,1788377022241,3191,3191,0,0,0,155952.64453125,0,0,4112314368,0,853250048,0
200,1788377022441,3191,3191,0,0,0,155952.64453125,0,0,4112314368,0,853250048,0
200,1788377022641,3191,3191,0,0,0,155952.64453125,0,0,4112314368,0,853250048,0
200,1788377022842,3191,3191,0,0,0,155952.65112304688,0,0,4112314368,0,853250048,0
200,1788377023042,3191,3191,0,0,0,155952.65112304688,0,0,4112314368,0,853250048,0
200,1788377023242,3191,3191,0,0,0,155952.65112304688,0,0,4112314368,0,853250048,0
200,1788377023442,3191,3191,0,0,0,155952.65112304688,0,0,4112314368,0,853250048,0
200,1788377023642,3191,3191,0,0,0,155952.65112304688,0,0,4112314368,0,853250048,0
200,1788377023842,3191,3191,0,0,0,155952.65112304688,0,0,4112314368,0,853250048,0
200,1788377024043,3191,3191,0,0,0,155952.65112304688,0,0,4112314368,0,853250048,0
200,1788377024243,3191,3191,0,0,0,155952.65112304688,0,0,4112314368,0,853250048,0
200,1788377024443,3191,3191,0,4.761904716491699,0,155952.65112304688,0,0,4112314368,0,853250048,0
200,1788377024644,3191,3191,0,0,0,155952.65112304688,0,0,4112314368,0,853250048,0
200,1788377024844,3191,3191,0,0,0,155952.6658935547,0,0,4112314368,0,853250048,0
200,1788377025044,3191,3191,0,0,0,155952.6658935547,0,0,4112314368,0,853250048,0
200,1788377025245,3191,3191,0,0,0,155952.6658935547,0,0,4112314368,0,853250048,0
200,1788377025445,3191,3191,0,0,0,155952.6658935547,0,0,4112314368,0,853250048,0
200,1788377025645,3191,3191,0,0,0,155952.6658935547,0,0,4112314368,0,853250048,0
200,1788377025845,3191,3191,0,4.761904716491699,0,155952.6951904297,0,0,4112314368,0,853250048,0
200,1788377026046,3191,3191,0,0,0,155952.6951904297,0,0,4112314368,0,853250048,0
200,1788377026246,3191,3191,0,0,0,155952.6951904297,0,0,4112314368,0,853250048,0
200,1788377026446,3191,3191,0,0,0,155952.6951904297,0,0,4112314368,0,853250048,0
200,1788377026646,3191,3191,0,0,0,155952.6951904297,0,0,4112314368,0,853250048,0
200,1788377026846,3191,3191,0,0,0,155952.6951904297,0,0,4112314368,0,853250048,0
200,1788377027047,3191,3191,0,0,0,155952.6951904297,0,0,4112314368,0,853250048,0
200,1788377027247,3191,3191,0,0,0,155952.6951904297,0,0,4112314368,0,853250048,0
200,1788377027447,3191,3191,0,0,0,155952.6951904297,0,0,4112314368,0,853250048,0
200,1788377027648,3191,3191,0,0,0,155952.6951904297,0,0,4112314368,0,853250048,0
200,1788377027848,3191,3191,0,0,0,155952.70178222656,0,0,4112314368,0,853250048,0
200,1788377028048,3191,3191,0,0,0,155952.70178222656,0,0,4112314368,0,853250048,0
200,1788377028249,3191,3191,0,0,0,155952.70178222656,0,0,4112314368,0,853250048,0
200,1788377028449,3191,3191,0,0,0,155952.70178222656,0,0,4112314368,0,853250048,0
200,1788377028649,3191,3191,0,0,0,155952.70178222656,0,0,4112314368,0,853250048,0
200,1788377028850,3191,3191,0,0,0,155952.70178222656,0,0,4112314368,0,853250048,0
200,1788377029050,3191,3191,0,0,0,155952.70178222656,0,0,4112314368,0,853250048,0
200,1788377029250,3191,3191,0,0,0,155952.70178222656,0,0,4112314368,0,853250048,0
200,1788377029450,3191,3191,0,0,0,155952.70178222656,0,0,4112314368,0,853250048,0
200,1788377029651,3191,3191,0,0,0,155952.70178222656,0,0,4112314368,0,853250048,0
200,1788377029851,3191,3191,0,0,0,155952.72100830078,0,0,4112314368,0,853250048,0
200,1788377030051,3191,3191,0,0,0,155952.72100830078,0,0,4112314368,0,853250048,0
200,1788377030251,3191,3191,0,0,0,155952.72100830078,0,0,4112314368,0,853250048,0
200,1788377030451,3191,3191,0,0,0,155952.72100830078,0,0,4112314368,0,853250048,0
200,1788377030652,3191,3191,0,0,0,155952.72100830078,0,0,4112314368,0,853250048,0
200,1788377030852,3191,3191,0,0,0,155952.72100830078,0,0,4112314368,0,853250048,0
200,1788377031053,3191,3191,0,0,0,155952.72100830078,0,0,4112314368,0,853250048,0
200,1788377031253,3191,3191,4.761904716491699,0,0,155952.72100830078,0,0,4112314368,0,853250048,0
200,1788377031453,3191,3191,0,0,0,155952.72100830078,0,0,4112314368,0,853250048,0
200,1788377031654,3191,3191,0,0,0,155952.72100830078,0,0,4112314368,0,853250048,0
200,1788377031854,3191,3191,0,0,0,155952.73455810547,0,0,4112314368,0,853250048,0
200,1788377032054,3191,3191,0,0,0,155952.73455810547,0,0,4112314368,0,853250048,0
200,1788377032254,3191,3191,0,0,0,155952.73455810547,0,0,4112314368,0,853250048,0
200,1788377032455,3191,3191,0,0,0,155952.73455810547,0,0,4112314368,0,853250048,0
200,1788377032655,3191,3191,0,0,0,155952.73455810547,0,0,4112314368,0,853250048,0
200,1788377032855,3191,3191,0,0,0,155952.73455810547,0,0,4112314368,0,853250048,0
200,1788377033056,3191,3191,0,0,0,155952.73455810547,0,0,4112314368,0,853250048,0
200,1788377033256,3191,3191,0,0,0,155952.73455810547,0,0,4112314368,0,853250048,0
200,1788377033456,3191,3191,0,0,0,155952.73455810547,0,0,4112314368,0,853250048,0
200,1788377033656,3191,3191,4.761904716491699,0,0,155952.73455810547,0,0,4112314368,0,853250048,0
200,1788377033856,3191,3191,0,0,0,155952.74932861328,0,0,4112314368,0,853250048,0
200,1788377034057,3191,3191,0,0,0,155952.74932861328,0,0,4112314368,0,853250048,0
200,1788377034257,3191,3191,0,0,0,155952.74932861328,0,0,4112314368,0,853250048,0
200,1788377034458,3191,3191,0,0,0,155952.74932861328,0,0,4112314368,0,853250048,0
200,1788377034658,3191,3191,0,0,0,155952.74932861328,0,0,4112314368,0,853250048,0
200,1788377034858,3191,3191,0,0,0,155952.7621459961,0,0,4112314368,0,853250048,0
200,1788377035058,3191,3191,0,0,0,155952.7621459961,0,0,4112314368,0,853250048,0
200,1788377035258,3191,3191,0,0,0,155952.7621459961,0,0,4112314368,0,853250048,0
200,1788377035458,3191,3191,0,0,0,155952.7621459961,0,0,4112314368,0,853250048,0
200,1788377035658,3191,3191,0,4.761904716491699,0,155952.7621459961,0,0,4112314368,0,853250048,0
200,1788377035859,3191,3191,0,0,0,155952.80108642578,0,0,4112314368,0,853250048,0
200,1788377036059,3191,3191,0,0,0,155952.80108642578,0,0,4112314368,0,853250048,0
200,1788377036259,3191,3191,0,0,0,155952.80108642578,0,0,4112314368,0,853250048,0
200,1788377036460,3191,3191,0,0,0,155952.80108642578,0,0,4112314368,0,853250048,0
200,1788377036660,3191,3191,0,0,0,155952.80108642578,0,0,4112314368,0,853250048,0
200,1788377036861,3191,3191,0,0,0,155952.80108642578,0,0,4112314368,0,853250048,0
200,1788377037061,3191,3191,0,0,0,155952.80108642578,0,0,4112314368,0,853250048,0
200,1788377037261,3191,3191,0,0,0,155952.80108642578,0,0,4112314368,0,853250048,0
200,1788377037462,3191,3191,0,0,0,155952.80108642578,0,0,4112314368,0,853250048,0
200,1788377037662,3191,3191,0,0,0,155952.80108642578,0,0,4112314368,0,853250048,0
200,1788377037862,3191,3191,0,0,0,155952.81427001953,0,0,4112314368,0,853250048,0
200,1788377038062,3191,3191,0,0,0,155952.81427001953,0,0,4112314368,0,853250048,0
200,1788377038262,3191,3191,0,0,0,155952.81427001953,0,0,4112314368,0,853250048,0
200,1788377038463,3191,3191,0,0,0,155952.81427001953,0,0,4112314368,0,853250048,0
200,1788377038663,3191,3191,0,0,0,155952.81427001953,0,0,4112314368,0,853250048,0
200,1788377038863,3191,3191,0,0,0,155952.81427001953,0,0,4112314368,0,853250048,0
200,1788377039064,3191,3191,0,0,0,155952.81427001953,0,0,4112314368,0,853250048,0
200,1788377039264,3191,3191,0,0,0,155952.81427001953,0,0,4112314368,0,853250048,0
200,1788377039464,3191,3191,0,0,0,155952.81427001953,0,0,4112314368,0,853250048,0
200,1788377039665,3191,3191,0,0,0,155952.81427001953,0,0,4112314368,0,853250048,0
200,1788377039865,3191,3191,0,0,0,155952.81427001953,0,0,4112314368,0,853250048,0
200,1788377040065,3191,3191,0,0,0,155952.81427001953,0,0,4112314368,0,853250048,0
200,1788377040265,3191,3191,0,0,0,155952.81427001953,0,0,4112314368,0,853250048,0
200,1788377040466,3191,3191,0,0,0,155952.81427001953,0,0,4112314368,0,853250048,0
200,1788377040666,3191,3191,0,0,0,155952.81427001953,0,0,4112314368,0,853250048,0
200,1788377040866,3191,3191,0,0,0,155952.83514404297,0,0,4112314368,0,853250048,0
200,1788377041066,3191,3191,0,0,0,155952.83514404297,0,0,4112314368,0,853250048,0
200,1788377041266,3191,3191,0,0,0,155952.83514404297,0,0,4112314368,0,853250048,0
200,1788377041467,3191,3191,0,0,0,155952.83514404297,0,0,4112314368,0,853250048,0
200,1788377041667,3191,3191,0,4.761904716491699,0,155952.83514404297,0,0,4112314368,0,853250048,0
200,1788377041867,3191,3191,0,0,0,155952.8482055664,0,0,4112314368,0,853250048,0
200,1788377042067,3191,3191,0,0,0,155952.8482055664,0,0,4112314368,0,853250048,0
200,1788377042267,3191,3191,0,0,0,155952.8482055664,0,0,4112314368,0,853250048,0
200,1788377042468,3191,3191,0,0,0,155952.8482055664,0,0,4112314368,0,853250048,0
200,1788377042668,3191,3191,0,0,0,155952.8482055664,0,0,4112314368,0,853250048,0
200,1788377042868,3191,3191,0,0,0,155952.86163330078,0,0,4112314368,0,853250048,0
200,1788377043069,3191,3191,0,0,0,155952.86163330078,0,0,4112314368,0,853250048,0
200,1788377043269,3191,3191,0,0,0,155952.86163330078,0,0,4112314368,0,853250048,0
200,1788377043469,3191,3191,0,0,0,155952.86163330078,0,0,4112314368,0,853250048,0
200,1788377043670,3191,3191,0,0,0,155952.86163330078,0,0,4112314368,0,853250048,0
200,1788377043870,3191,3191,0,0,0,155952.86163330078,0,0,4112314368,0,853250048,0
200,1788377044070,3191,3191,0,0,0,155952.86163330078,0,0,4112314368,0,853250048,0
200,1788377044270,3191,3191,0,0,0,155952.86163330078,0,0,4112314368,0,853250048,0
200,1788377044471,3191,3191,0,0,0,155952.86163330078,0,0,4112314368,0,853250048,0
200,1788377044671,3191,3191,0,0,0,155952.86163330078,0,0,4112314368,0,853250048,0
200,1788377044871,3191,3191,0,0,0,155952.87701416016,0,0,4112314368,0,853250048,0
200,1788377045071,3191,3191,0,0,0,155952.87701416016,0,0,4112314368,0,853250048,0
200,1788377045272,3191,3191,0,0,0,155952.87701416016,0,0,4112314368,0,853250048,0
200,1788377045472,3191,3191,0,0,0,155952.87701416016,0,0,4112314368,0,853250048,0
200,1788377045673,3191,3191,0,0,0,155952.87701416016,0,0,4112314368,0,853250048,0
200,1788377045873,3191,3191,0,0,0,155952.88415527344,0,0,4112314368,0,853250048,0
200,1788377046073,3191,3191,0,0,0,155952.88415527344,0,0,4112314368,0,853250048,0
200,1788377046273,3191,3191,0,0,0,155952.88415527344,0,0,4112314368,0,853250048,0
200,1788377046473,3191,3191,0,0,0,155952.88415527344,0,0,4112314368,0,853250048,0
200,1788377046674,3191,3191,0,0,0,155952.88415527344,0,0,4112314368,0,853250048,0
200,1788377046874,3191,3191,0,0,0,155952.88415527344,0,0,4112314368,0,853250048,0
200,1788377047074,3191,3191,0,0,0,155952.88415527344,0,0,4112314368,0,853250048,0
200,1788377047274,3191,3191,0,0,0,155952.88415527344,0,0,4112314368,0,853250048,0
200,1788377047474,3191,3191,0,0,0,155952.88415527344,0,0,4112314368,0,853250048,0
200,1788377047675,3191,3191,0,0,0,155952.88415527344,0,0,4112314368,0,853250048,0
200,1788377047875,3191,3191,0,0,0,155952.91088867188,0,0,4112314368,0,853250048,0
200,1788377048075,3191,3191,0,0,0,155952.91088867188,0,0,4112314368,0,853250048,0
200,1788377048275,3191,3191,0,0,0,155952.91088867188,0,0,4112314368,0,853250048,0
200,1788377048475,3191,3191,0,4.761904716491699,0,155952.91088867188,0,0,4112314368,0,853250048,0
200,1788377048676,3191,3191,0,0,0,155952.91088867188,0,0,4112314368,0,853250048,0
200,1788377048876,3191,3191,0,0,0,155952.92407226563,0,0,4112314368,0,853250048,0
200,1788377049076,3191,3191,0,0,0,155952.92407226563,0,0,4112314368,0,853250048,0
200,1788377049277,3191,3191,0,0,0,155952.92407226563,0,0,4112314368,0,853250048,0
200,1788377049477,3191,3191,0,0,0,155952.92407226563,0,0,4112314368,0,853250048,0
200,1788377049677,3191,3191,0,0,0,155952.92407226563,0,0,4112314368,0,853250048,0
200,1788377049878,3191,3191,0,0,0,155952.93060302734,0,0,4112314368,0,853250048,0
200,1788377050078,3191,3191,0,0,0,155952.93060302734,0,0,4112314368,0,853250048,0
200,1788377050278,3191,3191,4.761904716491699,4.761904716491699,0,155952.93060302734,0,0,4112314368,0,853250048,0
200,1788377050478,3191,3191,0,0,0,155952.93060302734,0,0,4112314368,0,853250048,0
200,1788377050678,3191,3191,0,0,0,155952.93060302734,0,0,4112314368,0,853250048,0
200,1788377050879,3191,3191,0,0,0,155952.93060302734,0,0,4112314368,0,853250048,0
200,1788377051079,3191,3191,0,0,0,155952.93060302734,0,0,4112314368,0,853250048,0
200,1788377051279,3191,3191,0,0,0,155952.93060302734,0,0,4112314368,0,853250048,0
200,1788377051480,3191,3191,0,0,0,155952.93060302734,0,0,4112314368,0,853250048,0
200,1788377051680,3191,3191,0,0,0,155952.93060302734,0,0,4112314368,0,853250048,0
200,1788377051880,3191,3191,0,0,0,155952.9507446289,0,0,4112314368,0,853250048,0
200,1788377052081,3191,3191,0,0,0,155952.9507446289,0,0,4112314368,0,853250048,0
200,1788377052281,3191,3191,0,0,0,155952.9507446289,0,0,4112314368,0,853250048,0
200,1788377052481,3191,3191,0,0,0,155952.9507446289,0,0,4112314368,0,853250048,0
200,1788377052681,3191,3191,0,0,0,155952.9507446289,0,0,4112314368,0,853250048,0
200,1788377052882,3191,3191,0,0,0,155952.9507446289,0,0,4112314368,0,853250048,0
200,1788377053082,3191,3191,0,0,0,155952.9507446289,0,0,4112314368,0,853250048,0
200,1788377053282,3191,3191,0,0,0,155952.9507446289,0,0,4112314368,0,853250048,0
200,1788377053482,3191,3191,0,0,0,155952.9507446289,0,0,4112314368,0,853250048,0
200,1788377053682,3191,3191,0,0,0,155952.9507446289,0,0,4112314368,0,853250048,0
200,1788377053883,3191,3191,0,0,0,155952.96746826172,0,0,4112314368,0,853250048,0
200,1788377054083,3191,3191,0,0,0,155952.96746826172,0,0,4112314368,0,853250048,0
200,1788377054283,3191,3191,0,0,0,155952.96746826172,0,0,4112314368,0,853250048,0
200,1788377054483,3191,3191,0,0,0,155952.96746826172,0,0,4112314368,0,853250048,0
200,1788377054684,3191,3191,0,0,0,155952.96746826172,0,0,4112314368,0,853250048,0
200,1788377054884,3191,3191,0,0,0,155952.96746826172,0,0,4112314368,0,853250048,0
200,1788377055084,3191,3191,0,0,0,155952.96746826172,0,0,4112314368,0,853250048,0
200,1788377055285,3191,3191,0,0,0,155952.96746826172,0,0,4112314368,0,853250048,0
200,1788377055485,3191,3191,0,0,0,155952.96746826172,0,0,4112314368,0,853250048,0
200,1788377055685,3191,3191,0,0,0,155952.96746826172,0,0,4112314368,0,853250048,0
200,1788377055885,3191,3191,0,0,0,155952.9937133789,0,0,4112314368,0,853250048,0
200,1788377056086,3191,3191,0,0,0,155952.9937133789,0,0,4112314368,0,853250048,0
200,1788377056286,3191,3191,0,0,0,155952.9937133789,0,0,4112314368,0,853250048,0
200,1788377056486,3191,3191,0,0,0,155952.9937133789,0,0,4112314368,0,853250048,0
200,1788377056686,3191,3191,0,0,0,155952.9937133789,0,0,4112314368,0,853250048,0
200,1788377056887,3191,3191,0,0,0,155952.9937133789,0,0,4112314368,0,853250048,0
200,1788377057087,3191,3191,0,0,0,155952.9937133789,0,0,4112314368,0,853250048,0
200,1788377057287,3191,3191,0,4.761904716491699,0,155952.9937133789,0,0,4112314368,0,853250048,0
200,1788377057488,3191,3191,0,0,0,155952.9937133789,0,0,4112314368,0,853250048,0
200,1788377057688,3191,3191,0,0,0,155952.9937133789,0,0,4112314368,0,853250048,0
200,1788377057888,3191,3191,0,0,0,155953.01879882813,0,0,4112314368,0,853250048,0
200,1788377058089,3191,3191,0,0,0,155953.01879882813,0,0,4112314368,0,853250048,0
200,1788377058289,3191,3191,0,0,0,155953.01879882813,0,0,4112314368,0,853250048,0
200,1788377058489,3191,3191,0,0,0,155953.01879882813,0,0,4112314368,0,853250048,0
200,1788377058690,3191,3191,0,0,0,155953.01879882813,0,0,4112314368,0,853250048,0
200,1788377058890,3191,3191,0,0,0,155953.01879882813,0,0,4112314368,0,853250048,0
200,1788377059090,3191,3191,0,0,0,155953.01879882813,0,0,4112314368,0,853250048,0
200,1788377059290,3191,3191,0,0,0,155953.01879882813,0,0,4112314368,0,853250048,0
200,1788377059491,3191,3191,0,0,0,155953.01879882813,0,0,4112314368,0,853250048,0
200,1788377059691,3191,3191,0,0,0,155953.01879882813,0,0,4112314368,0,853250048,0
200,1788377059891,3191,3191,0,0,0,155953.03802490234,0,0,4112314368,0,853250048,0
200,1788377060092,3191,3191,0,0,0,155953.03802490234,0,0,4112314368,0,853250048,0
200,1788377060292,3191,3191,0,0,0,155953.03802490234,0,0,4112314368,0,853250048,0
200,1788377060492,3191,3191,0,0,0,155953.03802490234,0,0,4112314368,0,853250048,0
200,1788377060692,3191,3191,0,0,0,155953.03802490234,0,0,4112314368,0,853250048,0
200,1788377060893,3191,3191,0,0,0,155953.04718017578,0,0,4112314368,0,853250048,0
200,1788377061093,3191,3191,0,0,0,155953.04718017578,0,0,4112314368,0,853250048,0
200,1788377061293,3191,3191,0,0,0,155953.04718017578,0,0,4112314368,0,853250048,0
200,1788377061494,3191,3191,0,0,0,155953.04718017578,0,0,4112314368,0,853250048,0
200,1788377061694,3191,3191,0,0,0,155953.04718017578,0,0,4112314368,0,853250048,0
200,1788377061894,3191,3191,0,0,0,155953.0601196289,0,0,4112314368,0,853250048,0
200,1788377062095,3191,3191,0,0,0,155953.0601196289,0,0,4112314368,0,853250048,0
200,1788377062295,3191,3191,0,0,0,155953.0601196289,0,0,4112314368,0,853250048,0
200,1788377062495,3191,3191,0,0,0,155953.0601196289,0,0,4112314368,0,853250048,0
200,1788377062695,3191,3191,0,4.761904716491699,0,155953.0601196289,0,0,4112314368,0,853250048,0
200,1788377062896,3191,3191,0,0,0,155953.0601196289,0,0,4112314368,0,853250048,0
200,1788377063096,3191,3191,0,0,0,155953.0601196289,0,0,4112314368,0,853250048,0
200,1788377063296,3191,3191,0,0,0,155953.0601196289,0,0,4112314368,0,853250048,0
200,1788377063497,3191,3191,0,0,0,155953.0601196289,0,0,4112314368,0,853250048,0
200,1788377063697,3191,3191,0,0,0,155953.0601196289,0,0,4112314368,0,853250048,0
200,1788377063897,3191,3191,0,0,0,155953.0601196289,0,0,4112314368,0,853250048,0
200,1788377064097,3191,3191,0,0,0,155953.0601196289,0,0,4112314368,0,853250048,0
200,1788377064298,3191,3191,0,0,0,155953.0601196289,0,0,4112314368,0,853250048,0
200,1788377064498,3191,3191,0,0,0,155953.0601196289,0,0,4112314368,0,853250048,0
200,1788377064698,3191,3191,0,0,0,155953.0601196289,0,0,4112314368,0,853250048,0
200,1788377064898,3191,3191,0,0,0,155953.0795288086,0,0,4112314368,0,853250048,0
200,1788377065098,3191,3191,0,0,0,155953.0795288086,0,0,4112314368,0,853250048,0
200,1788377065299,3191,3191,0,0,0,155953.0795288086,0,0,4112314368,0,853250048,0
200,1788377065499,3191,3191,0,0,0,155953.0795288086,0,0,4112314368,0,853250048,0
200,1788377065699,3191,3191,0,0,0,155953.0795288086,0,0,4112314368,0,853250048,0
200,1788377065899,3191,3191,0,0,0,155953.0795288086,0,0,4112314368,0,853250048,0
200,1788377066099,3191,3191,5,0,0,155953.0795288086,0,0,4112314368,0,853250048,0
200,1788377066300,3191,3191,0,0,0,155953.0795288086,0,0,4112314368,0,853250048,0
200,1788377066500,3191,3191,0,0,0,155953.0795288086,0,0,4112314368,0,853250048,0
200,1788377066700,3191,3191,0,0,0,155953.0795288086,0,0,4112314368,0,853250048,0
200,1788377066901,3191,3191,0,0,0,155953.10668945313,0,0,4112314368,0,853250048,0
200,1788377067101,3191,3191,0,0,0,155953.10668945313,0,0,4112314368,0,853250048,0
200,1788377067301,3191,3191,0,0,0,155953.10668945313,0,0,4112314368,0,853250048,0
200,1788377067502,3191,3191,0,0,0,155953.10668945313,0,0,4112314368,0,853250048,0
200,1788377067702,3191,3191,0,0,0,155953.10668945313,0,0,4112314368,0,853250048,0
200,1788377067902,3191,3191,0,0,0,155953.10668945313,0,0,4112314368,0,853250048,0
200,1788377068102,3191,3191,0,0,0,155953.10668945313,0,0,4112314368,0,853250048,0
200,1788377068303,3191,3191,0,0,0,155953.10668945313,0,0,4112314368,0,853250048,0
200,1788377068503,3191,3191,0,0,0,155953.10668945313,0,0,4112314368,0,853250048,0
200,1788377068703,3191,3191,4.761904716491699,0,0,155953.10668945313,0,0,4112314368,0,853250048,0
200,1788377068904,3191,3191,0,0,0,155953.12628173828,0,0,4112314368,0,853250048,0
200,1788377069104,3191,3191,0,0,0,155953.12628173828,0,0,4112314368,0,853250048,0
200,1788377069304,3191,3191,0,0,0,155953.12628173828,0,0,4112314368,0,853250048,0
200,1788377069505,3191,3191,0,0,0,155953.12628173828,0,0,4112314368,0,853250048,0
200,1788377069705,3191,3191,0,0,0,155953.12628173828,0,0,4112314368,0,853250048,0
200,1788377069905,3191,3191,0,0,0,155953.12628173828,0,0,4112314368,0,853250048,0
200,1788377070106,3191,3191,0,0,0,155953.12628173828,0,0,4112314368,0,853250048,0
200,1788377070306,3191,3191,0,0,0,155953.12628173828,0,0,4112314368,0,853250048,0
200,1788377070506,3191,3191,0,0,0,155953.12628173828,0,0,4112314368,0,853250048,0
200,1788377070706,3191,3191,0,0,0,155953.12628173828,0,0,4112314368,0,853250048,0
200,1788377070907,3191,3191,0,0,0,155953.14056396484,0,0,4112314368,0,853250048,0
200,1788377071107,3191,3191,0,0,0,155953.14056396484,0,0,4112314368,0,853250048,0
200,1788377071307,3191,3191,0,0,0,155953.14056396484,0,0,4112314368,0,853250048,0
200,1788377071507,3191,3191,0,0,0,155953.14056396484,0,0,4112314368,0,853250048,0
200,1788377071707,3191,3191,0,0,0,155953.14056396484,0,0,4112314368,0,853250048,0
200,1788377071908,3191,3191,0,0,0,155953.1470336914,0,0,4112314368,0,853250048,0
200,1788377072108,3191,3191,0,0,0,155953.1470336914,0,0,4112314368,0,853250048,0
200,1788377072308,3191,3191,0,0,0,155953.1470336914,0,0,4112314368,0,853250048,0
200,1788377072509,3191,3191,0,0,0,155953.1470336914,0,0,4112314368,0,853250048,0
200,1788377072709,3191,3191,0,0,0,155953.1470336914,0,0,4112314368,0,853250048,0
0,1788377072909,3191,3191,0,0,0,155953.1470336914,0,0,4112314368,0,853250048,0
