Delta,Time,CPU_FREQUENCY_0,CPU_FREQUENCY_1,CPU_USAGE_0,CPU_USAGE_1,DRAM_ENERGY (J),PACKAGE_ENERGY (J),PP0_ENERGY (J),PP1_ENERGY (J),TOTAL_MEMORY,TOTAL_SWAP,USED_MEMORY,USED_SWAP
0,1788378789448,3191,3191,22.72727394104004,22.72727394104004,0,156515.02319335938,0,0,4112314368,0,933539840,0
200,1788378789448,3191,3191,22.72727394104004,22.72727394104004,0,156515.02319335938,0,0,4112314368,0,933539840,0
200,1788378789648,3191,3191,5.263157844543457,18.18181800842285,0,156515.50750732422,0,0,4112314368,0,933564416,0
200,1788378789849,3191,3191,14.285715103149414,10.526315689086914,0,156515.50750732422,0,0,4112314368,0,933564416,0
200,1788378790049,3191,3191,10,5.263157844543457,0,156515.50750732422,0,0,4112314368,0,933564416,0
200,1788378790249,3191,3191,15.000000953674316,10.526315689086914,0,156515.50750732422,0,0,4112314368,0,933564416,0
200,1788378790449,3191,3191,15.000000953674316,14.285715103149414,0,156515.50750732422,0,0,4112314368,0,933564416,0
200,1788378790650,3191,3191,5.263157844543457,10,0,156515.87310791016,0,0,4112314368,0,933564416,0
200,1788378790850,3191,3191,18.18181800842285,10.526315689086914,0,156515.87310791016,0,0,4112314368,0,933564416,0
200,1788378791050,3191,3191,5.263157844543457,17.39130401611328,0,156515.87310791016,0,0,4112314368,0,933564416,0
200,1788378791250,3191,3191,15.000000953674316,20,0,156515.87310791016,0,0,4112314368,0,933564416,0
200,1788378791450,3191,3191,14.285715103149414,10,0,156515.87310791016,0,0,4112314368,0,933564416,0
200,1788378791651,3191,3191,15.000000953674316,14.285715103149414,0,156516.2162475586,0,0,4112314368,0,933564416,0
200,1788378791851,3191,3191,10,5.263157844543457,0,156516.2162475586,0,0,4112314368,0,933564416,0
200,1788378792051,3191,3191,18.18181800842285,15.000000953674316,0,156516.2162475586,0,0,4112314368,0,933564416,0
200,1788378792252,3191,3191,19.047618865966797,5.263157844543457,0,156516.2162475586,0,0,4112314368,0,933564416,0
200,1788378792452,3191,3191,10,9.523809432983398,0,156516.2162475586,0,0,4112314368,0,933564416,0
200,1788378792652,3191,3191,10,5.263157844543457,0,156516.59674072266,0,0,4112314368,0,933564416,0
200,1788378792852,3191,3191,19.047618865966797,19.047618865966797,0,156516.59674072266,0,0,4112314368,0,933564416,0
200,1788378793052,3191,3191,15.000000953674316,5.555555820465088,0,156516.59674072266,0,0,4112314368,0,933564416,0
200,1788378793252,3191,3191,14.285715103149414,9.523809432983398,0,156516.59674072266,0,0,4112314368,0,933564416,0
200,1788378793452,3191,3191,10,19.047618865966797,0,156516.59674072266,0,0,4112314368,0,933564416,0
200,1788378793653,3191,3191,14.285715103149414,5.263157844543457,0,156516.98211669922,0,0,4112314368,0,933564416,0
200,1788378793853,3191,3191,9.523809432983398,14.285715103149414,0,156516.98211669922,0,0,4112314368,0,933564416,0
200,1788378794053,3191,3191,10.526315689086914,18.18181800842285,0,156516.98211669922,0,0,4112314368,0,933564416,0
200,1788378794253,3191,3191,19.047618865966797,10.526315689086914,0,156516.98211669922,0,0,4112314368,0,933564416,0
200,1788378794453,3191,3191,5.263157844543457,14.285715103149414,0,156516.98211669922,0,0,4112314368,0,933564416,0
200,1788378794653,3191,3191,14.285715103149414,10.526315689086914,0,156517.3881225586,0,0,4112314368,0,933564416,0
200,1788378794853,3191,3191,22.72727394104004,19.047618865966797,0,156517.3881225586,0,0,4112314368,0,933564416,0
200,1788378795054,3191,3191,10,10,0,156517.3881225586,0,0,4112314368,0,933564416,0
200,1788378795254,3191,3191,26.086956024169922,15.000000953674316,0,156517.3881225586,0,0,4112314368,0,933564416,0
200,1788378795454,3191,3191,19.047618865966797,5.555555820465088,0,156517.3881225586,0,0,4112314368,0,933564416,0
200,1788378795654,3191,3191,10.526315689086914,10,0,156517.80682373047,0,0,4112314368,0,933564416,0
200,1788378795854,3191,3191,14.285715103149414,10,0,156517.80682373047,0,0,4112314368,0,933564416,0
200,1788378796054,3191,3191,10,10.526315689086914,0,156517.80682373047,0,0,4112314368,0,933564416,0
200,1788378796254,3191,3191,15.000000953674316,5.263157844543457,0,156517.80682373047,0,0,4112314368,0,933564416,0
200,1788378796455,3191,3191,5,18.18181800842285,0,156517.80682373047,0,0,4112314368,0,933564416,0
200,1788378796655,3191,3191,27.272727966308594,19.047618865966797,0,156518.45697021484,0,0,4112314368,0,933564416,0
200,1788378796855,3191,3191,5.263157844543457,15.000000953674316,0,156518.45697021484,0,0,4112314368,0,933564416,0
200,1788378797055,3191,3191,10,5.263157844543457,0,156518.45697021484,0,0,4112314368,0,933564416,0
200,1788378797255,3191,3191,19.047618865966797,15.000000953674316,0,156518.45697021484,0,0,4112314368,0,933564416,0
200,1788378797455,3191,3191,14.285715103149414,10.526315689086914,0,156518.45697021484,0,0,4112314368,0,933564416,0
200,1788378797656,3191,3191,10,5.263157844543457,0,156518.8921508789,0,0,4112314368,0,933564416,0
200,1788378797856,3191,3191,18.18181800842285,19.047618865966797,0,156518.8921508789,0,0,4112314368,0,933564416,0
200,1788378798056,3191,3191,10.526315689086914,27.272727966308594,0,156518.8921508789,0,0,4112314368,0,933564416,0
200,1788378798256,3191,3191,5,5,0,156518.8921508789,0,0,4112314368,0,933564416,0
200,1788378798456,3191,3191,10,15.000000953674316,0,156518.8921508789,0,0,4112314368,0,933564416,0
200,1788378798656,3191,3191,15.000000953674316,5.263157844543457,0,156519.26025390625,0,0,4112314368,0,933564416,0
200,1788378798856,3191,3191,14.285715103149414,10,0,156519.26025390625,0,0,4112314368,0,933564416,0
200,1788378799057,3191,3191,14.285715103149414,10.526315689086914,0,156519.26025390625,0,0,4112314368,0,933564416,0
200,1788378799257,3191,3191,18.18181800842285,10,0,156519.26025390625,0,0,4112314368,0,933564416,0
200,1788378799457,3191,3191,15.000000953674316,9.523809432983398,0,156519.26025390625,0,0,4112314368,0,933564416,0
200,1788378799657,3191,3191,10,19.047618865966797,0,156519.6234741211,0,0,4112314368,0,933564416,0
200,1788378799857,3191,3191,5.263157844543457,10,0,156519.6234741211,0,0,4112314368,0,933564416,0
200,1788378800058,3191,3191,10.526315689086914,10.526315689086914,0,156519.6234741211,0,0,4112314368,0,933564416,0
200,1788378800258,3191,3191,10,10,0,156519.6234741211,0,0,4112314368,0,933564416,0
200,1788378800458,3191,3191,22.72727394104004,5.263157844543457,0,156519.6234741211,0,0,4112314368,0,933564416,0
200,1788378800658,3191,3191,4.761904716491699,14.285715103149414,0,156519.9776611328,0,0,4112314368,0,933564416,0
200,1788378800858,3191,3191,19.047618865966797,5.555555820465088,0,156519.9776611328,0,0,4112314368,0,933564416,0
200,1788378801058,3191,3191,5.555555820465088,19.047618865966797,0,156519.9776611328,0,0,4112314368,0,933564416,0
200,1788378801259,3191,3191,9.523809432983398,14.285715103149414,0,156519.9776611328,0,0,4112314368,0,933564416,0
200,1788378801459,3191,3191,20,15.000000953674316,0,156519.9776611328,0,0,4112314368,0,933564416,0
200,1788378801659,3191,3191,14.285715103149414,10.526315689086914,0,156520.3953857422,0,0,4112314368,0,933564416,0
200,1788378801860,3191,3191,14.285715103149414,5,0,156520.3953857422,0,0,4112314368,0,933564416,0
200,1788378802060,3191,3191,15.000000953674316,15.000000953674316,0,156520.3953857422,0,0,4112314368,0,933564416,0
200,1788378802260,3191,3191,10,10.526315689086914,0,156520.3953857422,0,0,4112314368,0,933564416,0
200,1788378802460,3191,3191,10.526315689086914,10,0,156520.3953857422,0,0,4112314368,0,933564416,0
200,1788378802660,3191,3191,18.18181800842285,15.000000953674316,0,156520.74157714844,0,0,4112314368,0,933564416,0
200,1788378802860,3191,3191,14.285715103149414,5.263157844543457,0,156520.74157714844,0,0,4112314368,0,933564416,0
200,1788378803060,3191,3191,5.263157844543457,13.636363983154297,0,156520.74157714844,0,0,4112314368,0,933564416,0
200,1788378803260,3191,3191,14.285715103149414,15.000000953674316,0,156520.74157714844,0,0,4112314368,0,933564416,0
200,1788378803460,3191,3191,15.000000953674316,19.047618865966797,0,156520.74157714844,0,0,4112314368,0,933564416,0
200,1788378803660,3191,3191,15.000000953674316,14.285715103149414,0,156521.14581298828,0,0,4112314368,0,933564416,0
200,1788378803861,3191,3191,15.000000953674316,20,0,156521.14581298828,0,0,4112314368,0,933564416,0
200,1788378804061,3191,3191,9.523809432983398,5,0,156521.14581298828,0,0,4112314368,0,933564416,0
200,1788378804261,3191,3191,15.789472579956055,22.72727394104004,0,156521.14581298828,0,0,4112314368,0,933564416,0
200,1788378804461,3191,3191,18.18181800842285,5.555555820465088,0,156521.14581298828,0,0,4112314368,0,933564416,0
200,1788378804661,3191,3191,10,14.285715103149414,0,156521.65252685547,0,0,4112314368,0,933564416,0
200,1788378804861,3191,3191,10,9.523809432983398,0,156521.65252685547,0,0,4112314368,0,933564416,0
200,1788378805061,3191,3191,10,19.047618865966797,0,156521.65252685547,0,0,4112314368,0,933564416,0
200,1788378805262,3191,3191,5.555555820465088,10.526315689086914,0,156521.65252685547,0,0,4112314368,0,933564416,0
200,1788378805462,3191,3191,10,14.285715103149414,0,156521.65252685547,0,0,4112314368,0,933564416,0
200,1788378805662,3191,3191,19.047618865966797,15.000000953674316,0,156522.0982055664,0,0,4112314368,0,933564416,0
200,1788378805862,3191,3191,5.263157844543457,14.285715103149414,0,156522.0982055664,0,0,4112314368,0,933564416,0
200,1788378806062,3191,3191,14.285715103149414,5.263157844543457,0,156522.0982055664,0,0,4112314368,0,933564416,0
200,1788378806262,3191,3191,14.285715103149414,22.72727394104004,0,156522.0982055664,0,0,4112314368,0,933564416,0
200,1788378806462,3191,3191,10,22.72727394104004,0,156522.0982055664,0,0,4112314368,0,933564416,0
200,1788378806663,3191,3191,5.263157844543457,5.263157844543457,0,156522.71411132813,0,0,4112314368,0,933564416,0
200,1788378806863,3191,3191,14.285715103149414,10,0,156522.71411132813,0,0,4112314368,0,933564416,0
200,1788378807063,3191,3191,15.000000953674316,19.047618865966797,0,156522.71411132813,0,0,4112314368,0,933564416,0
200,1788378807263,3191,3191,9.523809432983398,5.263157844543457,0,156522.71411132813,0,0,4112314368,0,933564416,0
200,1788378807463,3191,3191,18.18181800842285,13.636363983154297,0,156522.71411132813,0,0,4112314368,0,933564416,0
200,1788378807663,3191,3191,10.526315689086914,19.047618865966797,0,156523.01824951172,0,0,4112314368,0,933564416,0
200,1788378807864,3191,3191,14.285715103149414,19.047618865966797,0,156523.01824951172,0,0,4112314368,0,933564416,0
200,1788378808064,3191,3191,9.523809432983398,15.000000953674316,0,156523.01824951172,0,0,4112314368,0,933564416,0
200,1788378808264,3191,3191,10.526315689086914,18.18181800842285,0,156523.01824951172,0,0,4112314368,0,933564416,0
200,1788378808464,3191,3191,15.000000953674316,15.000000953674316,0,156523.01824951172,0,0,4112314368,0,933564416,0
200,1788378808664,3191,3191,13.636363983154297,10,0,156523.45782470703,0,0,4112314368,0,933564416,0
200,1788378808864,3191,3191,15.789472579956055,15.000000953674316,0,156523.45782470703,0,0,4112314368,0,933564416,0
200,1788378809064,3191,3191,18.18181800842285,15.000000953674316,0,156523.45782470703,0,0,4112314368,0,933564416,0
200,1788378809265,3191,3191,5,5,0,156523.45782470703,0,0,4112314368,0,933564416,0
200,1788378809465,3191,3191,15.789472579956055,19.047618865966797,0,156523.45782470703,0,0,4112314368,0,933564416,0
200,1788378809665,3191,3191,10,14.285715103149414,0,156523.83306884766,0,0,4112314368,0,933564416,0
200,1788378809865,3191,3191,0,10,0,156523.83306884766,0,0,4112314368,0,933564416,0
200,1788378810065,3191,3191,18.18181800842285,14.285715103149414,0,156523.83306884766,0,0,4112314368,0,933564416,0
200,1788378810266,3191,3191,15.000000953674316,11.111111640930176,0,156523.83306884766,0,0,4112314368,0,933564416,0
200,1788378810466,3191,3191,10,10,0,156523.83306884766,0,0,4112314368,0,933564416,0
200,1788378810666,3191,3191,18.18181800842285,14.285715103149414,0,156524.20428466797,0,0,4112314368,0,933564416,0
200,1788378810866,3191,3191,15.000000953674316,20,0,156524.20428466797,0,0,4112314368,0,933564416,0
200,1788378811066,3191,3191,14.285715103149414,10.526315689086914,0,156524.20428466797,0,0,4112314368,0,933564416,0
200,1788378811266,3191,3191,10,10,0,156524.20428466797,0,0,4112314368,0,933564416,0
200,1788378811467,3191,3191,18.18181800842285,10.526315689086914,0,156524.20428466797,0,0,4112314368,0,933564416,0
200,1788378811667,3191,3191,14.285715103149414,10,0,156524.63482666016,0,0,4112314368,0,933564416,0
200,1788378811867,3191,3191,5.263157844543457,10,0,156524.63482666016,0,0,4112314368,0,933564416,0
200,1788378812067,3191,3191,20,27.272727966308594,0,156524.63482666016,0,0,4112314368,0,933564416,0
200,1788378812268,3191,3191,9.523809432983398,10,0,156524.63482666016,0,0,4112314368,0,933564416,0
200,1788378812468,3191,3191,10,10,0,156524.63482666016,0,0,4112314368,0,933564416,0
199,1788378812668,3191,3191,15.000000953674316,19.047618865966797,0,156524.97192382813,0,0,4112314368,0,933564416,0
200,1788378812868,3191,3191,13.636363983154297,10.526315689086914,0,156524.97192382813,0,0,4112314368,0,933564416,0
200,1788378813068,3191,3191,10,5.263157844543457,0,156524.97192382813,0,0,4112314368,0,933564416,0
200,1788378813268,3191,3191,10.526315689086914,10,0,156524.97192382813,0,0,4112314368,0,933564416,0
200,1788378813469,3191,3191,19.047618865966797,22.72727394104004,0,156524.97192382813,0,0,4112314368,0,933564416,0
200,1788378813669,3191,3191,9.523809432983398,10,0,156525.4901123047,0,0,4112314368,0,933564416,0
200,1788378813869,3191,3191,15.000000953674316,19.047618865966797,0,156525.4901123047,0,0,4112314368,0,933564416,0
200,1788378814069,3191,3191,10.526315689086914,15.000000953674316,0,156525.4901123047,0,0,4112314368,0,933564416,0
200,1788378814269,3191,3191,9.523809432983398,9.523809432983398,0,156525.4901123047,0,0,4112314368,0,933564416,0
200,1788378814469,3191,3191,0,15.000000953674316,0,156525.4901123047,0,0,4112314368,0,933564416,0
200,1788378814669,3191,3191,21.7391300201416,14.285715103149414,0,156525.82904052734,0,0,4112314368,0,933564416,0
200,1788378814869,3191,3191,21.7391300201416,14.285715103149414,0,156525.82904052734,0,0,4112314368,0,933564416,0
200,1788378815070,3191,3191,16.666667938232422,12.820513725280762,0,156525.82904052734,0,0,4112314368,0,933564416,0
200,1788378815270,3191,3191,5,9.523809432983398,0,156525.82904052734,0,0,4112314368,0,933564416,0
200,1788378815470,3191,3191,20,19.047618865966797,0,156525.82904052734,0,0,4112314368,0,933564416,0
200,1788378815670,3191,3191,5,10,0,156526.40496826172,0,0,4112314368,0,933564416,0
200,1788378815870,3191,3191,5.263157844543457,13.636363983154297,0,156526.40496826172,0,0,4112314368,0,933564416,0
200,1788378816070,3191,3191,20,15.789472579956055,0,156526.40496826172,0,0,4112314368,0,933564416,0
200,1788378816271,3191,3191,0,25,0,156526.40496826172,0,0,4112314368,0,933564416,0
200,1788378816471,3191,3191,10.526315689086914,10,0,156526.40496826172,0,0,4112314368,0,933564416,0
200,1788378816671,3191,3191,10,15.000000953674316,0,156526.92645263672,0,0,4112314368,0,933564416,0
200,1788378816871,3191,3191,5.263157844543457,14.285715103149414,0,156526.92645263672,0,0,4112314368,0,933564416,0
200,1788378817071,3191,3191,10,14.285715103149414,0,156526.92645263672,0,0,4112314368,0,933564416,0
200,1788378817271,3191,3191,15.000000953674316,5.555555820465088,0,156526.92645263672,0,0,4112314368,0,933564416,0
200,1788378817471,3191,3191,14.285715103149414,10.526315689086914,0,156526.92645263672,0,0,4112314368,0,933564416,0
200,1788378817671,3191,3191,10.526315689086914,14.285715103149414,0,156527.32470703125,0,0,4112314368,0,933564416,0
200,1788378817872,3191,3191,22.72727394104004,15.000000953674316,0,156527.32470703125,0,0,4112314368,0,933564416,0
200,1788378818072,3191,3191,5.263157844543457,10,0,156527.32470703125,0,0,4112314368,0,933564416,0
199,1788378818272,3191,3191,10,19.047618865966797,0,156527.32470703125,0,0,4112314368,0,933564416,0
200,1788378818472,3191,3191,10,19.047618865966797,0,156527.32470703125,0,0,4112314368,0,933564416,0
200,1788378818673,3191,3191,16.279069900512695,10,0,156527.7530517578,0,0,4112314368,0,933564416,0
200,1788378818873,3191,3191,5.263157844543457,15.000000953674316,0,156527.7530517578,0,0,4112314368,0,933564416,0
200,1788378819073,3191,3191,20,20,0,156527.7530517578,0,0,4112314368,0,933564416,0
200,1788378819273,3191,3191,13.636363983154297,14.285715103149414,0,156527.7530517578,0,0,4112314368,0,933564416,0
200,1788378819473,3191,3191,5.263157844543457,10,0,156527.7530517578,0,0,4112314368,0,933564416,0
200,1788378819673,3191,3191,10,19.047618865966797,0,156528.09637451172,0,0,4112314368,0,933564416,0
200,1788378819874,3191,3191,14.285715103149414,14.285715103149414,0,156528.09637451172,0,0,4112314368,0,933564416,0
200,1788378820074,3191,3191,10,5.263157844543457,0,156528.09637451172,0,0,4112314368,0,933564416,0
200,1788378820274,3191,3191,19.047618865966797,14.285715103149414,0,156528.09637451172,0,0,4112314368,0,933564416,0
200,1788378820474,3191,3191,10,5.263157844543457,0,156528.09637451172,0,0,4112314368,0,933564416,0
200,1788378820674,3191,3191,19.047618865966797,22.72727394104004,0,156528.4532470703,0,0,4112314368,0,933564416,0
200,1788378820875,3191,3191,10,10.526315689086914,0,156528.4532470703,0,0,4112314368,0,933564416,0
200,1788378821075,3191,3191,15.000000953674316,18.18181800842285,0,156528.4532470703,0,0,4112314368,0,933564416,0
200,1788378821275,3191,3191,9.523809432983398,5.263157844543457,0,156528.4532470703,0,0,4112314368,0,933564416,0
200,1788378821476,3191,3191,14.285715103149414,10,0,156528.4532470703,0,0,4112314368,0,933564416,0
200,1788378821676,3191,3191,15.000000953674316,29.16666603088379,0,156528.8207397461,0,0,4112314368,0,933564416,0
200,1788378821876,3191,3191,14.285715103149414,14.285715103149414,0,156528.8207397461,0,0,4112314368,0,933564416,0
200,1788378822076,3191,3191,9.523809432983398,5.263157844543457,0,156528.8207397461,0,0,4112314368,0,933564416,0
200,1788378822276,3191,3191,11.111111640930176,10.526315689086914,0,156528.8207397461,0,0,4112314368,0,933564416,0
200,1788378822477,3191,3191,21.7391300201416,15.000000953674316,0,156528.8207397461,0,0,4112314368,0,933564416,0
200,1788378822677,3191,3191,0,14.285715103149414,0,156529.27252197266,0,0,4112314368,0,933564416,0
200,1788378822877,3191,3191,22.72727394104004,14.285715103149414,0,156529.27252197266,0,0,4112314368,0,933564416,0
200,1788378823077,3191,3191,10,5.555555820465088,0,156529.27252197266,0,0,4112314368,0,933564416,0
200,1788378823277,3191,3191,10,14.285715103149414,0,156529.27252197266,0,0,4112314368,0,933564416,0
200,1788378823477,3191,3191,10,5.263157844543457,0,156529.27252197266,0,0,4112314368,0,933564416,0
200,1788378823678,3191,3191,10.526315689086914,22.72727394104004,0,156529.6466064453,0,0,4112314368,0,933564416,0
200,1788378823878,3191,3191,15.000000953674316,22.72727394104004,0,156529.6466064453,0,0,4112314368,0,933564416,0
200,1788378824078,3191,3191,0,5.263157844543457,0,156529.6466064453,0,0,4112314368,0,933564416,0
200,1788378824278,3191,3191,19.047618865966797,14.285715103149414,0,156529.6466064453,0,0,4112314368,0,933564416,0
200,1788378824478,3191,3191,19.047618865966797,14.285715103149414,0,156529.6466064453,0,0,4112314368,0,933564416,0
200,1788378824679,3191,3191,10,10,0,156530.04638671875,0,0,4112314368,0,933564416,0
200,1788378824879,3191,3191,10.526315689086914,18.18181800842285,0,156530.04638671875,0,0,4112314368,0,933564416,0
200,1788378825079,3191,3191,19.047618865966797,19.047618865966797,0,156530.04638671875,0,0,4112314368,0,933564416,0
200,1788378825280,3191,3191,10,5.555555820465088,0,156530.04638671875,0,0,4112314368,0,933564416,0
200,1788378825480,3191,3191,15.000000953674316,15.000000953674316,0,156530.04638671875,0,0,4112314368,0,933564416,0
200,1788378825680,3191,3191,14.285715103149414,14.285715103149414,0,156530.44903564453,0,0,4112314368,0,933564416,0
200,1788378825880,3191,3191,5,9.523809432983398,0,156530.44903564453,0,0,4112314368,0,933564416,0
200,1788378826080,3191,3191,21.052631378173828,15.789472579956055,0,156530.44903564453,0,0,4112314368,0,933564416,0
200,1788378826281,3191,3191,14.285715103149414,10.526315689086914,0,156530.44903564453,0,0,4112314368,0,933564416,0
200,1788378826481,3191,3191,5.263157844543457,21.7391300201416,0,156530.44903564453,0,0,4112314368,0,933564416,0
200,1788378826681,3191,3191,15.000000953674316,10.526315689086914,0,156531.17864990234,0,0,4112314368,0,933564416,0
200,1788378826881,3191,3191,5,5,0,156531.17864990234,0,0,4112314368,0,933564416,0
200,1788378827081,3191,3191,10.526315689086914,19.047618865966797,0,156531.17864990234,0,0,4112314368,0,933564416,0
200,1788378827281,3191,3191,14.285715103149414,15.000000953674316,0,156531.17864990234,0,0,4112314368,0,933564416,0
200,1788378827481,3191,3191,10,9.523809432983398,0,156531.17864990234,0,0,4112314368,0,933564416,0
200,1788378827681,3191,3191,14.285715103149414,10.526315689086914,0,156531.59545898438,0,0,4112314368,0,933564416,0
199,1788378827882,3191,3191,10.526315689086914,22.72727394104004,0,156531.59545898438,0,0,4112314368,0,933564416,0
200,1788378828082,3191,3191,10.526315689086914,22.72727394104004,0,156531.59545898438,0,0,4112314368,0,933564416,0
200,1788378828282,3191,3191,7.692307949066162,12.195121765136719,0,156531.59545898438,0,0,4112314368,0,933564416,0
200,1788378828482,3191,3191,19.047618865966797,10,0,156531.59545898438,0,0,4112314368,0,933564416,0
200,1788378828683,3191,3191,19.047618865966797,14.285715103149414,0,156531.98724365234,0,0,4112314368,0,933564416,0
200,1788378828883,3191,3191,10,18.18181800842285,0,156531.98724365234,0,0,4112314368,0,933564416,0
200,1788378829083,3191,3191,10.526315689086914,10.526315689086914,0,156531.98724365234,0,0,4112314368,0,933564416,0
200,1788378829283,3191,3191,15.000000953674316,15.000000953674316,0,156531.98724365234,0,0,4112314368,0,933564416,0
200,1788378829483,3191,3191,5.263157844543457,13.636363983154297,0,156531.98724365234,0,0,4112314368,0,933564416,0
200,1788378829684,3191,3191,22.72727394104004,5.555555820465088,0,156532.4052734375,0,0,4112314368,0,933564416,0
200,1788378829884,3191,3191,14.285715103149414,19.047618865966797,0,156532.4052734375,0,0,4112314368,0,933564416,0
200,1788378830084,3191,3191,15.000000953674316,5.555555820465088,0,156532.4052734375,0,0,4112314368,0,933564416,0
200,1788378830284,3191,3191,10,10,0,156532.4052734375,0,0,4112314368,0,933564416,0
200,1788378830484,3191,3191,19.047618865966797,19.047618865966797,0,156532.4052734375,0,0,4112314368,0,933564416,0
200,1788378830685,3191,3191,0,17.39130401611328,0,156532.78607177734,0,0,4112314368,0,933564416,0
200,1788378830885,3191,3191,22.72727394104004,19.047618865966797,0,156532.78607177734,0,0,4112314368,0,933564416,0
200,1788378831085,3191,3191,10.526315689086914,15.000000953674316,0,156532.78607177734,0,0,4112314368,0,933564416,0
200,1788378831285,3191,3191,18.18181800842285,0,0,156532.78607177734,0,0,4112314368,0,933564416,0
200,1788378831485,3191,3191,10,15.000000953674316,0,156532.78607177734,0,0,4112314368,0,933564416,0
200,1788378831685,3191,3191,10,5,0,156533.12139892578,0,0,4112314368,0,933564416,0
200,1788378831885,3191,3191,25,28.571430206298828,0,156533.12139892578,0,0,4112314368,0,933564416,0
200,1788378832086,3191,3191,14.285715103149414,14.285715103149414,0,156533.12139892578,0,0,4112314368,0,933564416,0
200,1788378832286,3191,3191,5.263157844543457,10,0,156533.12139892578,0,0,4112314368,0,933564416,0
200,1788378832486,3191,3191,15.000000953674316,15.000000953674316,0,156533.12139892578,0,0,4112314368,0,933564416,0
200,1788378832686,3191,3191,10,9.523809432983398,0,156533.58599853516,0,0,4112314368,0,933564416,0
200,1788378832886,3191,3191,10,18.18181800842285,0,156533.58599853516,0,0,4112314368,0,933564416,0
200,1788378833087,3191,3191,14.285715103149414,15.000000953674316,0,156533.58599853516,0,0,4112314368,0,933564416,0
200,1788378833287,3191,3191,9.523809432983398,10,0,156533.58599853516,0,0,4112314368,0,933564416,0
200,1788378833487,3191,3191,5.555555820465088,18.18181800842285,0,156533.58599853516,0,0,4112314368,0,933564416,0
200,1788378833687,3191,3191,10,10.526315689086914,0,156533.9849243164,0,0,4112314368,0,933564416,0
200,1788378833887,3191,3191,10,18.18181800842285,0,156533.9849243164,0,0,4112314368,0,933564416,0
200,1788378834088,3191,3191,10,0,0,156533.9849243164,0,0,4112314368,0,933564416,0
200,1788378834288,3191,3191,19.047618865966797,14.285715103149414,0,156533.9849243164,0,0,4112314368,0,933564416,0
200,1788378834488,3191,3191,19.047618865966797,15.000000953674316,0,156533.9849243164,0,0,4112314368,0,933564416,0
200,1788378834688,3191,3191,0,10,0,156534.3402709961,0,0,4112314368,0,933564416,0
200,1788378834888,3191,3191,15.000000953674316,5.555555820465088,0,156534.3402709961,0,0,4112314368,0,933564416,0
200,1788378835088,3191,3191,9.523809432983398,10,0,156534.3402709961,0,0,4112314368,0,933564416,0
200,1788378835289,3191,3191,5.263157844543457,14.285715103149414,0,156534.3402709961,0,0,4112314368,0,933564416,0
200,1788378835489,3191,3191,10.526315689086914,15.000000953674316,0,156534.3402709961,0,0,4112314368,0,933564416,0
200,1788378835689,3191,3191,14.285715103149414,18.18181800842285,0,156534.69354248047,0,0,4112314368,0,933564416,0
200,1788378835889,3191,3191,18.18181800842285,5.555555820465088,0,156534.69354248047,0,0,4112314368,0,933564416,0
200,1788378836089,3191,3191,15.000000953674316,18.18181800842285,0,156534.69354248047,0,0,4112314368,0,933564416,0
200,1788378836289,3191,3191,10.526315689086914,10.526315689086914,0,156534.69354248047,0,0,4112314368,0,933564416,0
200,1788378836489,3191,3191,10.526315689086914,19.047618865966797,0,156534.69354248047,0,0,4112314368,0,933564416,0
200,1788378836689,3191,3191,5.263157844543457,10,0,156535.4669189453,0,0,4112314368,0,933564416,0
200,1788378836889,3191,3191,19.047618865966797,15.789472579956055,0,156535.4669189453,0,0,4112314368,0,933564416,0
200,1788378837089,3191,3191,17.39130401611328,9.523809432983398,0,156535.4669189453,0,0,4112314368,0,933564416,0
200,1788378837290,3191,3191,15.000000953674316,19.047618865966797,0,156535.4669189453,0,0,4112314368,0,933564416,0
200,1788378837490,3191,3191,10,14.285715103149414,0,156535.4669189453,0,0,4112314368,0,933564416,0
200,1788378837690,3191,3191,15.000000953674316,15.000000953674316,0,156535.87658691406,0,0,4112314368,0,933564416,0
200,1788378837890,3191,3191,5.263157844543457,14.285715103149414,0,156535.87658691406,0,0,4112314368,0,933564416,0
200,1788378838090,3191,3191,21.7391300201416,10.526315689086914,0,156535.87658691406,0,0,4112314368,0,933564416,0
200,1788378838291,3191,3191,11.111111640930176,15.789472579956055,0,156535.87658691406,0,0,4112314368,0,933564416,0
200,1788378838491,3191,3191,9.523809432983398,18.18181800842285,0,156535.87658691406,0,0,4112314368,0,933564416,0
200,1788378838691,3191,3191,22.72727394104004,71.42857360839844,0,156536.33447265625,0,0,4112314368,0,933568512,0
200,1788378838891,3191,3191,18.18181800842285,10.526315689086914,0,156536.33447265625,0,0,4112314368,0,933568512,0
200,1788378839092,3191,3191,15.000000953674316,14.285715103149414,0,156536.33447265625,0,0,4112314368,0,933568512,0
200,1788378839292,3191,3191,15.000000953674316,14.285715103149414,0,156536.33447265625,0,0,4112314368,0,933568512,0
200,1788378839492,3191,3191,5.263157844543457,14.285715103149414,0,156536.33447265625,0,0,4112314368,0,933568512,0
200,1788378839692,3191,3191,10,14.285715103149414,0,156536.94854736328,0,0,4112314368,0,933568512,0
200,1788378839892,3191,3191,14.285715103149414,19.047618865966797,0,156536.94854736328,0,0,4112314368,0,933568512,0
200,1788378840093,3191,3191,10,14.285715103149414,0,156536.94854736328,0,0,4112314368,0,933568512,0
200,1788378840293,3191,3191,15.000000953674316,22.72727394104004,0,156536.94854736328,0,0,4112314368,0,933568512,0
200,1788378840493,3191,3191,5.263157844543457,5.263157844543457,0,156536.94854736328,0,0,4112314368,0,933568512,0
200,1788378840693,3191,3191,5.263157844543457,19.047618865966797,0,156537.30627441406,0,0,4112314368,0,933568512,0
200,1788378840893,3191,3191,10,10,0,156537.30627441406,0,0,4112314368,0,933568512,0
200,1788378841094,3191,3191,18.18181800842285,10.526315689086914,0,156537.30627441406,0,0,4112314368,0,933568512,0
200,1788378841294,3191,3191,5.555555820465088,14.285715103149414,0,156537.30627441406,0,0,4112314368,0,933568512,0
200,1788378841494,3191,3191,14.285715103149414,14.285715103149414,0,156537.30627441406,0,0,4112314368,0,933568512,0
200,1788378841694,3191,3191,5.263157844543457,19.047618865966797,0,156537.6680908203,0,0,4112314368,0,933568512,0
200,1788378841894,3191,3191,10,5.263157844543457,0,156537.6680908203,0,0,4112314368,0,933568512,0
200,1788378842094,3191,3191,10,15.000000953674316,0,156537.6680908203,0,0,4112314368,0,933568512,0
200,1788378842294,3191,3191,10,10,0,156537.6680908203,0,0,4112314368,0,933568512,0
200,1788378842494,3191,3191,19.047618865966797,19.047618865966797,0,156537.6680908203,0,0,4112314368,0,933568512,0
200,1788378842695,3191,3191,10,10,0,156538.0350341797,0,0,4112314368,0,933568512,0
200,1788378842895,3191,3191,5.555555820465088,22.72727394104004,0,156538.0350341797,0,0,4112314368,0,933568512,0
200,1788378843095,3191,3191,10,14.285715103149414,0,156538.0350341797,0,0,4112314368,0,933568512,0
200,1788378843295,3191,3191,14.285715103149414,15.000000953674316,0,156538.0350341797,0,0,4112314368,0,933568512,0
200,1788378843495,3191,3191,19.047618865966797,10,0,156538.0350341797,0,0,4112314368,0,933568512,0
200,1788378843696,3191,3191,19.047618865966797,10.526315689086914,0,156538.48278808594,0,0,4112314368,0,933568512,0
200,1788378843896,3191,3191,14.285715103149414,15.000000953674316,0,156538.48278808594,0,0,4112314368,0,933568512,0
200,1788378844096,3191,3191,10.526315689086914,14.285715103149414,0,156538.48278808594,0,0,4112314368,0,933568512,0
200,1788378844296,3191,3191,10,15.000000953674316,0,156538.48278808594,0,0,4112314368,0,933568512,0
200,1788378844497,3191,3191,9.523809432983398,14.285715103149414,0,156538.48278808594,0,0,4112314368,0,933568512,0
200,1788378844697,3191,3191,14.285715103149414,18.18181800842285,0,156538.91204833984,0,0,4112314368,0,933568512,0
200,1788378844897,3191,3191,5.555555820465088,15.000000953674316,0,156538.91204833984,0,0,4112314368,0,933568512,0
200,1788378845097,3191,3191,14.285715103149414,15.000000953674316,0,156538.91204833984,0,0,4112314368,0,933568512,0
200,1788378845297,3191,3191,10,10,0,156538.91204833984,0,0,4112314368,0,933568512,0
200,1788378845497,3191,3191,26.3157901763916,15.000000953674316,0,156538.91204833984,0,0,4112314368,0,933568512,0
200,1788378845697,3191,3191,19.047618865966797,10.526315689086914,0,156539.3638305664,0,0,4112314368,0,933568512,0
200,1788378845897,3191,3191,9.523809432983398,5,0,156539.3638305664,0,0,4112314368,0,933568512,0
200,1788378846098,3191,3191,15.000000953674316,14.285715103149414,0,156539.3638305664,0,0,4112314368,0,933568512,0
200,1788378846298,3191,3191,23.809524536132813,15.000000953674316,0,156539.3638305664,0,0,4112314368,0,933568512,0
200,1788378846498,3191,3191,5,5,0,156539.3638305664,0,0,4112314368,0,933568512,0
200,1788378846698,3191,3191,5.555555820465088,14.285715103149414,0,156540.0650024414,0,0,4112314368,0,933568512,0
200,1788378846898,3191,3191,15.000000953674316,19.047618865966797,0,156540.0650024414,0,0,4112314368,0,933568512,0
200,1788378847098,3191,3191,18.18181800842285,5.263157844543457,0,156540.0650024414,0,0,4112314368,0,933568512,0
200,1788378847299,3191,3191,15.000000953674316,15.000000953674316,0,156540.0650024414,0,0,4112314368,0,933568512,0
200,1788378847499,3191,3191,19.047618865966797,15.000000953674316,0,156540.0650024414,0,0,4112314368,0,933568512,0
200,1788378847699,3191,3191,10,5,0,156540.46997070313,0,0,4112314368,0,933568512,0
200,1788378847899,3191,3191,14.285715103149414,14.285715103149414,0,156540.46997070313,0,0,4112314368,0,933568512,0
200,1788378848099,3191,3191,20,15.000000953674316,0,156540.46997070313,0,0,4112314368,0,933568512,0
200,1788378848300,3191,3191,13.636363983154297,5.263157844543457,0,156540.46997070313,0,0,4112314368,0,933568512,0
200,1788378848500,3191,3191,5.263157844543457,14.285715103149414,0,156540.46997070313,0,0,4112314368,0,933568512,0
200,1788378848700,3191,3191,15.000000953674316,10,0,156540.82202148438,0,0,4112314368,0,933568512,0
200,1788378848900,3191,3191,10,10.526315689086914,0,156540.82202148438,0,0,4112314368,0,933568512,0
200,1788378849101,3191,3191,14.285715103149414,10,0,156540.82202148438,0,0,4112314368,0,933568512,0
200,1788378849301,3191,3191,18.18181800842285,15.000000953674316,0,156540.82202148438,0,0,4112314368,0,933568512,0
200,1788378849501,3191,3191,19.047618865966797,19.047618865966797,0,156540.82202148438,0,0,4112314368,0,933568512,0
200,1788378849701,3191,3191,19.047618865966797,5.263157844543457,0,156541.30407714844,0,0,4112314368,0,933568512,0
200,1788378849901,3191,3191,10.526315689086914,19.047618865966797,0,156541.30407714844,0,0,4112314368,0,933568512,0
200,1788378850102,3191,3191,15.000000953674316,5.263157844543457,0,156541.30407714844,0,0,4112314368,0,933568512,0
200,1788378850302,3191,3191,10,18.18181800842285,0,156541.30407714844,0,0,4112314368,0,933568512,0
200,1788378850502,3191,3191,15.000000953674316,15.000000953674316,0,156541.30407714844,0,0,4112314368,0,933568512,0
200,1788378850702,3191,3191,15.000000953674316,10.526315689086914,0,156541.71026611328,0,0,4112314368,0,933568512,0
200,1788378850902,3191,3191,5.263157844543457,10,0,156541.71026611328,0,0,4112314368,0,933568512,0
200,1788378851102,3191,3191,14.285715103149414,14.285715103149414,0,156541.71026611328,0,0,4112314368,0,933568512,0
200,1788378851303,3191,3191,14.285715103149414,10,0,156541.71026611328,0,0,4112314368,0,933568512,0
200,1788378851503,3191,3191,15.000000953674316,19.047618865966797,0,156541.71026611328,0,0,4112314368,0,933568512,0
200,1788378851703,3191,3191,14.285715103149414,10,0,156542.08013916016,0,0,4112314368,0,933568512,0
200,1788378851904,3191,3191,15.000000953674316,10.526315689086914,0,156542.08013916016,0,0,4112314368,0,933568512,0
200,1788378852104,3191,3191,14.285715103149414,5.263157844543457,0,156542.08013916016,0,0,4112314368,0,933568512,0
200,1788378852304,3191,3191,10.526315689086914,14.285715103149414,0,156542.08013916016,0,0,4112314368,0,933568512,0
200,1788378852504,3191,3191,14.285715103149414,10,0,156542.08013916016,0,0,4112314368,0,933568512,0
200,1788378852704,3191,3191,19.047618865966797,15.000000953674316,0,156542.43530273438,0,0,4112314368,0,933568512,0
200,1788378852904,3191,3191,10,14.285715103149414,0,156542.43530273438,0,0,4112314368,0,933568512,0
200,1788378853105,3191,3191,10.526315689086914,10,0,156542.43530273438,0,0,4112314368,0,933568512,0
200,1788378853305,3191,3191,10.526315689086914,19.047618865966797,0,156542.43530273438,0,0,4112314368,0,933568512,0
200,1788378853505,3191,3191,10,5,0,156542.43530273438,0,0,4112314368,0,933568512,0
200,1788378853705,3191,3191,5.263157844543457,14.285715103149414,0,156542.88330078125,0,0,4112314368,0,933568512,0
200,1788378853905,3191,3191,14.285715103149414,15.000000953674316,0,156542.88330078125,0,0,4112314368,0,933568512,0
200,1788378854106,3191,3191,14.285715103149414,14.285715103149414,0,156542.88330078125,0,0,4112314368,0,933568512,0
200,1788378854306,3191,3191,15.000000953674316,10.526315689086914,0,156542.88330078125,0,0,4112314368,0,933568512,0
200,1788378854506,3191,3191,14.285715103149414,10.526315689086914,0,156542.88330078125,0,0,4112314368,0,933568512,0
200,1788378854706,3191,3191,10,14.285715103149414,0,156543.2335205078,0,0,4112314368,0,933568512,0
200,1788378854906,3191,3191,9.523809432983398,15.000000953674316,0,156543.2335205078,0,0,4112314368,0,933568512,0
200,1788378855107,3191,3191,5.263157844543457,9.523809432983398,0,156543.2335205078,0,0,4112314368,0,933568512,0
200,1788378855307,3191,3191,14.285715103149414,15.000000953674316,0,156543.2335205078,0,0,4112314368,0,933568512,0
200,1788378855507,3191,3191,15.000000953674316,15.000000953674316,0,156543.2335205078,0,0,4112314368,0,933568512,0
200,1788378855707,3191,3191,5.263157844543457,18.18181800842285,0,156543.74487304688,0,0,4112314368,0,933568512,0
200,1788378855907,3191,3191,10,10.526315689086914,0,156543.74487304688,0,0,4112314368,0,933568512,0
200,1788378856107,3191,3191,15.000000953674316,10,0,156543.74487304688,0,0,4112314368,0,933568512,0
200,1788378856308,3191,3191,14.285715103149414,5.263157844543457,0,156543.74487304688,0,0,4112314368,0,933568512,0
200,1788378856508,3191,3191,15.000000953674316,19.047618865966797,0,156543.74487304688,0,0,4112314368,0,933568512,0
200,1788378856708,3191,3191,14.285715103149414,10,0,156544.29949951172,0,0,4112314368,0,933568512,0
200,1788378856908,3191,3191,10,10.526315689086914,0,156544.29949951172,0,0,4112314368,0,933568512,0
200,1788378857109,3191,3191,10.526315689086914,14.285715103149414,0,156544.29949951172,0,0,4112314368,0,933568512,0
200,1788378857309,3191,3191,10.526315689086914,20,0,156544.29949951172,0,0,4112314368,0,933568512,0
200,1788378857509,3191,3191,5,10,0,156544.29949951172,0,0,4112314368,0,933777408,0
200,1788378857709,3191,3191,19.047618865966797,15.000000953674316,0,156544.68823242188,0,0,4112314368,0,933818368,0
200,1788378857909,3191,3191,5.263157844543457,10,0,156544.68823242188,0,0,4112314368,0,933818368,0
200,1788378858109,3191,3191,15.000000953674316,14.285715103149414,0,156544.68823242188,0,0,4112314368,0,933818368,0
200,1788378858309,3191,3191,10,5.263157844543457,0,156544.68823242188,0,0,4112314368,0,933818368,0
200,1788378858509,3191,3191,14.285715103149414,15.000000953674316,0,156544.68823242188,0,0,4112314368,0,933818368,0
200,1788378858709,3191,3191,14.285715103149414,15.000000953674316,0,156545.04614257813,0,0,4112314368,0,933818368,0
200,1788378858910,3191,3191,9.523809432983398,10,0,156545.04614257813,0,0,4112314368,0,933818368,0
200,1788378859110,3191,3191,15.000000953674316,10.526315689086914,0,156545.04614257813,0,0,4112314368,0,933818368,0
200,1788378859310,3191,3191,5.263157844543457,10,0,156545.04614257813,0,0,4112314368,0,933818368,0
200,1788378859510,3191,3191,10.526315689086914,9.523809432983398,0,156545.04614257813,0,0,4112314368,0,933818368,0
200,1788378859710,3191,3191,10,15.000000953674316,0,156545.4305419922,0,0,4112314368,0,933818368,0
200,1788378859910,3191,3191,14.285715103149414,10,0,156545.4305419922,0,0,4112314368,0,933818368,0
200,1788378860111,3191,3191,5.555555820465088,19.047618865966797,0,156545.4305419922,0,0,4112314368,0,933818368,0
200,1788378860311,3191,3191,5.263157844543457,19.047618865966797,0,156545.4305419922,0,0,4112314368,0,933818368,0
200,1788378860511,3191,3191,5.263157844543457,18.18181800842285,0,156545.4305419922,0,0,4112314368,0,933818368,0
200,1788378860712,3191,3191,14.285715103149414,10.526315689086914,0,156545.81439208984,0,0,4112314368,0,933818368,0
200,1788378860912,3191,3191,14.285715103149414,15.000000953674316,0,156545.81439208984,0,0,4112314368,0,933818368,0
200,1788378861112,3191,3191,15.000000953674316,18.18181800842285,0,156545.81439208984,0,0,4112314368,0,933818368,0
200,1788378861313,3191,3191,5.263157844543457,14.285715103149414,0,156545.81439208984,0,0,4112314368,0,933818368,0
200,1788378861513,3191,3191,10,5.555555820465088,0,156545.81439208984,0,0,4112314368,0,933818368,0
200,1788378861713,3191,3191,22.72727394104004,15.000000953674316,0,156546.20935058594,0,0,4112314368,0,933818368,0
200,1788378861913,3191,3191,5,13.636363983154297,0,156546.20935058594,0,0,4112314368,0,933818368,0
200,1788378862113,3191,3191,10.526315689086914,15.000000953674316,0,156546.20935058594,0,0,4112314368,0,933818368,0
200,1788378862313,3191,3191,14.285715103149414,10.526315689086914,0,156546.20935058594,0,0,4112314368,0,933818368,0
200,1788378862514,3191,3191,10,10,0,156546.20935058594,0,0,4112314368,0,933818368,0
200,1788378862714,3191,3191,5.263157844543457,10,0,156546.5721435547,0,0,4112314368,0,933818368,0
200,1788378862914,3191,3191,19.047618865966797,19.047618865966797,0,156546.5721435547,0,0,4112314368,0,933818368,0
200,1788378863114,3191,3191,10,14.285715103149414,0,156546.5721435547,0,0,4112314368,0,933818368,0
200,1788378863315,3191,3191,10,10.526315689086914,0,156546.5721435547,0,0,4112314368,0,933818368,0
200,1788378863515,3191,3191,14.285715103149414,10,0,156546.5721435547,0,0,4112314368,0,933818368,0
200,1788378863715,3191,3191,15.000000953674316,15.000000953674316,0,156546.978515625,0,0,4112314368,0,933818368,0
200,1788378863915,3191,3191,10,15.000000953674316,0,156546.978515625,0,0,4112314368,0,933818368,0
200,1788378864116,3191,3191,13.636363983154297,10,0,156546.978515625,0,0,4112314368,0,933818368,0
200,1788378864316,3191,3191,15.000000953674316,15.000000953674316,0,156546.978515625,0,0,4112314368,0,933818368,0
200,1788378864516,3191,3191,10,10,0,156546.978515625,0,0,4112314368,0,933818368,0
200,1788378864716,3191,3191,10,19.047618865966797,0,156547.37664794922,0,0,4112314368,0,933818368,0
200,1788378864916,3191,3191,15.000000953674316,20,0,156547.37664794922,0,0,4112314368,0,933818368,0
200,1788378865116,3191,3191,18.18181800842285,14.285715103149414,0,156547.37664794922,0,0,4112314368,0,933818368,0
200,1788378865317,3191,3191,10,9.523809432983398,0,156547.37664794922,0,0,4112314368,0,933818368,0
200,1788378865517,3191,3191,9.523809432983398,15.000000953674316,0,156547.37664794922,0,0,4112314368,0,933818368,0
200,1788378865717,3191,3191,15.000000953674316,20,0,156547.97271728516,0,0,4112314368,0,933818368,0
200,1788378865917,3191,3191,9.523809432983398,10,0,156547.97271728516,0,0,4112314368,0,933818368,0
200,1788378866117,3191,3191,15.789472579956055,15.000000953674316,0,156547.97271728516,0,0,4112314368,0,933818368,0
200,1788378866317,3191,3191,18.18181800842285,10,0,156547.97271728516,0,0,4112314368,0,933818368,0
200,1788378866517,3191,3191,0,10,0,156547.97271728516,0,0,4112314368,0,933818368,0
200,1788378866717,3191,3191,15.000000953674316,14.285715103149414,0,156548.40380859375,0,0,4112314368,0,933818368,0
200,1788378866918,3191,3191,14.285715103149414,13.636363983154297,0,156548.40380859375,0,0,4112314368,0,933818368,0
200,1788378867118,3191,3191,10.526315689086914,19.047618865966797,0,156548.40380859375,0,0,4112314368,0,933818368,0
200,1788378867318,3191,3191,10,18.18181800842285,0,156548.40380859375,0,0,4112314368,0,933818368,0
200,1788378867518,3191,3191,23.809524536132813,10.526315689086914,0,156548.40380859375,0,0,4112314368,0,933818368,0
200,1788378867719,3191,3191,13.636363983154297,10,0,156548.8582763672,0,0,4112314368,0,933818368,0
200,1788378867919,3191,3191,10.526315689086914,15.000000953674316,0,156548.8582763672,0,0,4112314368,0,933818368,0
200,1788378868119,3191,3191,18.18181800842285,14.285715103149414,0,156548.8582763672,0,0,4112314368,0,933818368,0
200,1788378868319,3191,3191,14.285715103149414,5.263157844543457,0,156548.8582763672,0,0,4112314368,0,933818368,0
200,1788378868520,3191,3191,19.047618865966797,10,0,156548.8582763672,0,0,4112314368,0,933818368,0
200,1788378868720,3191,3191,10,10.526315689086914,0,156549.2001953125,0,0,4112314368,0,933818368,0
200,1788378868920,3191,3191,10,10.526315689086914,0,156549.2001953125,0,0,4112314368,0,933818368,0
200,1788378869120,3191,3191,14.634145736694336,16.666667938232422,0,156549.2001953125,0,0,4112314368,0,933818368,0
200,1788378869320,3191,3191,19.047618865966797,15.000000953674316,0,156549.2001953125,0,0,4112314368,0,933818368,0
200,1788378869520,3191,3191,10,5,0,156549.2001953125,0,0,4112314368,0,933818368,0
199,1788378869721,3191,3191,14.285715103149414,15.000000953674316,0,156549.60845947266,0,0,4112314368,0,933818368,0
200,1788378869920,3191,3191,14.285715103149414,15.000000953674316,0,156549.60845947266,0,0,4112314368,0,933818368,0
200,1788378870120,3191,3191,14.634145736694336,12.5,0,156549.60845947266,0,0,4112314368,0,933818368,0
200,1788378870320,3191,3191,22.72727394104004,10,0,156549.60845947266,0,0,4112314368,0,933818368,0
200,1788378870521,3191,3191,10,15.000000953674316,0,156549.60845947266,0,0,4112314368,0,933818368,0
200,1788378870721,3191,3191,15.000000953674316,19.047618865966797,0,156550.0121459961,0,0,4112314368,0,933818368,0
200,1788378870921,3191,3191,10,5.263157844543457,0,156550.0121459961,0,0,4112314368,0,933818368,0
200,1788378871121,3191,3191,10,15.000000953674316,0,156550.0121459961,0,0,4112314368,0,933818368,0
200,1788378871321,3191,3191,10.526315689086914,26.086956024169922,0,156550.0121459961,0,0,4112314368,0,933818368,0
200,1788378871521,3191,3191,10,5.263157844543457,0,156550.0121459961,0,0,4112314368,0,933818368,0
200,1788378871721,3191,3191,10,5.263157844543457,0,156550.3963623047,0,0,4112314368,0,933818368,0
200,1788378871921,3191,3191,14.285715103149414,19.047618865966797,0,156550.3963623047,0,0,4112314368,0,933818368,0
200,1788378872122,3191,3191,5.263157844543457,10,0,156550.3963623047,0,0,4112314368,0,933818368,0
200,1788378872322,3191,3191,5.263157844543457,10,0,156550.3963623047,0,0,4112314368,0,933818368,0
200,1788378872522,3191,3191,18.18181800842285,15.000000953674316,0,156550.3963623047,0,0,4112314368,0,933818368,0
200,1788378872722,3191,3191,10.526315689086914,19.047618865966797,0,156550.8076171875,0,0,4112314368,0,933818368,0
200,1788378872922,3191,3191,10,9.523809432983398,0,156550.8076171875,0,0,4112314368,0,933818368,0
200,1788378873122,3191,3191,14.285715103149414,19.047618865966797,0,156550.8076171875,0,0,4112314368,0,933818368,0
200,1788378873323,3191,3191,15.000000953674316,10.526315689086914,0,156550.8076171875,0,0,4112314368,0,933818368,0
200,1788378873523,3191,3191,14.285715103149414,15.000000953674316,0,156550.8076171875,0,0,4112314368,0,933818368,0
200,1788378873723,3191,3191,15.000000953674316,14.285715103149414,0,156551.27416992188,0,0,4112314368,0,933818368,0
200,1788378873923,3191,3191,10.526315689086914,20,0,156551.27416992188,0,0,4112314368,0,933818368,0
200,1788378874123,3191,3191,14.285715103149414,15.000000953674316,0,156551.27416992188,0,0,4112314368,0,933818368,0
200,1788378874323,3191,3191,10,18.18181800842285,0,156551.27416992188,0,0,4112314368,0,933818368,0
199,1788378874523,3191,3191,15.000000953674316,15.000000953674316,0,156551.27416992188,0,0,4112314368,0,933818368,0
200,1788378874723,3191,3191,9.523809432983398,15.000000953674316,0,156551.7162475586,0,0,4112314368,0,933818368,0
200,1788378874924,3191,3191,10.526315689086914,10,0,156551.7162475586,0,0,4112314368,0,933818368,0
200,1788378875124,3191,3191,10,18.18181800842285,0,156551.7162475586,0,0,4112314368,0,933818368,0
200,1788378875324,3191,3191,10,10.526315689086914,0,156551.7162475586,0,0,4112314368,0,933818368,0
200,1788378875524,3191,3191,14.285715103149414,22.72727394104004,0,156551.7162475586,0,0,4112314368,0,933818368,0
200,1788378875724,3191,3191,5.263157844543457,10,0,156552.0946044922,0,0,4112314368,0,933818368,0
200,1788378875924,3191,3191,14.285715103149414,15.000000953674316,0,156552.0946044922,0,0,4112314368,0,933818368,0
200,1788378876125,3191,3191,14.285715103149414,14.285715103149414,0,156552.0946044922,0,0,4112314368,0,933818368,0
200,1788378876325,3191,3191,10,5.555555820465088,0,156552.0946044922,0,0,4112314368,0,933818368,0
200,1788378876525,3191,3191,10,14.285715103149414,0,156552.0946044922,0,0,4112314368,0,933818368,0
200,1788378876725,3191,3191,15.000000953674316,10.526315689086914,0,156552.7548828125,0,0,4112314368,0,933818368,0
200,1788378876925,3191,3191,14.285715103149414,40.90909194946289,0,156552.7548828125,0,0,4112314368,0,933818368,0
200,1788378877125,3191,3191,15.000000953674316,42.105262756347656,0,156552.7548828125,0,0,4112314368,0,933818368,0
200,1788378877325,3191,3191,10,10,0,156552.7548828125,0,0,4112314368,0,933818368,0
200,1788378877525,3191,3191,19.047618865966797,10,0,156552.7548828125,0,0,4112314368,0,933818368,0
200,1788378877726,3191,3191,18.18181800842285,19.047618865966797,0,156553.39453125,0,0,4112314368,0,933818368,0
200,1788378877926,3191,3191,10.526315689086914,13.636363983154297,0,156553.39453125,0,0,4112314368,0,933818368,0
200,1788378878126,3191,3191,14.285715103149414,5.555555820465088,0,156553.39453125,0,0,4112314368,0,933818368,0
200,1788378878326,3191,3191,19.047618865966797,15.000000953674316,0,156553.39453125,0,0,4112314368,0,933818368,0
200,1788378878526,3191,3191,10,5.263157844543457,0,156553.39453125,0,0,4112314368,0,933818368,0
200,1788378878727,3191,3191,10,15.000000953674316,0,156553.79638671875,0,0,4112314368,0,933818368,0
200,1788378878927,3191,3191,18.18181800842285,5.263157844543457,0,156553.79638671875,0,0,4112314368,0,933818368,0
200,1788378879127,3191,3191,19.047618865966797,10.526315689086914,0,156553.79638671875,0,0,4112314368,0,933818368,0
200,1788378879328,3191,3191,18.18181800842285,10,0,156553.79638671875,0,0,4112314368,0,933818368,0
200,1788378879528,3191,3191,10,10,0,156553.79638671875,0,0,4112314368,0,933818368,0
200,1788378879728,3191,3191,15.000000953674316,15.000000953674316,0,156554.2081298828,0,0,4112314368,0,933818368,0
200,1788378879928,3191,3191,14.285715103149414,21.7391300201416,0,156554.2081298828,0,0,4112314368,0,933818368,0
200,1788378880128,3191,3191,10,5.263157844543457,0,156554.2081298828,0,0,4112314368,0,933818368,0
200,1788378880329,3191,3191,15.789472579956055,10.526315689086914,0,156554.2081298828,0,0,4112314368,0,933818368,0
200,1788378880529,3191,3191,17.39130401611328,5.263157844543457,0,156554.2081298828,0,0,4112314368,0,933818368,0
200,1788378880729,3191,3191,15.000000953674316,15.000000953674316,0,156554.5545654297,0,0,4112314368,0,933818368,0
200,1788378880929,3191,3191,10.526315689086914,22.72727394104004,0,156554.5545654297,0,0,4112314368,0,933818368,0
200,1788378881129,3191,3191,10,5.263157844543457,0,156554.5545654297,0,0,4112314368,0,933818368,0
200,1788378881329,3191,3191,5,13.636363983154297,0,156554.5545654297,0,0,4112314368,0,933818368,0
200,1788378881529,3191,3191,23.809524536132813,20,0,156554.5545654297,0,0,4112314368,0,933818368,0
200,1788378881730,3191,3191,5.263157844543457,13.636363983154297,0,156554.97619628906,0,0,4112314368,0,933818368,0
200,1788378881930,3191,3191,14.285715103149414,5.263157844543457,0,156554.97619628906,0,0,4112314368,0,933818368,0
200,1788378882130,3191,3191,19.047618865966797,15.000000953674316,0,156554.97619628906,0,0,4112314368,0,933818368,0
200,1788378882331,3191,3191,5.263157844543457,14.285715103149414,0,156554.97619628906,0,0,4112314368,0,933818368,0
200,1788378882531,3191,3191,10.526315689086914,5.263157844543457,0,156554.97619628906,0,0,4112314368,0,933818368,0
200,1788378882731,3191,3191,10.526315689086914,20,0,156555.32153320313,0,0,4112314368,0,933818368,0
200,1788378882931,3191,3191,10,9.523809432983398,0,156555.32153320313,0,0,4112314368,0,933818368,0
200,1788378883132,3191,3191,10,5,0,156555.32153320313,0,0,4112314368,0,933818368,0
200,1788378883332,3191,3191,15.000000953674316,23.809524536132813,0,156555.32153320313,0,0,4112314368,0,933818368,0
200,1788378883532,3191,3191,19.047618865966797,10,0,156555.32153320313,0,0,4112314368,0,933818368,0
200,1788378883732,3191,3191,9.090909004211426,5,0,156555.73693847656,0,0,4112314368,0,933818368,0
200,1788378883932,3191,3191,5.263157844543457,22.72727394104004,0,156555.73693847656,0,0,4112314368,0,933818368,0
200,1788378884133,3191,3191,19.047618865966797,14.285715103149414,0,156555.73693847656,0,0,4112314368,0,933818368,0
200,1788378884333,3191,3191,10,14.285715103149414,0,156555.73693847656,0,0,4112314368,0,933818368,0
200,1788378884533,3191,3191,5.555555820465088,10,0,156555.73693847656,0,0,4112314368,0,933818368,0
200,1788378884733,3191,3191,14.285715103149414,20,0,156556.15209960938,0,0,4112314368,0,933818368,0
200,1788378884933,3191,3191,10,14.285715103149414,0,156556.15209960938,0,0,4112314368,0,933818368,0
200,1788378885133,3191,3191,10.526315689086914,18.18181800842285,0,156556.15209960938,0,0,4112314368,0,933818368,0
200,1788378885334,3191,3191,14.285715103149414,5.555555820465088,0,156556.15209960938,0,0,4112314368,0,933818368,0
200,1788378885534,3191,3191,18.18181800842285,10,0,156556.15209960938,0,0,4112314368,0,933818368,0
200,1788378885734,3191,3191,0,10.526315689086914,0,156556.53057861328,0,0,4112314368,0,933818368,0
200,1788378885934,3191,3191,10.526315689086914,18.18181800842285,0,156556.53057861328,0,0,4112314368,0,933818368,0
200,1788378886134,3191,3191,10,14.285715103149414,0,156556.53057861328,0,0,4112314368,0,933818368,0
200,1788378886334,3191,3191,0,22.72727394104004,0,156556.53057861328,0,0,4112314368,0,933818368,0
200,1788378886534,3191,3191,14.285715103149414,5.263157844543457,0,156556.53057861328,0,0,4112314368,0,933818368,0
200,1788378886735,3191,3191,15.000000953674316,15.000000953674316,0,156557.23248291016,0,0,4112314368,0,933818368,0
200,1788378886935,3191,3191,14.285715103149414,14.285715103149414,0,156557.23248291016,0,0,4112314368,0,933818368,0
200,1788378887135,3191,3191,14.285715103149414,5.263157844543457,0,156557.23248291016,0,0,4112314368,0,933818368,0
200,1788378887335,3191,3191,5.555555820465088,19.047618865966797,0,156557.23248291016,0,0,4112314368,0,933818368,0
200,1788378887536,3191,3191,14.285715103149414,10,0,156557.23248291016,0,0,4112314368,0,933818368,0
200,1788378887736,3191,3191,14.285715103149414,15.000000953674316,0,156557.60357666016,0,0,4112314368,0,933818368,0
200,1788378887936,3191,3191,10.526315689086914,14.285715103149414,0,156557.60357666016,0,0,4112314368,0,933818368,0
200,1788378888136,3191,3191,9.523809432983398,15.000000953674316,0,156557.60357666016,0,0,4112314368,0,933818368,0
200,1788378888336,3191,3191,10.526315689086914,18.18181800842285,0,156557.60357666016,0,0,4112314368,0,933818368,0
200,1788378888536,3191,3191,10,15.000000953674316,0,156557.60357666016,0,0,4112314368,0,933818368,0
200,1788378888737,3191,3191,14.285715103149414,10,0,156558.00006103516,0,0,4112314368,0,933818368,0
200,1788378888937,3191,3191,19.047618865966797,10.526315689086914,0,156558.00006103516,0,0,4112314368,0,933818368,0
200,1788378889137,3191,3191,18.18181800842285,10,0,156558.00006103516,0,0,4112314368,0,933818368,0
200,1788378889337,3191,3191,15.000000953674316,15.000000953674316,0,156558.00006103516,0,0,4112314368,0,933818368,0
200,1788378889537,3191,3191,13.636363983154297,14.285715103149414,0,156558.00006103516,0,0,4112314368,0,933818368,0
200,1788378889737,3191,3191,10,14.285715103149414,0,156558.38690185547,0,0,4112314368,0,933818368,0
200,1788378889938,3191,3191,10,15.000000953674316,0,156558.38690185547,0,0,4112314368,0,933818368,0
200,1788378890138,3191,3191,10,14.285715103149414,0,156558.38690185547,0,0,4112314368,0,933818368,0
200,1788378890338,3191,3191,14.285715103149414,14.285715103149414,0,156558.38690185547,0,0,4112314368,0,933818368,0
200,1788378890538,3191,3191,9.523809432983398,5.263157844543457,0,156558.38690185547,0,0,4112314368,0,933818368,0
200,1788378890738,3191,3191,23.809524536132813,19.047618865966797,0,156558.70806884766,0,0,4112314368,0,933818368,0
200,1788378890939,3191,3191,10,15.000000953674316,0,156558.70806884766,0,0,4112314368,0,933818368,0
200,1788378891139,3191,3191,10,14.285715103149414,0,156558.70806884766,0,0,4112314368,0,933818368,0
200,1788378891339,3191,3191,14.285715103149414,21.7391300201416,0,156558.70806884766,0,0,4112314368,0,933818368,0
200,1788378891540,3191,3191,5.263157844543457,10,0,156558.70806884766,0,0,4112314368,0,933818368,0
200,1788378891740,3191,3191,15.000000953674316,10.526315689086914,0,156559.04638671875,0,0,4112314368,0,933818368,0
200,1788378891940,3191,3191,5.263157844543457,10,0,156559.04638671875,0,0,4112314368,0,933818368,0
200,1788378892140,3191,3191,10,5,0,156559.04638671875,0,0,4112314368,0,933818368,0
200,1788378892340,3191,3191,14.285715103149414,15.000000953674316,0,156559.04638671875,0,0,4112314368,0,933818368,0
200,1788378892540,3191,3191,14.285715103149414,5.555555820465088,0,156559.04638671875,0,0,4112314368,0,933818368,0
200,1788378892741,3191,3191,10,18.18181800842285,0,156559.39849853516,0,0,4112314368,0,933818368,0
200,1788378892941,3191,3191,15.000000953674316,0,0,156559.39849853516,0,0,4112314368,0,933818368,0
200,1788378893141,3191,3191,10,10,0,156559.39849853516,0,0,4112314368,0,933818368,0
200,1788378893341,3191,3191,18.18181800842285,5.263157844543457,0,156559.39849853516,0,0,4112314368,0,933818368,0
200,1788378893541,3191,3191,22.72727394104004,19.047618865966797,0,156559.39849853516,0,0,4112314368,0,933818368,0
200,1788378893741,3191,3191,5.263157844543457,10,0,156559.79443359375,0,0,4112314368,0,933818368,0
200,1788378893941,3191,3191,10,14.285715103149414,0,156559.79443359375,0,0,4112314368,0,933818368,0
200,1788378894141,3191,3191,10.526315689086914,22.72727394104004,0,156559.79443359375,0,0,4112314368,0,933818368,0
200,1788378894342,3191,3191,15.000000953674316,10.526315689086914,0,156559.79443359375,0,0,4112314368,0,933818368,0
200,1788378894542,3191,3191,14.285715103149414,10,0,156559.79443359375,0,0,4112314368,0,933818368,0
200,1788378894742,3191,3191,10,14.285715103149414,0,156560.26446533203,0,0,4112314368,0,933818368,0
200,1788378894942,3191,3191,22.72727394104004,5.263157844543457,0,156560.26446533203,0,0,4112314368,0,933818368,0
200,1788378895142,3191,3191,10,10,0,156560.26446533203,0,0,4112314368,0,933818368,0
200,1788378895342,3191,3191,18.18181800842285,10.526315689086914,0,156560.26446533203,0,0,4112314368,0,933818368,0
200,1788378895542,3191,3191,15.000000953674316,10,0,156560.26446533203,0,0,4112314368,0,933818368,0
200,1788378895742,3191,3191,14.285715103149414,18.18181800842285,0,156560.70001220703,0,0,4112314368,0,933818368,0
200,1788378895943,3191,3191,14.285715103149414,14.285715103149414,0,156560.70001220703,0,0,4112314368,0,933818368,0
200,1788378896143,3191,3191,19.047618865966797,15.000000953674316,0,156560.70001220703,0,0,4112314368,0,933818368,0
200,1788378896343,3191,3191,10.526315689086914,15.000000953674316,0,156560.70001220703,0,0,4112314368,0,933818368,0
200,1788378896544,3191,3191,9.523809432983398,14.285715103149414,0,156560.70001220703,0,0,4112314368,0,933818368,0
200,1788378896744,3191,3191,10,5.263157844543457,0,156561.3705444336,0,0,4112314368,0,933818368,0
200,1788378896944,3191,3191,19.047618865966797,19.047618865966797,0,156561.3705444336,0,0,4112314368,0,933818368,0
200,1788378897144,3191,3191,19.047618865966797,5.263157844543457,0,156561.3705444336,0,0,4112314368,0,933818368,0
200,1788378897344,3191,3191,5,5.263157844543457,0,156561.3705444336,0,0,4112314368,0,933818368,0
200,1788378897544,3191,3191,19.047618865966797,22.72727394104004,0,156561.3705444336,0,0,4112314368,0,933818368,0
200,1788378897745,3191,3191,10.526315689086914,14.285715103149414,0,156561.75567626953,0,0,4112314368,0,933818368,0
200,1788378897945,3191,3191,10,10.526315689086914,0,156561.75567626953,0,0,4112314368,0,933818368,0
200,1788378898145,3191,3191,14.285715103149414,10,0,156561.75567626953,0,0,4112314368,0,933818368,0
200,1788378898345,3191,3191,5.263157844543457,14.285715103149414,0,156561.75567626953,0,0,4112314368,0,933818368,0
200,1788378898545,3191,3191,10.526315689086914,10,0,156561.75567626953,0,0,4112314368,0,933818368,0
200,1788378898745,3191,3191,18.18181800842285,10,0,156562.06182861328,0,0,4112314368,0,933818368,0
200,1788378898945,3191,3191,14.285715103149414,14.285715103149414,0,156562.06182861328,0,0,4112314368,0,933818368,0
200,1788378899146,3191,3191,10.526315689086914,19.047618865966797,0,156562.06182861328,0,0,4112314368,0,933818368,0
200,1788378899346,3191,3191,10.526315689086914,15.000000953674316,0,156562.06182861328,0,0,4112314368,0,933818368,0
200,1788378899546,3191,3191,18.18181800842285,18.18181800842285,0,156562.06182861328,0,0,4112314368,0,933818368,0
200,1788378899746,3191,3191,15.000000953674316,14.285715103149414,0,156562.49090576172,0,0,4112314368,0,933818368,0
200,1788378899946,3191,3191,14.285715103149414,5.555555820465088,0,156562.49090576172,0,0,4112314368,0,933818368,0
200,1788378900146,3191,3191,18.18181800842285,9.523809432983398,0,156562.49090576172,0,0,4112314368,0,933818368,0
200,1788378900347,3191,3191,0,14.285715103149414,0,156562.49090576172,0,0,4112314368,0,933818368,0
200,1788378900547,3191,3191,10,5.263157844543457,0,156562.49090576172,0,0,4112314368,0,933818368,0
200,1788378900747,3191,3191,19.047618865966797,19.047618865966797,0,156562.88006591797,0,0,4112314368,0,933818368,0
200,1788378900947,3191,3191,18.18181800842285,10.526315689086914,0,156562.88006591797,0,0,4112314368,0,933818368,0
200,1788378901148,3191,3191,14.285715103149414,5.263157844543457,0,156562.88006591797,0,0,4112314368,0,933818368,0
200,1788378901348,3191,3191,15.000000953674316,18.18181800842285,0,156562.88006591797,0,0,4112314368,0,933818368,0
200,1788378901548,3191,3191,14.285715103149414,0,0,156562.88006591797,0,0,4112314368,0,933818368,0
200,1788378901748,3191,3191,15.000000953674316,19.047618865966797,0,156563.23223876953,0,0,4112314368,0,933818368,0
200,1788378901948,3191,3191,5.263157844543457,18.18181800842285,0,156563.23223876953,0,0,4112314368,0,933818368,0
200,1788378902148,3191,3191,15.000000953674316,10,0,156563.23223876953,0,0,4112314368,0,933818368,0
200,1788378902348,3191,3191,26.086956024169922,15.000000953674316,0,156563.23223876953,0,0,4112314368,0,933818368,0
200,1788378902549,3191,3191,14.285715103149414,10,0,156563.23223876953,0,0,4112314368,0,933818368,0
200,1788378902749,3191,3191,10,5.263157844543457,0,156563.65551757813,0,0,4112314368,0,933818368,0
200,1788378902949,3191,3191,10.526315689086914,22.72727394104004,0,156563.65551757813,0,0,4112314368,0,933818368,0
200,1788378903149,3191,3191,0,14.285715103149414,0,156563.65551757813,0,0,4112314368,0,933818368,0
200,1788378903349,3191,3191,21.7391300201416,15.000000953674316,0,156563.65551757813,0,0,4112314368,0,933818368,0
200,1788378903549,3191,3191,10,5,0,156563.65551757813,0,0,4112314368,0,933818368,0
200,1788378903749,3191,3191,10.526315689086914,15.000000953674316,0,156564.07202148438,0,0,4112314368,0,933818368,0
200,1788378903950,3191,3191,22.72727394104004,21.7391300201416,0,156564.07202148438,0,0,4112314368,0,933818368,0
200,1788378904150,3191,3191,10,15.000000953674316,0,156564.07202148438,0,0,4112314368,0,933818368,0
200,1788378904350,3191,3191,19.047618865966797,14.285715103149414,0,156564.07202148438,0,0,4112314368,0,933818368,0
200,1788378904550,3191,3191,5.263157844543457,10,0,156564.07202148438,0,0,4112314368,0,933818368,0
200,1788378904750,3191,3191,18.18181800842285,5.555555820465088,0,156564.4393310547,0,0,4112314368,0,933818368,0
200,1788378904950,3191,3191,10.526315689086914,18.18181800842285,0,156564.4393310547,0,0,4112314368,0,933818368,0
200,1788378905151,3191,3191,5.263157844543457,5.263157844543457,0,156564.4393310547,0,0,4112314368,0,933818368,0
200,1788378905351,3191,3191,10,15.000000953674316,0,156564.4393310547,0,0,4112314368,0,933818368,0
200,1788378905551,3191,3191,14.285715103149414,14.285715103149414,0,156564.4393310547,0,0,4112314368,0,933818368,0
200,1788378905751,3191,3191,15.000000953674316,10.526315689086914,0,156564.99938964844,0,0,4112314368,0,933818368,0
200,1788378905951,3191,3191,5.263157844543457,5.263157844543457,0,156564.99938964844,0,0,4112314368,0,933818368,0
200,1788378906151,3191,3191,22.72727394104004,10,0,156564.99938964844,0,0,4112314368,0,933818368,0
200,1788378906351,3191,3191,10,19.047618865966797,0,156564.99938964844,0,0,4112314368,0,933818368,0
200,1788378906552,3191,3191,9.523809432983398,5.263157844543457,0,156564.99938964844,0,0,4112314368,0,933818368,0
200,1788378906752,3191,3191,19.047618865966797,19.047618865966797,0,156565.5567626953,0,0,4112314368,0,933818368,0
200,1788378906952,3191,3191,15.000000953674316,10.526315689086914,0,156565.5567626953,0,0,4112314368,0,933818368,0
200,1788378907152,3191,3191,9.523809432983398,10,0,156565.5567626953,0,0,4112314368,0,933818368,0
200,1788378907352,3191,3191,10,15.000000953674316,0,156565.5567626953,0,0,4112314368,0,933818368,0
200,1788378907552,3191,3191,19.047618865966797,13.636363983154297,0,156565.5567626953,0,0,4112314368,0,933818368,0
200,1788378907752,3191,3191,14.285715103149414,10.526315689086914,0,156565.95666503906,0,0,4112314368,0,933818368,0
200,1788378907953,3191,3191,5.263157844543457,10,0,156565.95666503906,0,0,4112314368,0,933818368,0
200,1788378908153,3191,3191,15.000000953674316,15.000000953674316,0,156565.95666503906,0,0,4112314368,0,933818368,0
200,1788378908353,3191,3191,14.285715103149414,18.18181800842285,0,156565.95666503906,0,0,4112314368,0,933818368,0
200,1788378908553,3191,3191,9.523809432983398,10,0,156565.95666503906,0,0,4112314368,0,933818368,0
200,1788378908753,3191,3191,5.555555820465088,19.047618865966797,0,156566.30181884766,0,0,4112314368,0,933818368,0
200,1788378908954,3191,3191,15.000000953674316,15.000000953674316,0,156566.30181884766,0,0,4112314368,0,933818368,0
200,1788378909154,3191,3191,9.523809432983398,18.18181800842285,0,156566.30181884766,0,0,4112314368,0,933818368,0
200,1788378909354,3191,3191,15.000000953674316,10.526315689086914,0,156566.30181884766,0,0,4112314368,0,933818368,0
200,1788378909554,3191,3191,5.555555820465088,22.72727394104004,0,156566.30181884766,0,0,4112314368,0,933818368,0
200,1788378909755,3191,3191,5,5.263157844543457,0,156566.74951171875,0,0,4112314368,0,933818368,0
200,1788378909955,3191,3191,19.047618865966797,20,0,156566.74951171875,0,0,4112314368,0,933818368,0
200,1788378910155,3191,3191,22.72727394104004,10.526315689086914,0,156566.74951171875,0,0,4112314368,0,933818368,0
200,1788378910355,3191,3191,14.285715103149414,18.18181800842285,0,156566.74951171875,0,0,4112314368,0,933818368,0
200,1788378910555,3191,3191,10,10,0,156566.74951171875,0,0,4112314368,0,933818368,0
200,1788378910756,3191,3191,10.526315689086914,15.000000953674316,0,156567.16455078125,0,0,4112314368,0,933818368,0
200,1788378910956,3191,3191,10,14.285715103149414,0,156567.16455078125,0,0,4112314368,0,933818368,0
200,1788378911156,3191,3191,0,5.263157844543457,0,156567.16455078125,0,0,4112314368,0,933818368,0
200,1788378911356,3191,3191,15.789472579956055,19.047618865966797,0,156567.16455078125,0,0,4112314368,0,933818368,0
200,1788378911556,3191,3191,14.285715103149414,15.000000953674316,0,156567.16455078125,0,0,4112314368,0,933818368,0
200,1788378911757,3191,3191,5.263157844543457,14.285715103149414,0,156567.51123046875,0,0,4112314368,0,933818368,0
200,1788378911957,3191,3191,10,10,0,156567.51123046875,0,0,4112314368,0,933818368,0
200,1788378912157,3191,3191,10.526315689086914,22.72727394104004,0,156567.51123046875,0,0,4112314368,0,933818368,0
200,1788378912357,3191,3191,9.523809432983398,10,0,156567.51123046875,0,0,4112314368,0,933818368,0
200,1788378912557,3191,3191,14.285715103149414,19.047618865966797,0,156567.51123046875,0,0,4112314368,0,933818368,0
200,1788378912758,3191,3191,10.526315689086914,15.000000953674316,0,156567.8667602539,0,0,4112314368,0,933818368,0
200,1788378912958,3191,3191,10,10,0,156567.8667602539,0,0,4112314368,0,933818368,0
200,1788378913158,3191,3191,14.285715103149414,14.285715103149414,0,156567.8667602539,0,0,4112314368,0,933818368,0
200,1788378913358,3191,3191,15.000000953674316,20,0,156567.8667602539,0,0,4112314368,0,933818368,0
200,1788378913558,3191,3191,14.285715103149414,5.263157844543457,0,156567.8667602539,0,0,4112314368,0,933818368,0
200,1788378913758,3191,3191,14.285715103149414,10,0,156568.2642211914,0,0,4112314368,0,933818368,0
200,1788378913959,3191,3191,19.047618865966797,18.18181800842285,0,156568.2642211914,0,0,4112314368,0,933818368,0
200,1788378914159,3191,3191,5.263157844543457,5.263157844543457,0,156568.2642211914,0,0,4112314368,0,933818368,0
200,1788378914359,3191,3191,18.18181800842285,22.72727394104004,0,156568.2642211914,0,0,4112314368,0,933818368,0
200,1788378914559,3191,3191,10.526315689086914,15.000000953674316,0,156568.2642211914,0,0,4112314368,0,933818368,0
200,1788378914759,3191,3191,14.285715103149414,5,0,156568.69213867188,0,0,4112314368,0,933818368,0
200,1788378914959,3191,3191,10.526315689086914,19.047618865966797,0,156568.69213867188,0,0,4112314368,0,933818368,0
200,1788378915159,3191,3191,18.18181800842285,10.526315689086914,0,156568.69213867188,0,0,4112314368,0,933818368,0
199,1788378915359,3191,3191,14.285715103149414,14.285715103149414,0,156568.69213867188,0,0,4112314368,0,933818368,0
200,1788378915560,3191,3191,10.526315689086914,15.000000953674316,0,156568.69213867188,0,0,4112314368,0,933818368,0
200,1788378915760,3191,3191,19.047618865966797,15.000000953674316,0,156569.34448242188,0,0,4112314368,0,933818368,0
200,1788378915960,3191,3191,5.263157844543457,10,0,156569.34448242188,0,0,4112314368,0,933818368,0
200,1788378916160,3191,3191,10,14.285715103149414,0,156569.34448242188,0,0,4112314368,0,933818368,0
200,1788378916360,3191,3191,19.047618865966797,5.555555820465088,0,156569.34448242188,0,0,4112314368,0,933818368,0
200,1788378916560,3191,3191,14.285715103149414,14.285715103149414,0,156569.34448242188,0,0,4112314368,0,933818368,0
200,1788378916761,3191,3191,14.285715103149414,14.285715103149414,0,156569.84631347656,0,0,4112314368,0,933818368,0
200,1788378916961,3191,3191,10,20,0,156569.84631347656,0,0,4112314368,0,933818368,0
200,1788378917161,3191,3191,9.523809432983398,9.523809432983398,0,156569.84631347656,0,0,4112314368,0,933818368,0
200,1788378917361,3191,3191,10.526315689086914,22.72727394104004,0,156569.84631347656,0,0,4112314368,0,933818368,0
200,1788378917561,3191,3191,5.263157844543457,10,0,156569.84631347656,0,0,4112314368,0,933818368,0
200,1788378917761,3191,3191,19.047618865966797,22.72727394104004,0,156570.27655029297,0,0,4112314368,0,933818368,0
200,1788378917962,3191,3191,10,0,0,156570.27655029297,0,0,4112314368,0,933818368,0
200,1788378918162,3191,3191,19.047618865966797,20,0,156570.27655029297,0,0,4112314368,0,933818368,0
200,1788378918362,3191,3191,9.523809432983398,14.285715103149414,0,156570.27655029297,0,0,4112314368,0,933818368,0
200,1788378918562,3191,3191,15.000000953674316,10,0,156570.27655029297,0,0,4112314368,0,933818368,0
200,1788378918762,3191,3191,13.636363983154297,10,0,156570.65252685547,0,0,4112314368,0,933818368,0
200,1788378918962,3191,3191,10.526315689086914,23.809524536132813,0,156570.65252685547,0,0,4112314368,0,933818368,0
200,1788378919163,3191,3191,5.263157844543457,5,0,156570.65252685547,0,0,4112314368,0,933818368,0
200,1788378919363,3191,3191,14.285715103149414,15.000000953674316,0,156570.65252685547,0,0,4112314368,0,933818368,0
200,1788378919563,3191,3191,10,14.285715103149414,0,156570.65252685547,0,0,4112314368,0,933818368,0
200,1788378919763,3191,3191,15.000000953674316,11.111111640930176,0,156571.0317993164,0,0,4112314368,0,933818368,0
200,1788378919964,3191,3191,10,9.523809432983398,0,156571.0317993164,0,0,4112314368,0,933818368,0
200,1788378920164,3191,3191,10,19.047618865966797,0,156571.0317993164,0,0,4112314368,0,933818368,0
200,1788378920364,3191,3191,15.000000953674316,15.000000953674316,0,156571.0317993164,0,0,4112314368,0,933818368,0
200,1788378920564,3191,3191,10,14.285715103149414,0,156571.0317993164,0,0,4112314368,0,933818368,0
200,1788378920764,3191,3191,10,10.526315689086914,0,156571.4194946289,0,0,4112314368,0,933818368,0
200,1788378920964,3191,3191,15.000000953674316,14.285715103149414,0,156571.4194946289,0,0,4112314368,0,933818368,0
200,1788378921164,3191,3191,14.285715103149414,10,0,156571.4194946289,0,0,4112314368,0,933818368,0
200,1788378921365,3191,3191,19.047618865966797,18.18181800842285,0,156571.4194946289,0,0,4112314368,0,933818368,0
200,1788378921565,3191,3191,14.285715103149414,10.526315689086914,0,156571.4194946289,0,0,4112314368,0,933818368,0
200,1788378921765,3191,3191,5.263157844543457,14.285715103149414,0,156571.8189086914,0,0,4112314368,0,933818368,0
200,1788378921965,3191,3191,15.000000953674316,5.263157844543457,0,156571.8189086914,0,0,4112314368,0,933818368,0
200,1788378922165,3191,3191,20,19.047618865966797,0,156571.8189086914,0,0,4112314368,0,933818368,0
200,1788378922365,3191,3191,5,10,0,156571.8189086914,0,0,4112314368,0,933818368,0
200,1788378922565,3191,3191,15.000000953674316,10,0,156571.8189086914,0,0,4112314368,0,933818368,0
200,1788378922765,3191,3191,19.047618865966797,15.000000953674316,0,156572.21099853516,0,0,4112314368,0,933818368,0
200,1788378922966,3191,3191,14.285715103149414,14.285715103149414,0,156572.21099853516,0,0,4112314368,0,933818368,0
200,1788378923166,3191,3191,10,10,0,156572.21099853516,0,0,4112314368,0,933818368,0
200,1788378923366,3191,3191,19.047618865966797,10.526315689086914,0,156572.21099853516,0,0,4112314368,0,933818368,0
200,1788378923566,3191,3191,15.000000953674316,10,0,156572.21099853516,0,0,4112314368,0,933818368,0
200,1788378923766,3191,3191,5.263157844543457,14.285715103149414,0,156572.62420654297,0,0,4112314368,0,933818368,0
200,1788378923966,3191,3191,10,10,0,156572.62420654297,0,0,4112314368,0,933818368,0
200,1788378924166,3191,3191,10.526315689086914,18.18181800842285,0,156572.62420654297,0,0,4112314368,0,933818368,0
200,1788378924366,3191,3191,10,14.285715103149414,0,156572.62420654297,0,0,4112314368,0,933818368,0
200,1788378924567,3191,3191,10,9.523809432983398,0,156572.62420654297,0,0,4112314368,0,933818368,0
200,1788378924767,3191,3191,5,15.000000953674316,0,156572.9898071289,0,0,4112314368,0,933818368,0
200,1788378924967,3191,3191,10.526315689086914,10.526315689086914,0,156572.9898071289,0,0,4112314368,0,933818368,0
200,1788378925167,3191,3191,9.523809432983398,18.18181800842285,0,156572.9898071289,0,0,4112314368,0,933818368,0
200,1788378925367,3191,3191,10.526315689086914,10.526315689086914,0,156572.9898071289,0,0,4112314368,0,933818368,0
200,1788378925567,3191,3191,14.285715103149414,10,0,156572.9898071289,0,0,4112314368,0,933818368,0
200,1788378925767,3191,3191,10,5.263157844543457,0,156573.37658691406,0,0,4112314368,0,933818368,0
200,1788378925967,3191,3191,18.18181800842285,28.571430206298828,0,156573.37658691406,0,0,4112314368,0,933818368,0
200,1788378926168,3191,3191,18.18181800842285,28.571430206298828,0,156573.37658691406,0,0,4112314368,0,933818368,0
200,1788378926368,3191,3191,12.5,14.634145736694336,0,156573.37658691406,0,0,4112314368,0,933818368,0
200,1788378926568,3191,3191,10.526315689086914,10.526315689086914,0,156573.37658691406,0,0,4112314368,0,933818368,0
200,1788378926768,3191,3191,19.047618865966797,22.72727394104004,0,156574.2088623047,0,0,4112314368,0,933818368,0
200,1788378926968,3191,3191,5,0,0,156574.2088623047,0,0,4112314368,0,933818368,0
200,1788378927169,3191,3191,10,20,0,156574.2088623047,0,0,4112314368,0,933818368,0
200,1788378927369,3191,3191,10.526315689086914,10,0,156574.2088623047,0,0,4112314368,0,933818368,0
200,1788378927569,3191,3191,10,10.526315689086914,0,156574.2088623047,0,0,4112314368,0,933818368,0
200,1788378927769,3191,3191,22.72727394104004,14.285715103149414,0,156574.5584716797,0,0,4112314368,0,933818368,0
200,1788378927969,3191,3191,10,10.526315689086914,0,156574.5584716797,0,0,4112314368,0,933818368,0
200,1788378928169,3191,3191,10,10,0,156574.5584716797,0,0,4112314368,0,933818368,0
200,1788378928369,3191,3191,14.285715103149414,14.285715103149414,0,156574.5584716797,0,0,4112314368,0,933818368,0
200,1788378928569,3191,3191,15.000000953674316,19.047618865966797,0,156574.5584716797,0,0,4112314368,0,933810176,0
200,1788378928770,3191,3191,14.285715103149414,5.263157844543457,0,156574.9786376953,0,0,4112314368,0,933810176,0
200,1788378928970,3191,3191,10.526315689086914,14.285715103149414,0,156574.9786376953,0,0,4112314368,0,933810176,0
200,1788378929170,3191,3191,5.263157844543457,10.526315689086914,0,156574.9786376953,0,0,4112314368,0,933810176,0
200,1788378929370,3191,3191,5.263157844543457,10,0,156574.9786376953,0,0,4112314368,0,933810176,0
200,1788378929571,3191,3191,14.285715103149414,18.18181800842285,0,156574.9786376953,0,0,4112314368,0,933810176,0
200,1788378929771,3191,3191,19.047618865966797,19.047618865966797,0,156575.34521484375,0,0,4112314368,0,933810176,0
200,1788378929971,3191,3191,18.18181800842285,10,0,156575.34521484375,0,0,4112314368,0,933810176,0
200,1788378930171,3191,3191,10,10.526315689086914,0,156575.34521484375,0,0,4112314368,0,933810176,0
200,1788378930372,3191,3191,20,15.000000953674316,0,156575.34521484375,0,0,4112314368,0,933810176,0
200,1788378930572,3191,3191,10,14.285715103149414,0,156575.34521484375,0,0,4112314368,0,933810176,0
200,1788378930772,3191,3191,9.523809432983398,10,0,156575.71411132813,0,0,4112314368,0,933810176,0
200,1788378930972,3191,3191,20,10.526315689086914,0,156575.71411132813,0,0,4112314368,0,933810176,0
200,1788378931172,3191,3191,5,13.636363983154297,0,156575.71411132813,0,0,4112314368,0,933810176,0
200,1788378931373,3191,3191,10,10,0,156575.71411132813,0,0,4112314368,0,933810176,0
200,1788378931573,3191,3191,11.111111640930176,22.72727394104004,0,156575.71411132813,0,0,4112314368,0,933810176,0
200,1788378931773,3191,3191,18.18181800842285,10.526315689086914,0,156576.1287841797,0,0,4112314368,0,933810176,0
200,1788378931973,3191,3191,9.523809432983398,10,0,156576.1287841797,0,0,4112314368,0,933810176,0
200,1788378932173,3191,3191,15.000000953674316,10.526315689086914,0,156576.1287841797,0,0,4112314368,0,933810176,0
200,1788378932374,3191,3191,5,14.285715103149414,0,156576.1287841797,0,0,4112314368,0,933810176,0
200,1788378932574,3191,3191,14.285715103149414,5,0,156576.1287841797,0,0,4112314368,0,933810176,0
200,1788378932774,3191,3191,19.047618865966797,22.72727394104004,0,156576.44091796875,0,0,4112314368,0,933810176,0
200,1788378932975,3191,3191,14.285715103149414,10.526315689086914,0,156576.44091796875,0,0,4112314368,0,933810176,0
200,1788378933175,3191,3191,10,5,0,156576.44091796875,0,0,4112314368,0,933810176,0
200,1788378933376,3191,3191,19.047618865966797,19.047618865966797,0,156576.44091796875,0,0,4112314368,0,933810176,0
200,1788378933576,3191,3191,15.000000953674316,14.285715103149414,0,156576.44091796875,0,0,4112314368,0,933810176,0
200,1788378933776,3191,3191,14.285715103149414,5.263157844543457,0,156576.86743164063,0,0,4112314368,0,933810176,0
200,1788378933976,3191,3191,10,14.285715103149414,0,156576.86743164063,0,0,4112314368,0,933810176,0
200,1788378934176,3191,3191,27.272727966308594,15.000000953674316,0,156576.86743164063,0,0,4112314368,0,933810176,0
200,1788378934376,3191,3191,5,10,0,156576.86743164063,0,0,4112314368,0,933810176,0
200,1788378934576,3191,3191,14.285715103149414,10,0,156576.86743164063,0,0,4112314368,0,933810176,0
200,1788378934776,3191,3191,5.555555820465088,22.72727394104004,0,156577.31604003906,0,0,4112314368,0,933810176,0
200,1788378934977,3191,3191,10,10,0,156577.31604003906,0,0,4112314368,0,933810176,0
200,1788378935177,3191,3191,22.72727394104004,10.526315689086914,0,156577.31604003906,0,0,4112314368,0,933810176,0
200,1788378935377,3191,3191,10,14.285715103149414,0,156577.31604003906,0,0,4112314368,0,933810176,0
200,1788378935577,3191,3191,5.263157844543457,15.000000953674316,0,156577.31604003906,0,0,4112314368,0,933810176,0
200,1788378935777,3191,3191,15.000000953674316,10,0,156577.67950439453,0,0,4112314368,0,933810176,0
200,1788378935977,3191,3191,10,14.285715103149414,0,156577.67950439453,0,0,4112314368,0,933810176,0
200,1788378936178,3191,3191,10,14.285715103149414,0,156577.67950439453,0,0,4112314368,0,933810176,0
200,1788378936378,3191,3191,10.526315689086914,15.000000953674316,0,156577.67950439453,0,0,4112314368,0,933810176,0
200,1788378936578,3191,3191,5.263157844543457,14.285715103149414,0,156577.67950439453,0,0,4112314368,0,933810176,0
200,1788378936778,3191,3191,22.72727394104004,10.526315689086914,0,156578.40002441406,0,0,4112314368,0,933810176,0
200,1788378936979,3191,3191,14.285715103149414,19.047618865966797,0,156578.40002441406,0,0,4112314368,0,933810176,0
200,1788378937179,3191,3191,14.285715103149414,10,0,156578.40002441406,0,0,4112314368,0,933810176,0
200,1788378937379,3191,3191,10.526315689086914,10,0,156578.40002441406,0,0,4112314368,0,933810176,0
200,1788378937580,3191,3191,18.18181800842285,14.285715103149414,0,156578.40002441406,0,0,4112314368,0,933810176,0
200,1788378937780,3191,3191,10,15.000000953674316,0,156578.81884765625,0,0,4112314368,0,933810176,0
200,1788378937980,3191,3191,19.047618865966797,10,0,156578.81884765625,0,0,4112314368,0,933810176,0
200,1788378938180,3191,3191,10,14.285715103149414,0,156578.81884765625,0,0,4112314368,0,933810176,0
200,1788378938380,3191,3191,15.000000953674316,10.526315689086914,0,156578.81884765625,0,0,4112314368,0,933810176,0
200,1788378938580,3191,3191,14.285715103149414,10,0,156578.81884765625,0,0,4112314368,0,933810176,0
205,1788378938780,3191,3191,10,14.285715103149414,0,156579.17529296875,0,0,4112314368,0,933810176,0
200,1788378938986,3191,3191,18.18181800842285,13.636363983154297,0,156579.17529296875,0,0,4112314368,0,933810176,0
200,1788378939186,3191,3191,10.526315689086914,5.263157844543457,0,156579.17529296875,0,0,4112314368,0,933810176,0
200,1788378939387,3191,3191,10,15.000000953674316,0,156579.17529296875,0,0,4112314368,0,933810176,0
200,1788378939587,3191,3191,10,5.263157844543457,0,156579.17529296875,0,0,4112314368,0,933810176,0
200,1788378939787,3191,3191,14.285715103149414,19.047618865966797,0,156579.6088256836,0,0,4112314368,0,933810176,0
200,1788378939987,3191,3191,5.555555820465088,18.18181800842285,0,156579.6088256836,0,0,4112314368,0,933810176,0
200,1788378940187,3191,3191,10,10.526315689086914,0,156579.6088256836,0,0,4112314368,0,933810176,0
200,1788378940388,3191,3191,13.636363983154297,19.047618865966797,0,156579.6088256836,0,0,4112314368,0,933810176,0
200,1788378940588,3191,3191,14.285715103149414,10,0,156579.6088256836,0,0,4112314368,0,933810176,0
200,1788378940788,3191,3191,9.523809432983398,10,0,156579.97686767578,0,0,4112314368,0,933810176,0
200,1788378940988,3191,3191,10.526315689086914,10.526315689086914,0,156579.97686767578,0,0,4112314368,0,933810176,0
200,1788378941188,3191,3191,10,14.285715103149414,0,156579.97686767578,0,0,4112314368,0,933810176,0
200,1788378941388,3191,3191,19.047618865966797,14.285715103149414,0,156579.97686767578,0,0,4112314368,0,933810176,0
200,1788378941588,3191,3191,22.72727394104004,15.000000953674316,0,156579.97686767578,0,0,4112314368,0,933810176,0
200,1788378941788,3191,3191,10,14.285715103149414,0,156580.3748779297,0,0,4112314368,0,933810176,0
200,1788378941989,3191,3191,10,10,0,156580.3748779297,0,0,4112314368,0,933810176,0
200,1788378942189,3191,3191,15.000000953674316,10.526315689086914,0,156580.3748779297,0,0,4112314368,0,933810176,0
200,1788378942389,3191,3191,18.18181800842285,5.263157844543457,0,156580.3748779297,0,0,4112314368,0,933810176,0
200,1788378942589,3191,3191,13.636363983154297,10,0,156580.3748779297,0,0,4112314368,0,933810176,0
200,1788378942789,3191,3191,11.111111640930176,15.000000953674316,0,156580.71545410156,0,0,4112314368,0,933810176,0
200,1788378942989,3191,3191,5.263157844543457,5.263157844543457,0,156580.71545410156,0,0,4112314368,0,933810176,0
200,1788378943189,3191,3191,9.523809432983398,10,0,156580.71545410156,0,0,4112314368,0,933810176,0
200,1788378943389,3191,3191,10.526315689086914,21.7391300201416,0,156580.71545410156,0,0,4112314368,0,933810176,0
200,1788378943589,3191,3191,14.285715103149414,15.000000953674316,0,156580.71545410156,0,0,4112314368,0,933810176,0
200,1788378943790,3191,3191,10,15.000000953674316,0,156581.10766601563,0,0,4112314368,0,933810176,0
200,1788378943990,3191,3191,19.047618865966797,15.000000953674316,0,156581.10766601563,0,0,4112314368,0,933810176,0
200,1788378944190,3191,3191,10.526315689086914,19.047618865966797,0,156581.10766601563,0,0,4112314368,0,933810176,0
200,1788378944390,3191,3191,9.523809432983398,10,0,156581.10766601563,0,0,4112314368,0,933810176,0
200,1788378944591,3191,3191,19.047618865966797,14.285715103149414,0,156581.10766601563,0,0,4112314368,0,933810176,0
200,1788378944791,3191,3191,15.000000953674316,10.526315689086914,0,156581.5512084961,0,0,4112314368,0,933810176,0
200,1788378944991,3191,3191,10,10,0,156581.5512084961,0,0,4112314368,0,933810176,0
200,1788378945191,3191,3191,10,10,0,156581.5512084961,0,0,4112314368,0,933810176,0
199,1788378945391,3191,3191,18.604650497436523,12.5,0,156581.5512084961,0,0,4112314368,0,933810176,0
200,1788378945591,3191,3191,10,10,0,156581.5512084961,0,0,4112314368,0,933810176,0
200,1788378945792,3191,3191,15.000000953674316,9.523809432983398,0,156582.02996826172,0,0,4112314368,0,933810176,0
200,1788378945992,3191,3191,15.000000953674316,19.047618865966797,0,156582.02996826172,0,0,4112314368,0,933810176,0
200,1788378946192,3191,3191,14.285715103149414,14.285715103149414,0,156582.02996826172,0,0,4112314368,0,933810176,0
200,1788378946392,3191,3191,10.526315689086914,14.285715103149414,0,156582.02996826172,0,0,4112314368,0,933810176,0
200,1788378946592,3191,3191,19.047618865966797,19.047618865966797,0,156582.02996826172,0,0,4112314368,0,933810176,0
200,1788378946792,3191,3191,5.263157844543457,5.263157844543457,0,156582.68182373047,0,0,4112314368,0,933810176,0
200,1788378946992,3191,3191,15.000000953674316,19.047618865966797,0,156582.68182373047,0,0,4112314368,0,933810176,0
200,1788378947192,3191,3191,0,5,0,156582.68182373047,0,0,4112314368,0,933810176,0
200,1788378947392,3191,3191,14.285715103149414,14.285715103149414,0,156582.68182373047,0,0,4112314368,0,933810176,0
200,1788378947593,3191,3191,19.047618865966797,5.555555820465088,0,156582.68182373047,0,0,4112314368,0,933810176,0
200,1788378947793,3191,3191,15.000000953674316,19.047618865966797,0,156583.04022216797,0,0,4112314368,0,933810176,0
200,1788378947993,3191,3191,9.090909004211426,5.263157844543457,0,156583.04022216797,0,0,4112314368,0,933810176,0
200,1788378948193,3191,3191,10.526315689086914,22.72727394104004,0,156583.04022216797,0,0,4112314368,0,933810176,0
200,1788378948393,3191,3191,10,10.526315689086914,0,156583.04022216797,0,0,4112314368,0,933810176,0
200,1788378948593,3191,3191,22.72727394104004,5.263157844543457,0,156583.04022216797,0,0,4112314368,0,933810176,0
200,1788378948793,3191,3191,9.523809432983398,10,0,156583.45703125,0,0,4112314368,0,933810176,0
200,1788378948993,3191,3191,10.526315689086914,5.263157844543457,0,156583.45703125,0,0,4112314368,0,933810176,0
200,1788378949194,3191,3191,10,18.18181800842285,0,156583.45703125,0,0,4112314368,0,933810176,0
200,1788378949394,3191,3191,26.086956024169922,15.000000953674316,0,156583.45703125,0,0,4112314368,0,933810176,0
200,1788378949594,3191,3191,10,5,0,156583.45703125,0,0,4112314368,0,933810176,0
200,1788378949794,3191,3191,19.047618865966797,15.000000953674316,0,156583.81311035156,0,0,4112314368,0,933810176,0
200,1788378949994,3191,3191,10,14.285715103149414,0,156583.81311035156,0,0,4112314368,0,933810176,0
200,1788378950195,3191,3191,0,10,0,156583.81311035156,0,0,4112314368,0,933810176,0
200,1788378950395,3191,3191,15.000000953674316,19.047618865966797,0,156583.81311035156,0,0,4112314368,0,933810176,0
200,1788378950595,3191,3191,19.047618865966797,20,0,156583.81311035156,0,0,4112314368,0,933810176,0
200,1788378950795,3191,3191,10,10,0,156584.2550048828,0,0,4112314368,0,933810176,0
200,1788378950996,3191,3191,5.263157844543457,14.285715103149414,0,156584.2550048828,0,0,4112314368,0,933810176,0
200,1788378951196,3191,3191,15.000000953674316,15.000000953674316,0,156584.2550048828,0,0,4112314368,0,933810176,0
200,1788378951396,3191,3191,14.285715103149414,10,0,156584.2550048828,0,0,4112314368,0,933810176,0
200,1788378951596,3191,3191,10,15.000000953674316,0,156584.2550048828,0,0,4112314368,0,933810176,0
200,1788378951796,3191,3191,5.263157844543457,10,0,156584.5916748047,0,0,4112314368,0,933810176,0
200,1788378951996,3191,3191,10.526315689086914,20,0,156584.5916748047,0,0,4112314368,0,933810176,0
200,1788378952197,3191,3191,5,9.523809432983398,0,156584.5916748047,0,0,4112314368,0,933810176,0
200,1788378952397,3191,3191,20,20,0,156584.5916748047,0,0,4112314368,0,933810176,0
200,1788378952597,3191,3191,10.526315689086914,18.18181800842285,0,156584.5916748047,0,0,4112314368,0,933810176,0
200,1788378952797,3191,3191,9.523809432983398,14.285715103149414,0,156585.02893066406,0,0,4112314368,0,933810176,0
200,1788378952997,3191,3191,15.000000953674316,5.555555820465088,0,156585.02893066406,0,0,4112314368,0,933810176,0
200,1788378953198,3191,3191,15.000000953674316,10,0,156585.02893066406,0,0,4112314368,0,933810176,0
200,1788378953398,3191,3191,14.285715103149414,5.263157844543457,0,156585.02893066406,0,0,4112314368,0,933810176,0
200,1788378953598,3191,3191,5.263157844543457,10,0,156585.02893066406,0,0,4112314368,0,933810176,0
200,1788378953798,3191,3191,18.18181800842285,10.526315689086914,0,156585.42138671875,0,0,4112314368,0,933810176,0
200,1788378953998,3191,3191,5.263157844543457,10,0,156585.42138671875,0,0,4112314368,0,933810176,0
200,1788378954198,3191,3191,10,10,0,156585.42138671875,0,0,4112314368,0,933810176,0
200,1788378954398,3191,3191,19.047618865966797,23.809524536132813,0,156585.42138671875,0,0,4112314368,0,933810176,0
200,1788378954598,3191,3191,10.526315689086914,10,0,156585.42138671875,0,0,4112314368,0,933810176,0
200,1788378954799,3191,3191,9.523809432983398,10.526315689086914,0,156585.8289794922,0,0,4112314368,0,933810176,0
200,1788378954999,3191,3191,10,9.523809432983398,0,156585.8289794922,0,0,4112314368,0,933810176,0
200,1788378955199,3191,3191,10.526315689086914,14.285715103149414,0,156585.8289794922,0,0,4112314368,0,933810176,0
200,1788378955399,3191,3191,5.263157844543457,23.809524536132813,0,156585.8289794922,0,0,4112314368,0,933810176,0
200,1788378955599,3191,3191,5.263157844543457,14.285715103149414,0,156585.8289794922,0,0,4112314368,0,933810176,0
200,1788378955799,3191,3191,5,14.285715103149414,0,156586.37719726563,0,0,4112314368,0,933810176,0
200,1788378955999,3191,3191,19.047618865966797,10.526315689086914,0,156586.37719726563,0,0,4112314368,0,933810176,0
200,1788378956199,3191,3191,14.285715103149414,15.000000953674316,0,156586.37719726563,0,0,4112314368,0,933810176,0
200,1788378956399,3191,3191,19.047618865966797,14.285715103149414,0,156586.37719726563,0,0,4112314368,0,933810176,0
200,1788378956600,3191,3191,5.263157844543457,10,0,156586.37719726563,0,0,4112314368,0,933810176,0
200,1788378956800,3191,3191,22.72727394104004,15.000000953674316,0,156586.89654541016,0,0,4112314368,0,933810176,0
200,1788378957000,3191,3191,10,15.000000953674316,0,156586.89654541016,0,0,4112314368,0,933810176,0
200,1788378957200,3191,3191,14.285715103149414,10,0,156586.89654541016,0,0,4112314368,0,933810176,0
200,1788378957400,3191,3191,10.526315689086914,14.285715103149414,0,156586.89654541016,0,0,4112314368,0,933810176,0
200,1788378957600,3191,3191,10,15.000000953674316,0,156586.89654541016,0,0,4112314368,0,933810176,0
200,1788378957801,3191,3191,19.047618865966797,10,0,156587.33489990234,0,0,4112314368,0,933810176,0
200,1788378958001,3191,3191,14.285715103149414,19.047618865966797,0,156587.33489990234,0,0,4112314368,0,933810176,0
200,1788378958201,3191,3191,15.000000953674316,10,0,156587.33489990234,0,0,4112314368,0,933810176,0
200,1788378958401,3191,3191,10,15.000000953674316,0,156587.33489990234,0,0,4112314368,0,933810176,0
200,1788378958602,3191,3191,19.047618865966797,14.285715103149414,0,156587.33489990234,0,0,4112314368,0,933810176,0
200,1788378958802,3191,3191,10,14.285715103149414,0,156587.69415283203,0,0,4112314368,0,933810176,0
200,1788378959002,3191,3191,10,5.263157844543457,0,156587.69415283203,0,0,4112314368,0,933810176,0
200,1788378959203,3191,3191,19.047618865966797,19.047618865966797,0,156587.69415283203,0,0,4112314368,0,933810176,0
200,1788378959403,3191,3191,14.285715103149414,10,0,156587.69415283203,0,0,4112314368,0,933810176,0
200,1788378959603,3191,3191,10,10,0,156587.69415283203,0,0,4112314368,0,933810176,0
200,1788378959803,3191,3191,15.000000953674316,23.809524536132813,0,156588.0841064453,0,0,4112314368,0,933810176,0
200,1788378960003,3191,3191,10,10,0,156588.0841064453,0,0,4112314368,0,933810176,0
200,1788378960203,3191,3191,14.285715103149414,5.263157844543457,0,156588.0841064453,0,0,4112314368,0,933810176,0
200,1788378960403,3191,3191,22.72727394104004,19.047618865966797,0,156588.0841064453,0,0,4112314368,0,933810176,0
200,1788378960604,3191,3191,10,10,0,156588.0841064453,0,0,4112314368,0,933810176,0
200,1788378960804,3191,3191,21.7391300201416,10,0,156588.4429321289,0,0,4112314368,0,933810176,0
200,1788378961004,3191,3191,14.285715103149414,10,0,156588.4429321289,0,0,4112314368,0,933810176,0
200,1788378961204,3191,3191,5.263157844543457,14.285715103149414,0,156588.4429321289,0,0,4112314368,0,933810176,0
200,1788378961404,3191,3191,10,10,0,156588.4429321289,0,0,4112314368,0,933810176,0
200,1788378961604,3191,3191,20,19.047618865966797,0,156588.4429321289,0,0,4112314368,0,933810176,0
200,1788378961804,3191,3191,5.263157844543457,10,0,156588.88189697266,0,0,4112314368,0,933810176,0
200,1788378962004,3191,3191,10,14.285715103149414,0,156588.88189697266,0,0,4112314368,0,933810176,0
200,1788378962204,3191,3191,10.526315689086914,19.047618865966797,0,156588.88189697266,0,0,4112314368,0,933810176,0
200,1788378962404,3191,3191,10,5.263157844543457,0,156588.88189697266,0,0,4112314368,0,933810176,0
200,1788378962605,3191,3191,5.263157844543457,14.285715103149414,0,156588.88189697266,0,0,4112314368,0,933810176,0
200,1788378962805,3191,3191,14.285715103149414,19.047618865966797,0,156589.24090576172,0,0,4112314368,0,933810176,0
200,1788378963005,3191,3191,5.555555820465088,14.285715103149414,0,156589.24090576172,0,0,4112314368,0,933810176,0
200,1788378963205,3191,3191,10,10,0,156589.24090576172,0,0,4112314368,0,933810176,0
200,1788378963405,3191,3191,18.18181800842285,14.285715103149414,0,156589.24090576172,0,0,4112314368,0,933810176,0
200,1788378963605,3191,3191,15.000000953674316,15.000000953674316,0,156589.24090576172,0,0,4112314368,0,933810176,0
200,1788378963805,3191,3191,10,14.285715103149414,0,156589.6401977539,0,0,4112314368,0,933810176,0
200,1788378964006,3191,3191,10.526315689086914,10.526315689086914,0,156589.6401977539,0,0,4112314368,0,933810176,0
200,1788378964206,3191,3191,26.086956024169922,5.555555820465088,0,156589.6401977539,0,0,4112314368,0,933810176,0
200,1788378964406,3191,3191,9.523809432983398,5,0,156589.6401977539,0,0,4112314368,0,933810176,0
200,1788378964606,3191,3191,5,5,0,156589.6401977539,0,0,4112314368,0,933810176,0
200,1788378964806,3191,3191,15.789472579956055,23.809524536132813,0,156590.01135253906,0,0,4112314368,0,933810176,0
200,1788378965007,3191,3191,15.000000953674316,15.000000953674316,0,156590.01135253906,0,0,4112314368,0,933810176,0
200,1788378965207,3191,3191,10,10.526315689086914,0,156590.01135253906,0,0,4112314368,0,933810176,0
200,1788378965407,3191,3191,9.523809432983398,14.285715103149414,0,156590.01135253906,0,0,4112314368,0,933810176,0
200,1788378965607,3191,3191,15.000000953674316,15.000000953674316,0,156590.01135253906,0,0,4112314368,0,933810176,0
200,1788378965807,3191,3191,18.18181800842285,18.18181800842285,0,156590.80352783203,0,0,4112314368,0,933810176,0
200,1788378966008,3191,3191,10,5.263157844543457,0,156590.80352783203,0,0,4112314368,0,933810176,0
200,1788378966208,3191,3191,5.555555820465088,19.047618865966797,0,156590.80352783203,0,0,4112314368,0,933810176,0
200,1788378966408,3191,3191,10,14.285715103149414,0,156590.80352783203,0,0,4112314368,0,933810176,0
200,1788378966608,3191,3191,19.047618865966797,10.526315689086914,0,156590.80352783203,0,0,4112314368,0,933810176,0
200,1788378966808,3191,3191,10,21.7391300201416,0,156591.25994873047,0,0,4112314368,0,933810176,0
200,1788378967008,3191,3191,14.285715103149414,10,0,156591.25994873047,0,0,4112314368,0,933810176,0
200,1788378967208,3191,3191,10,10,0,156591.25994873047,0,0,4112314368,0,933810176,0
200,1788378967409,3191,3191,19.047618865966797,15.000000953674316,0,156591.25994873047,0,0,4112314368,0,933810176,0
200,1788378967609,3191,3191,9.523809432983398,19.047618865966797,0,156591.25994873047,0,0,4112314368,0,933810176,0
200,1788378967809,3191,3191,10.526315689086914,10,0,156591.60900878906,0,0,4112314368,0,933810176,0
200,1788378968009,3191,3191,5,14.285715103149414,0,156591.60900878906,0,0,4112314368,0,933810176,0
200,1788378968209,3191,3191,22.72727394104004,15.000000953674316,0,156591.60900878906,0,0,4112314368,0,933810176,0
200,1788378968409,3191,3191,5.263157844543457,14.285715103149414,0,156591.60900878906,0,0,4112314368,0,933810176,0
200,1788378968609,3191,3191,15.000000953674316,5.555555820465088,0,156591.60900878906,0,0,4112314368,0,933810176,0
200,1788378968810,3191,3191,19.047618865966797,14.285715103149414,0,156591.9483642578,0,0,4112314368,0,933810176,0
200,1788378969010,3191,3191,5.263157844543457,19.047618865966797,0,156591.9483642578,0,0,4112314368,0,933810176,0
200,1788378969210,3191,3191,14.285715103149414,10,0,156591.9483642578,0,0,4112314368,0,933810176,0
200,1788378969410,3191,3191,19.047618865966797,10.526315689086914,0,156591.9483642578,0,0,4112314368,0,933810176,0
200,1788378969611,3191,3191,5.263157844543457,18.18181800842285,0,156591.9483642578,0,0,4112314368,0,933810176,0
200,1788378969811,3191,3191,14.285715103149414,18.18181800842285,0,156592.3701171875,0,0,4112314368,0,933810176,0
200,1788378970011,3191,3191,5.555555820465088,15.000000953674316,0,156592.3701171875,0,0,4112314368,0,933810176,0
200,1788378970211,3191,3191,9.523809432983398,14.285715103149414,0,156592.3701171875,0,0,4112314368,0,933810176,0
200,1788378970411,3191,3191,5.555555820465088,14.285715103149414,0,156592.3701171875,0,0,4112314368,0,933810176,0
200,1788378970611,3191,3191,15.000000953674316,10.526315689086914,0,156592.3701171875,0,0,4112314368,0,933810176,0
200,1788378970812,3191,3191,14.285715103149414,22.72727394104004,0,156592.75036621094,0,0,4112314368,0,933810176,0
200,1788378971012,3191,3191,10,5.263157844543457,0,156592.75036621094,0,0,4112314368,0,933810176,0
200,1788378971212,3191,3191,15.000000953674316,5.263157844543457,0,156592.75036621094,0,0,4112314368,0,933810176,0
200,1788378971412,3191,3191,10,15.000000953674316,0,156592.75036621094,0,0,4112314368,0,933810176,0
200,1788378971612,3191,3191,5.263157844543457,10,0,156592.75036621094,0,0,4112314368,0,933810176,0
200,1788378971812,3191,3191,15.000000953674316,18.18181800842285,0,156593.10620117188,0,0,4112314368,0,933810176,0
200,1788378972012,3191,3191,10,10.526315689086914,0,156593.10620117188,0,0,4112314368,0,933810176,0
200,1788378972212,3191,3191,18.18181800842285,15.000000953674316,0,156593.10620117188,0,0,4112314368,0,933810176,0
200,1788378972412,3191,3191,0,19.047618865966797,0,156593.10620117188,0,0,4112314368,0,933810176,0
200,1788378972613,3191,3191,14.285715103149414,10,0,156593.10620117188,0,0,4112314368,0,933810176,0
200,1788378972813,3191,3191,10,10,0,156593.5092163086,0,0,4112314368,0,933810176,0
200,1788378973013,3191,3191,15.000000953674316,19.047618865966797,0,156593.5092163086,0,0,4112314368,0,933810176,0
200,1788378973213,3191,3191,17.39130401611328,10.526315689086914,0,156593.5092163086,0,0,4112314368,0,933810176,0
200,1788378973414,3191,3191,14.285715103149414,5,0,156593.5092163086,0,0,4112314368,0,933810176,0
200,1788378973614,3191,3191,14.285715103149414,5.263157844543457,0,156593.5092163086,0,0,4112314368,0,933810176,0
200,1788378973814,3191,3191,10.526315689086914,19.047618865966797,0,156593.9637451172,0,0,4112314368,0,933810176,0
200,1788378974014,3191,3191,14.285715103149414,14.285715103149414,0,156593.9637451172,0,0,4112314368,0,933810176,0
200,1788378974214,3191,3191,10,10.526315689086914,0,156593.9637451172,0,0,4112314368,0,933810176,0
200,1788378974414,3191,3191,15.000000953674316,21.7391300201416,0,156593.9637451172,0,0,4112314368,0,933810176,0
200,1788378974615,3191,3191,10,19.047618865966797,0,156593.9637451172,0,0,4112314368,0,933810176,0
200,1788378974815,3191,3191,10.526315689086914,10.526315689086914,0,156594.34936523438,0,0,4112314368,0,933810176,0
200,1788378975015,3191,3191,9.523809432983398,5.263157844543457,0,156594.34936523438,0,0,4112314368,0,933810176,0
200,1788378975215,3191,3191,10.526315689086914,21.7391300201416,0,156594.34936523438,0,0,4112314368,0,933810176,0
199,1788378975415,3191,3191,21.7391300201416,10.526315689086914,0,156594.34936523438,0,0,4112314368,0,933810176,0
200,1788378975615,3191,3191,19.047618865966797,5.263157844543457,0,156594.34936523438,0,0,4112314368,0,933810176,0
200,1788378975816,3191,3191,10,15.000000953674316,0,156594.69165039063,0,0,4112314368,0,933810176,0
200,1788378976016,3191,3191,15.000000953674316,15.000000953674316,0,156594.69165039063,0,0,4112314368,0,933810176,0
200,1788378976216,3191,3191,5.263157844543457,5.263157844543457,0,156594.69165039063,0,0,4112314368,0,933810176,0
200,1788378976416,3191,3191,9.523809432983398,14.285715103149414,0,156594.69165039063,0,0,4112314368,0,933810176,0
200,1788378976616,3191,3191,15.000000953674316,15.000000953674316,0,156594.69165039063,0,0,4112314368,0,933810176,0
200,1788378976816,3191,3191,15.000000953674316,10,0,156595.46032714844,0,0,4112314368,0,933810176,0
200,1788378977017,3191,3191,10,14.285715103149414,0,156595.46032714844,0,0,4112314368,0,933810176,0
200,1788378977217,3191,3191,5.263157844543457,14.285715103149414,0,156595.46032714844,0,0,4112314368,0,933810176,0
200,1788378977417,3191,3191,15.000000953674316,10.526315689086914,0,156595.46032714844,0,0,4112314368,0,933810176,0
200,1788378977617,3191,3191,15.000000953674316,10.526315689086914,0,156595.46032714844,0,0,4112314368,0,933810176,0
200,1788378977817,3191,3191,5.405405521392822,10,0,156595.82495117188,0,0,4112314368,0,933810176,0
200,1788378978017,3191,3191,19.047618865966797,19.047618865966797,0,156595.82495117188,0,0,4112314368,0,933810176,0
200,1788378978217,3191,3191,10.526315689086914,18.18181800842285,0,156595.82495117188,0,0,4112314368,0,933810176,0
200,1788378978417,3191,3191,14.285715103149414,10,0,156595.82495117188,0,0,4112314368,0,933810176,0
200,1788378978617,3191,3191,19.047618865966797,5.555555820465088,0,156595.82495117188,0,0,4112314368,0,933810176,0
200,1788378978818,3191,3191,10,5,0,156596.2271118164,0,0,4112314368,0,933810176,0
200,1788378979018,3191,3191,13.043478012084961,10,0,156596.2271118164,0,0,4112314368,0,933810176,0
200,1788378979218,3191,3191,21.052631378173828,20,0,156596.2271118164,0,0,4112314368,0,933810176,0
200,1788378979418,3191,3191,10,10,0,156596.2271118164,0,0,4112314368,0,933810176,0
200,1788378979619,3191,3191,5,9.523809432983398,0,156596.2271118164,0,0,4112314368,0,933810176,0
200,1788378979819,3191,3191,11.111111640930176,20,0,156596.58575439453,0,0,4112314368,0,933810176,0
200,1788378980019,3191,3191,10,10,0,156596.58575439453,0,0,4112314368,0,933810176,0
200,1788378980219,3191,3191,5.263157844543457,13.636363983154297,0,156596.58575439453,0,0,4112314368,0,933810176,0
200,1788378980419,3191,3191,19.047618865966797,10.526315689086914,0,156596.58575439453,0,0,4112314368,0,933810176,0
200,1788378980620,3191,3191,10.526315689086914,10.526315689086914,0,156596.58575439453,0,0,4112314368,0,933810176,0
200,1788378980820,3191,3191,13.636363983154297,5.263157844543457,0,156597.0252685547,0,0,4112314368,0,933810176,0
200,1788378981020,3191,3191,22.72727394104004,20,0,156597.0252685547,0,0,4112314368,0,933810176,0
200,1788378981220,3191,3191,10.526315689086914,14.285715103149414,0,156597.0252685547,0,0,4112314368,0,933810176,0
200,1788378981420,3191,3191,13.636363983154297,0,0,156597.0252685547,0,0,4112314368,0,933810176,0
200,1788378981620,3191,3191,15.000000953674316,15.000000953674316,0,156597.0252685547,0,0,4112314368,0,933810176,0
200,1788378981820,3191,3191,19.047618865966797,15.000000953674316,0,156597.38220214844,0,0,4112314368,0,933810176,0
200,1788378982021,3191,3191,5.263157844543457,14.285715103149414,0,156597.38220214844,0,0,4112314368,0,933810176,0
200,1788378982221,3191,3191,5.263157844543457,10,0,156597.38220214844,0,0,4112314368,0,933810176,0
200,1788378982421,3191,3191,19.047618865966797,10.526315689086914,0,156597.38220214844,0,0,4112314368,0,933810176,0
200,1788378982621,3191,3191,10.526315689086914,18.18181800842285,0,156597.38220214844,0,0,4112314368,0,933810176,0
200,1788378982821,3191,3191,14.285715103149414,5.263157844543457,0,156597.7791748047,0,0,4112314368,0,933810176,0
200,1788378983021,3191,3191,14.285715103149414,5.555555820465088,0,156597.7791748047,0,0,4112314368,0,933810176,0
200,1788378983221,3191,3191,15.000000953674316,14.285715103149414,0,156597.7791748047,0,0,4112314368,0,933810176,0
200,1788378983422,3191,3191,10,14.285715103149414,0,156597.7791748047,0,0,4112314368,0,933810176,0
200,1788378983622,3191,3191,10,15.000000953674316,0,156597.7791748047,0,0,4112314368,0,933810176,0
200,1788378983822,3191,3191,14.285715103149414,5.263157844543457,0,156598.2529296875,0,0,4112314368,0,933810176,0
200,1788378984022,3191,3191,10,5.263157844543457,0,156598.2529296875,0,0,4112314368,0,933810176,0
200,1788378984223,3191,3191,15.000000953674316,10.526315689086914,0,156598.2529296875,0,0,4112314368,0,933810176,0
200,1788378984423,3191,3191,14.285715103149414,15.000000953674316,0,156598.2529296875,0,0,4112314368,0,933810176,0
200,1788378984623,3191,3191,18.18181800842285,14.285715103149414,0,156598.2529296875,0,0,4112314368,0,933810176,0
200,1788378984823,3191,3191,10.526315689086914,15.000000953674316,0,156598.59155273438,0,0,4112314368,0,933810176,0
200,1788378985024,3191,3191,15.000000953674316,18.18181800842285,0,156598.59155273438,0,0,4112314368,0,933810176,0
200,1788378985224,3191,3191,5,10,0,156598.59155273438,0,0,4112314368,0,933810176,0
200,1788378985424,3191,3191,14.285715103149414,10,0,156598.59155273438,0,0,4112314368,0,933810176,0
200,1788378985624,3191,3191,15.000000953674316,10.526315689086914,0,156598.59155273438,0,0,4112314368,0,933810176,0
200,1788378985824,3191,3191,5.263157844543457,18.18181800842285,0,156599.02697753906,0,0,4112314368,0,933810176,0
200,1788378986024,3191,3191,18.18181800842285,10.526315689086914,0,156599.02697753906,0,0,4112314368,0,933810176,0
200,1788378986224,3191,3191,18.18181800842285,15.000000953674316,0,156599.02697753906,0,0,4112314368,0,933810176,0
200,1788378986424,3191,3191,15.000000953674316,19.047618865966797,0,156599.02697753906,0,0,4112314368,0,933810176,0
200,1788378986625,3191,3191,5,5.263157844543457,0,156599.02697753906,0,0,4112314368,0,933810176,0
200,1788378986825,3191,3191,19.047618865966797,15.789472579956055,0,156599.72662353516,0,0,4112314368,0,933810176,0
200,1788378987025,3191,3191,14.285715103149414,5,0,156599.72662353516,0,0,4112314368,0,933810176,0
200,1788378987225,3191,3191,5,10,0,156599.72662353516,0,0,4112314368,0,933810176,0
200,1788378987425,3191,3191,20,23.809524536132813,0,156599.72662353516,0,0,4112314368,0,933810176,0
200,1788378987626,3191,3191,9.523809432983398,4.761904716491699,0,156599.72662353516,0,0,4112314368,0,933810176,0
200,1788378987826,3191,3191,18.18181800842285,10.526315689086914,0,156600.0672607422,0,0,4112314368,0,933810176,0
200,1788378988026,3191,3191,10.526315689086914,10,0,156600.0672607422,0,0,4112314368,0,933810176,0
200,1788378988226,3191,3191,5.263157844543457,19.047618865966797,0,156600.0672607422,0,0,4112314368,0,933810176,0
200,1788378988427,3191,3191,10,10,0,156600.0672607422,0,0,4112314368,0,933810176,0
200,1788378988627,3191,3191,5.555555820465088,18.18181800842285,0,156600.0672607422,0,0,4112314368,0,933810176,0
200,1788378988827,3191,3191,14.285715103149414,19.047618865966797,0,156600.4354248047,0,0,4112314368,0,933810176,0
200,1788378989028,3191,3191,0,10,0,156600.4354248047,0,0,4112314368,0,933810176,0
200,1788378989228,3191,3191,15.000000953674316,10,0,156600.4354248047,0,0,4112314368,0,933810176,0
200,1788378989428,3191,3191,10,10.526315689086914,0,156600.4354248047,0,0,4112314368,0,933810176,0
200,1788378989628,3191,3191,14.285715103149414,18.18181800842285,0,156600.4354248047,0,0,4112314368,0,933810176,0
200,1788378989828,3191,3191,19.047618865966797,15.000000953674316,0,156600.82586669922,0,0,4112314368,0,933810176,0
200,1788378990028,3191,3191,0,5.263157844543457,0,156600.82586669922,0,0,4112314368,0,933810176,0
200,1788378990228,3191,3191,14.285715103149414,14.285715103149414,0,156600.82586669922,0,0,4112314368,0,933810176,0
200,1788378990429,3191,3191,15.000000953674316,5.555555820465088,0,156600.82586669922,0,0,4112314368,0,933810176,0
200,1788378990629,3191,3191,9.523809432983398,0,0,156600.82586669922,0,0,4112314368,0,933801984,0
200,1788378990829,3191,3191,10,14.285715103149414,0,156601.1474609375,0,0,4112314368,0,933801984,0
200,1788378991029,3191,3191,23.809524536132813,10.526315689086914,0,156601.1474609375,0,0,4112314368,0,933801984,0
200,1788378991229,3191,3191,5.263157844543457,15.000000953674316,0,156601.1474609375,0,0,4112314368,0,933801984,0
200,1788378991429,3191,3191,14.285715103149414,10,0,156601.1474609375,0,0,4112314368,0,933801984,0
200,1788378991629,3191,3191,15.000000953674316,15.000000953674316,0,156601.1474609375,0,0,4112314368,0,933801984,0
200,1788378991830,3191,3191,19.047618865966797,10.526315689086914,0,156601.58807373047,0,0,4112314368,0,933801984,0
200,1788378992030,3191,3191,5,5,0,156601.58807373047,0,0,4112314368,0,933801984,0
200,1788378992230,3191,3191,10.526315689086914,10,0,156601.58807373047,0,0,4112314368,0,933801984,0
200,1788378992430,3191,3191,22.72727394104004,5.555555820465088,0,156601.58807373047,0,0,4112314368,0,933801984,0
200,1788378992630,3191,3191,10,5.263157844543457,0,156601.58807373047,0,0,4112314368,0,933801984,0
200,1788378992831,3191,3191,30.000001907348633,70,0,156602.0101928711,0,0,4112314368,0,933801984,0
200,1788378993031,3191,3191,10.526315689086914,14.285715103149414,0,156602.0101928711,0,0,4112314368,0,933801984,0
200,1788378993231,3191,3191,14.285715103149414,5.263157844543457,0,156602.0101928711,0,0,4112314368,0,933801984,0
200,1788378993431,3191,3191,21.7391300201416,18.18181800842285,0,156602.0101928711,0,0,4112314368,0,933801984,0
200,1788378993632,3191,3191,10.526315689086914,5.555555820465088,0,156602.0101928711,0,0,4112314368,0,933801984,0
200,1788378993832,3191,3191,13.636363983154297,19.047618865966797,0,156602.7123413086,0,0,4112314368,0,933801984,0
200,1788378994032,3191,3191,10,18.18181800842285,0,156602.7123413086,0,0,4112314368,0,933801984,0
200,1788378994232,3191,3191,15.000000953674316,10,0,156602.7123413086,0,0,4112314368,0,933801984,0
200,1788378994432,3191,3191,14.285715103149414,10.526315689086914,0,156602.7123413086,0,0,4112314368,0,933801984,0
200,1788378994632,3191,3191,19.047618865966797,14.285715103149414,0,156602.7123413086,0,0,4112314368,0,933801984,0
200,1788378994832,3191,3191,5.263157844543457,14.285715103149414,0,156603.0736694336,0,0,4112314368,0,933801984,0
200,1788378995032,3191,3191,5.263157844543457,18.18181800842285,0,156603.0736694336,0,0,4112314368,0,933801984,0
200,1788378995232,3191,3191,14.285715103149414,5.263157844543457,0,156603.0736694336,0,0,4112314368,0,933801984,0
200,1788378995432,3191,3191,14.285715103149414,10.526315689086914,0,156603.0736694336,0,0,4112314368,0,933801984,0
200,1788378995633,3191,3191,15.000000953674316,20,0,156603.0736694336,0,0,4112314368,0,933801984,0
200,1788378995833,3191,3191,10,5.263157844543457,0,156603.62713623047,0,0,4112314368,0,933801984,0
200,1788378996033,3191,3191,10,18.18181800842285,0,156603.62713623047,0,0,4112314368,0,933801984,0
200,1788378996233,3191,3191,22.72727394104004,19.047618865966797,0,156603.62713623047,0,0,4112314368,0,933801984,0
200,1788378996433,3191,3191,5.555555820465088,5.555555820465088,0,156603.62713623047,0,0,4112314368,0,933801984,0
200,1788378996633,3191,3191,9.523809432983398,9.523809432983398,0,156603.62713623047,0,0,4112314368,0,933801984,0
200,1788378996833,3191,3191,19.047618865966797,15.000000953674316,0,156604.16931152344,0,0,4112314368,0,933801984,0
200,1788378997034,3191,3191,10,10,0,156604.16931152344,0,0,4112314368,0,933801984,0
200,1788378997234,3191,3191,14.285715103149414,10,0,156604.16931152344,0,0,4112314368,0,933801984,0
200,1788378997434,3191,3191,10.526315689086914,10.526315689086914,0,156604.16931152344,0,0,4112314368,0,933801984,0
200,1788378997634,3191,3191,10,14.285715103149414,0,156604.16931152344,0,0,4112314368,0,933801984,0
200,1788378997835,3191,3191,14.285715103149414,18.18181800842285,0,156604.5255126953,0,0,4112314368,0,933801984,0
200,1788378998035,3191,3191,10.526315689086914,15.000000953674316,0,156604.5255126953,0,0,4112314368,0,933801984,0
200,1788378998235,3191,3191,19.047618865966797,14.285715103149414,0,156604.5255126953,0,0,4112314368,0,933801984,0
200,1788378998435,3191,3191,5.263157844543457,10,0,156604.5255126953,0,0,4112314368,0,933801984,0
200,1788378998635,3191,3191,5.263157844543457,26.086956024169922,0,156604.5255126953,0,0,4112314368,0,933801984,0
200,1788378998836,3191,3191,10,10.526315689086914,0,156604.89880371094,0,0,4112314368,0,933801984,0
200,1788378999036,3191,3191,14.285715103149414,9.523809432983398,0,156604.89880371094,0,0,4112314368,0,933801984,0
200,1788378999236,3191,3191,0,14.285715103149414,0,156604.89880371094,0,0,4112314368,0,933801984,0
200,1788378999436,3191,3191,26.086956024169922,11.111111640930176,0,156604.89880371094,0,0,4112314368,0,933801984,0
200,1788378999636,3191,3191,9.090909004211426,9.523809432983398,0,156604.89880371094,0,0,4112314368,0,933801984,0
200,1788378999836,3191,3191,14.285715103149414,15.000000953674316,0,156605.26080322266,0,0,4112314368,0,933801984,0
200,1788379000037,3191,3191,15.789472579956055,15.789472579956055,0,156605.26080322266,0,0,4112314368,0,933801984,0
200,1788379000237,3191,3191,14.285715103149414,14.285715103149414,0,156605.26080322266,0,0,4112314368,0,933801984,0
200,1788379000437,3191,3191,10,10,0,156605.26080322266,0,0,4112314368,0,933801984,0
200,1788379000637,3191,3191,10,18.18181800842285,0,156605.26080322266,0,0,4112314368,0,933801984,0
200,1788379000837,3191,3191,10.526315689086914,18.18181800842285,0,156605.6683959961,0,0,4112314368,0,933801984,0
200,1788379001038,3191,3191,9.523809432983398,10,0,156605.6683959961,0,0,4112314368,0,933801984,0
200,1788379001238,3191,3191,10.526315689086914,15.000000953674316,0,156605.6683959961,0,0,4112314368,0,933801984,0
200,1788379001438,3191,3191,19.047618865966797,22.72727394104004,0,156605.6683959961,0,0,4112314368,0,933801984,0
200,1788379001638,3191,3191,5.263157844543457,10,0,156605.6683959961,0,0,4112314368,0,933801984,0
200,1788379001838,3191,3191,14.285715103149414,10.526315689086914,0,156606.02667236328,0,0,4112314368,0,933801984,0
200,1788379002038,3191,3191,10,18.18181800842285,0,156606.02667236328,0,0,4112314368,0,933801984,0
200,1788379002239,3191,3191,5.263157844543457,10,0,156606.02667236328,0,0,4112314368,0,933801984,0
200,1788379002439,3191,3191,10,10.526315689086914,0,156606.02667236328,0,0,4112314368,0,933801984,0
200,1788379002639,3191,3191,22.72727394104004,15.000000953674316,0,156606.02667236328,0,0,4112314368,0,933801984,0
200,1788379002839,3191,3191,14.285715103149414,14.285715103149414,0,156606.42767333984,0,0,4112314368,0,933801984,0
200,1788379003039,3191,3191,10.526315689086914,15.000000953674316,0,156606.42767333984,0,0,4112314368,0,933801984,0
200,1788379003239,3191,3191,14.285715103149414,5.263157844543457,0,156606.42767333984,0,0,4112314368,0,933801984,0
200,1788379003440,3191,3191,15.000000953674316,18.18181800842285,0,156606.42767333984,0,0,4112314368,0,933801984,0
200,1788379003640,3191,3191,14.285715103149414,0,0,156606.42767333984,0,0,4112314368,0,933801984,0
200,1788379003840,3191,3191,10,14.285715103149414,0,156606.79583740234,0,0,4112314368,0,933801984,0
200,1788379004040,3191,3191,22.72727394104004,15.000000953674316,0,156606.79583740234,0,0,4112314368,0,933801984,0
200,1788379004240,3191,3191,10,5.555555820465088,0,156606.79583740234,0,0,4112314368,0,933801984,0
200,1788379004440,3191,3191,5.263157844543457,9.523809432983398,0,156606.79583740234,0,0,4112314368,0,933801984,0
200,1788379004640,3191,3191,14.285715103149414,15.000000953674316,0,156606.79583740234,0,0,4112314368,0,933801984,0
200,1788379004841,3191,3191,15.000000953674316,5.263157844543457,0,156607.21368408203,0,0,4112314368,0,933801984,0
200,1788379005041,3191,3191,10,5.263157844543457,0,156607.21368408203,0,0,4112314368,0,933801984,0
200,1788379005241,3191,3191,21.7391300201416,14.285715103149414,0,156607.21368408203,0,0,4112314368,0,933801984,0
200,1788379005441,3191,3191,15.000000953674316,10.526315689086914,0,156607.21368408203,0,0,4112314368,0,933801984,0
200,1788379005641,3191,3191,14.285715103149414,10,0,156607.21368408203,0,0,4112314368,0,933801984,0
200,1788379005841,3191,3191,10.526315689086914,10,0,156607.78997802734,0,0,4112314368,0,933801984,0
200,1788379006041,3191,3191,5.263157844543457,10,0,156607.78997802734,0,0,4112314368,0,933801984,0
200,1788379006242,3191,3191,18.18181800842285,15.000000953674316,0,156607.78997802734,0,0,4112314368,0,933801984,0
200,1788379006442,3191,3191,10.526315689086914,10,0,156607.78997802734,0,0,4112314368,0,933801984,0
200,1788379006642,3191,3191,14.285715103149414,14.285715103149414,0,156607.78997802734,0,0,4112314368,0,933801984,0
200,1788379006842,3191,3191,15.000000953674316,15.000000953674316,0,156608.28704833984,0,0,4112314368,0,933801984,0
200,1788379007043,3191,3191,14.285715103149414,15.000000953674316,0,156608.28704833984,0,0,4112314368,0,933801984,0
200,1788379007243,3191,3191,5.263157844543457,9.523809432983398,0,156608.28704833984,0,0,4112314368,0,933801984,0
200,1788379007443,3191,3191,5.263157844543457,19.047618865966797,0,156608.28704833984,0,0,4112314368,0,933801984,0
200,1788379007643,3191,3191,15.000000953674316,19.047618865966797,0,156608.28704833984,0,0,4112314368,0,933801984,0
200,1788379007843,3191,3191,5,5.263157844543457,0,156608.65014648438,0,0,4112314368,0,933801984,0
200,1788379008043,3191,3191,19.047618865966797,26.086956024169922,0,156608.65014648438,0,0,4112314368,0,933801984,0
200,1788379008244,3191,3191,10.526315689086914,14.285715103149414,0,156608.65014648438,0,0,4112314368,0,933801984,0
200,1788379008444,3191,3191,10,15.000000953674316,0,156608.65014648438,0,0,4112314368,0,933801984,0
200,1788379008644,3191,3191,14.285715103149414,15.000000953674316,0,156608.65014648438,0,0,4112314368,0,933801984,0
200,1788379008844,3191,3191,10,10,0,156609.00775146484,0,0,4112314368,0,933801984,0
200,1788379009044,3191,3191,21.7391300201416,15.000000953674316,0,156609.00775146484,0,0,4112314368,0,933801984,0
200,1788379009244,3191,3191,5.263157844543457,14.285715103149414,0,156609.00775146484,0,0,4112314368,0,933801984,0
200,1788379009445,3191,3191,10.526315689086914,22.72727394104004,0,156609.00775146484,0,0,4112314368,0,933801984,0
200,1788379009645,3191,3191,10,10.526315689086914,0,156609.00775146484,0,0,4112314368,0,933801984,0
200,1788379009845,3191,3191,14.285715103149414,5.263157844543457,0,156609.40600585938,0,0,4112314368,0,933801984,0
200,1788379010045,3191,3191,14.285715103149414,18.18181800842285,0,156609.40600585938,0,0,4112314368,0,933801984,0
200,1788379010245,3191,3191,5.263157844543457,15.000000953674316,0,156609.40600585938,0,0,4112314368,0,933801984,0
200,1788379010445,3191,3191,5.263157844543457,10,0,156609.40600585938,0,0,4112314368,0,933801984,0
200,1788379010646,3191,3191,18.18181800842285,18.18181800842285,0,156609.40600585938,0,0,4112314368,0,933801984,0
200,1788379010846,3191,3191,5.555555820465088,15.000000953674316,0,156609.74584960938,0,0,4112314368,0,933801984,0
200,1788379011046,3191,3191,14.285715103149414,5,0,156609.74584960938,0,0,4112314368,0,933801984,0
200,1788379011246,3191,3191,14.285715103149414,14.285715103149414,0,156609.74584960938,0,0,4112314368,0,933801984,0
200,1788379011446,3191,3191,19.047618865966797,19.047618865966797,0,156609.74584960938,0,0,4112314368,0,933801984,0
200,1788379011647,3191,3191,9.523809432983398,10.526315689086914,0,156609.74584960938,0,0,4112314368,0,933801984,0
200,1788379011847,3191,3191,14.285715103149414,17.39130401611328,0,156610.12951660156,0,0,4112314368,0,933801984,0
200,1788379012047,3191,3191,19.047618865966797,15.789472579956055,0,156610.12951660156,0,0,4112314368,0,933801984,0
200,1788379012247,3191,3191,14.285715103149414,18.18181800842285,0,156610.12951660156,0,0,4112314368,0,933801984,0
200,1788379012447,3191,3191,15.000000953674316,5.555555820465088,0,156610.12951660156,0,0,4112314368,0,933801984,0
200,1788379012647,3191,3191,19.047618865966797,15.000000953674316,0,156610.12951660156,0,0,4112314368,0,933801984,0
200,1788379012848,3191,3191,10,0,0,156610.52990722656,0,0,4112314368,0,933801984,0
200,1788379013048,3191,3191,5.263157844543457,13.636363983154297,0,156610.52990722656,0,0,4112314368,0,933801984,0
200,1788379013248,3191,3191,27.272727966308594,23.809524536132813,0,156610.52990722656,0,0,4112314368,0,933801984,0
200,1788379013448,3191,3191,10,10,0,156610.52990722656,0,0,4112314368,0,933801984,0
200,1788379013648,3191,3191,5.263157844543457,9.523809432983398,0,156610.52990722656,0,0,4112314368,0,933801984,0
200,1788379013849,3191,3191,14.285715103149414,10.526315689086914,0,156610.94177246094,0,0,4112314368,0,933801984,0
200,1788379014049,3191,3191,15.000000953674316,15.000000953674316,0,156610.94177246094,0,0,4112314368,0,933801984,0
200,1788379014249,3191,3191,10,13.636363983154297,0,156610.94177246094,0,0,4112314368,0,933801984,0
200,1788379014449,3191,3191,15.000000953674316,15.000000953674316,0,156610.94177246094,0,0,4112314368,0,933801984,0
200,1788379014649,3191,3191,18.18181800842285,15.000000953674316,0,156610.94177246094,0,0,4112314368,0,933801984,0
200,1788379014849,3191,3191,0,5.263157844543457,0,156611.30242919922,0,0,4112314368,0,933801984,0
200,1788379015049,3191,3191,20,19.047618865966797,0,156611.30242919922,0,0,4112314368,0,933801984,0
200,1788379015250,3191,3191,10,10.526315689086914,0,156611.30242919922,0,0,4112314368,0,933801984,0
200,1788379015450,3191,3191,14.285715103149414,5.263157844543457,0,156611.30242919922,0,0,4112314368,0,933801984,0
200,1788379015650,3191,3191,5.263157844543457,9.523809432983398,0,156611.30242919922,0,0,4112314368,0,933801984,0
200,1788379015850,3191,3191,19.047618865966797,15.789472579956055,0,156611.61560058594,0,0,4112314368,0,933801984,0
200,1788379016050,3191,3191,18.18181800842285,5.263157844543457,0,156611.61560058594,0,0,4112314368,0,933801984,0
200,1788379016250,3191,3191,0,18.18181800842285,0,156611.61560058594,0,0,4112314368,0,933801984,0
200,1788379016451,3191,3191,15.000000953674316,15.000000953674316,0,156611.61560058594,0,0,4112314368,0,933801984,0
200,1788379016651,3191,3191,5.263157844543457,22.72727394104004,0,156611.61560058594,0,0,4112314368,0,933801984,0
200,1788379016851,3191,3191,5.263157844543457,10,0,156612.3934326172,0,0,4112314368,0,933801984,0
200,1788379017051,3191,3191,14.285715103149414,9.523809432983398,0,156612.3934326172,0,0,4112314368,0,933801984,0
200,1788379017251,3191,3191,10,10.526315689086914,0,156612.3934326172,0,0,4112314368,0,933801984,0
200,1788379017451,3191,3191,5.263157844543457,18.18181800842285,0,156612.3934326172,0,0,4112314368,0,933801984,0
200,1788379017651,3191,3191,22.72727394104004,19.047618865966797,0,156612.3934326172,0,0,4112314368,0,933801984,0
200,1788379017852,3191,3191,10,14.285715103149414,0,156612.76928710938,0,0,4112314368,0,933801984,0
200,1788379018052,3191,3191,10,14.285715103149414,0,156612.76928710938,0,0,4112314368,0,933801984,0
200,1788379018252,3191,3191,15.000000953674316,15.000000953674316,0,156612.76928710938,0,0,4112314368,0,933801984,0
200,1788379018452,3191,3191,10.526315689086914,14.285715103149414,0,156612.76928710938,0,0,4112314368,0,933801984,0
200,1788379018652,3191,3191,10,15.000000953674316,0,156612.76928710938,0,0,4112314368,0,933801984,0
200,1788379018853,3191,3191,14.285715103149414,10,0,156613.13079833984,0,0,4112314368,0,933801984,0
200,1788379019053,3191,3191,10,15.000000953674316,0,156613.13079833984,0,0,4112314368,0,933801984,0
200,1788379019253,3191,3191,15.000000953674316,22.72727394104004,0,156613.13079833984,0,0,4112314368,0,933801984,0
200,1788379019453,3191,3191,10,10,0,156613.13079833984,0,0,4112314368,0,933801984,0
200,1788379019653,3191,3191,19.047618865966797,5.555555820465088,0,156613.13079833984,0,0,4112314368,0,933801984,0
200,1788379019853,3191,3191,15.000000953674316,10.526315689086914,0,156613.58154296875,0,0,4112314368,0,933801984,0
200,1788379020053,3191,3191,14.285715103149414,13.636363983154297,0,156613.58154296875,0,0,4112314368,0,933801984,0
200,1788379020253,3191,3191,5.263157844543457,10,0,156613.58154296875,0,0,4112314368,0,933801984,0
200,1788379020454,3191,3191,15.000000953674316,15.789472579956055,0,156613.58154296875,0,0,4112314368,0,933801984,0
200,1788379020654,3191,3191,9.523809432983398,9.523809432983398,0,156613.58154296875,0,0,4112314368,0,933801984,0
200,1788379020854,3191,3191,10.526315689086914,19.047618865966797,0,156613.89337158203,0,0,4112314368,0,933801984,0
200,1788379021054,3191,3191,19.047618865966797,15.000000953674316,0,156613.89337158203,0,0,4112314368,0,933801984,0
200,1788379021255,3191,3191,10,10,0,156613.89337158203,0,0,4112314368,0,933801984,0
200,1788379021455,3191,3191,13.636363983154297,10,0,156613.89337158203,0,0,4112314368,0,933801984,0
200,1788379021655,3191,3191,18.18181800842285,10.526315689086914,0,156613.89337158203,0,0,4112314368,0,933801984,0
200,1788379021856,3191,3191,5.263157844543457,17.39130401611328,0,156614.27264404297,0,0,4112314368,0,933801984,0
200,1788379022056,3191,3191,19.047618865966797,15.000000953674316,0,156614.27264404297,0,0,4112314368,0,933801984,0
200,1788379022256,3191,3191,14.285715103149414,22.72727394104004,0,156614.27264404297,0,0,4112314368,0,933801984,0
200,1788379022456,3191,3191,15.000000953674316,19.047618865966797,0,156614.27264404297,0,0,4112314368,0,933801984,0
200,1788379022656,3191,3191,0,5,0,156614.27264404297,0,0,4112314368,0,933801984,0
200,1788379022856,3191,3191,15.789472579956055,26.086956024169922,0,156614.66735839844,0,0,4112314368,0,933801984,0
200,1788379023057,3191,3191,18.18181800842285,10.526315689086914,0,156614.66735839844,0,0,4112314368,0,933801984,0
200,1788379023257,3191,3191,0,13.636363983154297,0,156614.66735839844,0,0,4112314368,0,933801984,0
200,1788379023457,3191,3191,10,22.72727394104004,0,156614.66735839844,0,0,4112314368,0,933801984,0
200,1788379023657,3191,3191,26.086956024169922,5.555555820465088,0,156614.66735839844,0,0,4112314368,0,933801984,0
200,1788379023857,3191,3191,10,13.636363983154297,0,156615.09313964844,0,0,4112314368,0,933801984,0
200,1788379024057,3191,3191,10.526315689086914,5.263157844543457,0,156615.09313964844,0,0,4112314368,0,933801984,0
200,1788379024258,3191,3191,19.047618865966797,15.000000953674316,0,156615.09313964844,0,0,4112314368,0,933801984,0
200,1788379024458,3191,3191,15.000000953674316,19.047618865966797,0,156615.09313964844,0,0,4112314368,0,933801984,0
200,1788379024658,3191,3191,5.263157844543457,14.285715103149414,0,156615.09313964844,0,0,4112314368,0,933801984,0
200,1788379024858,3191,3191,5.263157844543457,10,0,156615.5023803711,0,0,4112314368,0,933801984,0
200,1788379025058,3191,3191,19.047618865966797,19.047618865966797,0,156615.5023803711,0,0,4112314368,0,933801984,0
200,1788379025259,3191,3191,10,10,0,156615.5023803711,0,0,4112314368,0,933801984,0
200,1788379025459,3191,3191,13.636363983154297,19.047618865966797,0,156615.5023803711,0,0,4112314368,0,933801984,0
200,1788379025659,3191,3191,14.285715103149414,14.285715103149414,0,156615.5023803711,0,0,4112314368,0,933801984,0
200,1788379025859,3191,3191,19.047618865966797,20,0,156615.86724853516,0,0,4112314368,0,933801984,0
200,1788379026060,3191,3191,5.263157844543457,5,0,156615.86724853516,0,0,4112314368,0,933801984,0
200,1788379026260,3191,3191,10.526315689086914,15.000000953674316,0,156615.86724853516,0,0,4112314368,0,933801984,0
200,1788379026460,3191,3191,22.72727394104004,19.047618865966797,0,156615.86724853516,0,0,4112314368,0,933801984,0
200,1788379026660,3191,3191,9.523809432983398,9.523809432983398,0,156615.86724853516,0,0,4112314368,0,933801984,0
203,1788379026860,3191,3191,10.526315689086914,15.000000953674316,0,156616.66583251953,0,0,4112314368,0,933801984,0
200,1788379027063,3191,3191,18.18181800842285,10,0,156616.66583251953,0,0,4112314368,0,933801984,0
200,1788379027264,3191,3191,19.047618865966797,10.526315689086914,0,156616.66583251953,0,0,4112314368,0,933801984,0
200,1788379027464,3191,3191,10,10,0,156616.66583251953,0,0,4112314368,0,933801984,0
200,1788379027664,3191,3191,10.526315689086914,15.000000953674316,0,156616.66583251953,0,0,4112314368,0,933801984,0
200,1788379027864,3191,3191,10,10,0,156617.0770263672,0,0,4112314368,0,933801984,0
200,1788379028064,3191,3191,19.047618865966797,14.285715103149414,0,156617.0770263672,0,0,4112314368,0,933801984,0
200,1788379028264,3191,3191,15.000000953674316,19.047618865966797,0,156617.0770263672,0,0,4112314368,0,933801984,0
200,1788379028464,3191,3191,10,5.263157844543457,0,156617.0770263672,0,0,4112314368,0,933801984,0
200,1788379028665,3191,3191,19.047618865966797,14.285715103149414,0,156617.0770263672,0,0,4112314368,0,933801984,0
200,1788379028865,3191,3191,5,14.285715103149414,0,156617.44018554688,0,0,4112314368,0,933801984,0
200,1788379029065,3191,3191,5.555555820465088,14.285715103149414,0,156617.44018554688,0,0,4112314368,0,933801984,0
200,1788379029265,3191,3191,18.18181800842285,15.000000953674316,0,156617.44018554688,0,0,4112314368,0,933801984,0
200,1788379029465,3191,3191,10,10,0,156617.44018554688,0,0,4112314368,0,933801984,0
200,1788379029665,3191,3191,15.000000953674316,5.555555820465088,0,156617.44018554688,0,0,4112314368,0,933801984,0
200,1788379029865,3191,3191,15.000000953674316,10,0,156617.87170410156,0,0,4112314368,0,933801984,0
200,1788379030065,3191,3191,10,10,0,156617.87170410156,0,0,4112314368,0,933801984,0
200,1788379030266,3191,3191,18.18181800842285,10,0,156617.87170410156,0,0,4112314368,0,933801984,0
200,1788379030466,3191,3191,10.526315689086914,14.285715103149414,0,156617.87170410156,0,0,4112314368,0,933801984,0
200,1788379030666,3191,3191,10.526315689086914,19.047618865966797,0,156617.87170410156,0,0,4112314368,0,933801984,0
200,1788379030866,3191,3191,13.636363983154297,0,0,156618.23962402344,0,0,4112314368,0,933801984,0
200,1788379031067,3191,3191,19.047618865966797,15.789472579956055,0,156618.23962402344,0,0,4112314368,0,933801984,0
200,1788379031267,3191,3191,15.000000953674316,10,0,156618.23962402344,0,0,4112314368,0,933801984,0
200,1788379031467,3191,3191,10,14.285715103149414,0,156618.23962402344,0,0,4112314368,0,933801984,0
200,1788379031667,3191,3191,18.18181800842285,19.047618865966797,0,156618.23962402344,0,0,4112314368,0,933801984,0
200,1788379031867,3191,3191,5.263157844543457,10,0,156618.59643554688,0,0,4112314368,0,933801984,0
200,1788379032067,3191,3191,10.526315689086914,22.72727394104004,0,156618.59643554688,0,0,4112314368,0,933801984,0
200,1788379032268,3191,3191,18.18181800842285,15.000000953674316,0,156618.59643554688,0,0,4112314368,0,933801984,0
200,1788379032468,3191,3191,10,14.285715103149414,0,156618.59643554688,0,0,4112314368,0,933801984,0
200,1788379032668,3191,3191,15.000000953674316,15.000000953674316,0,156618.59643554688,0,0,4112314368,0,933801984,0
200,1788379032868,3191,3191,14.285715103149414,0,0,156619.01947021484,0,0,4112314368,0,933801984,0
200,1788379033068,3191,3191,15.000000953674316,18.18181800842285,0,156619.01947021484,0,0,4112314368,0,933801984,0
200,1788379033268,3191,3191,10,15.000000953674316,0,156619.01947021484,0,0,4112314368,0,933801984,0
200,1788379033468,3191,3191,15.000000953674316,9.523809432983398,0,156619.01947021484,0,0,4112314368,0,933801984,0
200,1788379033669,3191,3191,25,15.000000953674316,0,156619.01947021484,0,0,4112314368,0,933801984,0
200,1788379033869,3191,3191,5.555555820465088,14.285715103149414,0,156619.37127685547,0,0,4112314368,0,933801984,0
200,1788379034069,3191,3191,20.833332061767578,10,0,156619.37127685547,0,0,4112314368,0,933801984,0
200,1788379034269,3191,3191,10.526315689086914,14.285715103149414,0,156619.37127685547,0,0,4112314368,0,933801984,0
200,1788379034469,3191,3191,19.047618865966797,15.789472579956055,0,156619.37127685547,0,0,4112314368,0,933801984,0
200,1788379034669,3191,3191,18.18181800842285,5,0,156619.37127685547,0,0,4112314368,0,933801984,0
200,1788379034869,3191,3191,14.285715103149414,15.000000953674316,0,156619.84259033203,0,0,4112314368,0,933801984,0
200,1788379035069,3191,3191,10,14.285715103149414,0,156619.84259033203,0,0,4112314368,0,933801984,0
200,1788379035270,3191,3191,10.526315689086914,19.047618865966797,0,156619.84259033203,0,0,4112314368,0,933801984,0
200,1788379035470,3191,3191,18.18181800842285,15.000000953674316,0,156619.84259033203,0,0,4112314368,0,933801984,0
200,1788379035670,3191,3191,10,5,0,156619.84259033203,0,0,4112314368,0,933801984,0
200,1788379035870,3191,3191,15.000000953674316,20,0,156620.26788330078,0,0,4112314368,0,933801984,0
200,1788379036071,3191,3191,10.526315689086914,10,0,156620.26788330078,0,0,4112314368,0,933801984,0
200,1788379036271,3191,3191,10,14.285715103149414,0,156620.26788330078,0,0,4112314368,0,933801984,0
200,1788379036471,3191,3191,15.000000953674316,14.285715103149414,0,156620.26788330078,0,0,4112314368,0,933801984,0
200,1788379036671,3191,3191,18.18181800842285,19.047618865966797,0,156620.26788330078,0,0,4112314368,0,933801984,0
200,1788379036871,3191,3191,14.285715103149414,5.263157844543457,0,156620.9282836914,0,0,4112314368,0,933801984,0
200,1788379037072,3191,3191,19.047618865966797,18.18181800842285,0,156620.9282836914,0,0,4112314368,0,933801984,0
200,1788379037272,3191,3191,14.285715103149414,10,0,156620.9282836914,0,0,4112314368,0,933801984,0
200,1788379037472,3191,3191,10,19.047618865966797,0,156620.9282836914,0,0,4112314368,0,933801984,0
200,1788379037672,3191,3191,14.285715103149414,10,0,156620.9282836914,0,0,4112314368,0,933801984,0
200,1788379037872,3191,3191,5.555555820465088,10,0,156621.29327392578,0,0,4112314368,0,933801984,0
200,1788379038073,3191,3191,10,19.047618865966797,0,156621.29327392578,0,0,4112314368,0,933801984,0
200,1788379038273,3191,3191,10,13.636363983154297,0,156621.29327392578,0,0,4112314368,0,933801984,0
200,1788379038473,3191,3191,15.000000953674316,10,0,156621.29327392578,0,0,4112314368,0,933801984,0
200,1788379038673,3191,3191,19.047618865966797,19.047618865966797,0,156621.29327392578,0,0,4112314368,0,933801984,0
200,1788379038874,3191,3191,10,14.285715103149414,0,156621.63177490234,0,0,4112314368,0,933801984,0
200,1788379039074,3191,3191,14.285715103149414,19.047618865966797,0,156621.63177490234,0,0,4112314368,0,933801984,0
200,1788379039274,3191,3191,14.285715103149414,10.526315689086914,0,156621.63177490234,0,0,4112314368,0,933801984,0
200,1788379039474,3191,3191,14.285715103149414,14.285715103149414,0,156621.63177490234,0,0,4112314368,0,933801984,0
200,1788379039674,3191,3191,19.047618865966797,19.047618865966797,0,156621.63177490234,0,0,4112314368,0,933801984,0
200,1788379039875,3191,3191,15.000000953674316,5.263157844543457,0,156622.08294677734,0,0,4112314368,0,933801984,0
200,1788379040075,3191,3191,10,14.285715103149414,0,156622.08294677734,0,0,4112314368,0,933801984,0
200,1788379040275,3191,3191,14.285715103149414,14.285715103149414,0,156622.08294677734,0,0,4112314368,0,933801984,0
200,1788379040475,3191,3191,10.526315689086914,10.526315689086914,0,156622.08294677734,0,0,4112314368,0,933801984,0
200,1788379040676,3191,3191,14.285715103149414,10,0,156622.08294677734,0,0,4112314368,0,933793792,0
200,1788379040876,3191,3191,18.18181800842285,10,0,156622.45294189453,0,0,4112314368,0,933793792,0
200,1788379041076,3191,3191,19.047618865966797,15.000000953674316,0,156622.45294189453,0,0,4112314368,0,933793792,0
200,1788379041276,3191,3191,15.000000953674316,19.047618865966797,0,156622.45294189453,0,0,4112314368,0,933793792,0
200,1788379041476,3191,3191,10,10,0,156622.45294189453,0,0,4112314368,0,933793792,0
200,1788379041676,3191,3191,10,10,0,156622.45294189453,0,0,4112314368,0,933793792,0
200,1788379041877,3191,3191,18.18181800842285,14.285715103149414,0,156622.8179321289,0,0,4112314368,0,933793792,0
200,1788379042077,3191,3191,14.285715103149414,5.263157844543457,0,156622.8179321289,0,0,4112314368,0,933793792,0
200,1788379042277,3191,3191,15.000000953674316,19.047618865966797,0,156622.8179321289,0,0,4112314368,0,933793792,0
200,1788379042477,3191,3191,15.000000953674316,14.285715103149414,0,156622.8179321289,0,0,4112314368,0,933793792,0
200,1788379042677,3191,3191,5.263157844543457,19.047618865966797,0,156622.8179321289,0,0,4112314368,0,933793792,0
200,1788379042878,3191,3191,19.047618865966797,10,0,156623.17303466797,0,0,4112314368,0,933793792,0
200,1788379043078,3191,3191,15.000000953674316,15.000000953674316,0,156623.17303466797,0,0,4112314368,0,933793792,0
200,1788379043278,3191,3191,5.263157844543457,13.636363983154297,0,156623.17303466797,0,0,4112314368,0,933793792,0
200,1788379043478,3191,3191,22.72727394104004,15.789472579956055,0,156623.17303466797,0,0,4112314368,0,933793792,0
200,1788379043678,3191,3191,0,13.636363983154297,0,156623.17303466797,0,0,4112314368,0,933793792,0
200,1788379043878,3191,3191,10,15.000000953674316,0,156623.59204101563,0,0,4112314368,0,933793792,0
200,1788379044079,3191,3191,15.000000953674316,14.285715103149414,0,156623.59204101563,0,0,4112314368,0,933793792,0
200,1788379044279,3191,3191,18.18181800842285,10.526315689086914,0,156623.59204101563,0,0,4112314368,0,933793792,0
200,1788379044479,3191,3191,13.636363983154297,10,0,156623.59204101563,0,0,4112314368,0,933793792,0
199,1788379044679,3191,3191,10.526315689086914,22.72727394104004,0,156623.59204101563,0,0,4112314368,0,933793792,0
200,1788379044880,3191,3191,5.263157844543457,10,0,156624.0037841797,0,0,4112314368,0,933793792,0
200,1788379045080,3191,3191,14.285715103149414,14.285715103149414,0,156624.0037841797,0,0,4112314368,0,933793792,0
200,1788379045280,3191,3191,14.285715103149414,15.000000953674316,0,156624.0037841797,0,0,4112314368,0,933793792,0
200,1788379045481,3191,3191,10.526315689086914,15.000000953674316,0,156624.0037841797,0,0,4112314368,0,933793792,0
200,1788379045681,3191,3191,18.18181800842285,5.555555820465088,0,156624.0037841797,0,0,4112314368,0,933793792,0
200,1788379045881,3191,3191,10.526315689086914,15.000000953674316,0,156624.56927490234,0,0,4112314368,0,933793792,0
200,1788379046081,3191,3191,10,10,0,156624.56927490234,0,0,4112314368,0,933793792,0
200,1788379046281,3191,3191,10.526315689086914,15.000000953674316,0,156624.56927490234,0,0,4112314368,0,933793792,0
200,1788379046481,3191,3191,14.285715103149414,10,0,156624.56927490234,0,0,4112314368,0,933793792,0
200,1788379046682,3191,3191,14.285715103149414,13.636363983154297,0,156624.56927490234,0,0,4112314368,0,933793792,0
200,1788379046882,3191,3191,15.000000953674316,15.000000953674316,0,156625.10418701172,0,0,4112314368,0,933793792,0
200,1788379047082,3191,3191,10,5,0,156625.10418701172,0,0,4112314368,0,933793792,0
200,1788379047282,3191,3191,10.526315689086914,10.526315689086914,0,156625.10418701172,0,0,4112314368,0,933793792,0
200,1788379047483,3191,3191,10,10,0,156625.10418701172,0,0,4112314368,0,933793792,0
200,1788379047683,3191,3191,18.18181800842285,10,0,156625.10418701172,0,0,4112314368,0,933793792,0
200,1788379047883,3191,3191,10.526315689086914,18.18181800842285,0,156625.43072509766,0,0,4112314368,0,933793792,0
200,1788379048084,3191,3191,10,15.789472579956055,0,156625.43072509766,0,0,4112314368,0,933793792,0
200,1788379048284,3191,3191,14.285715103149414,14.285715103149414,0,156625.43072509766,0,0,4112314368,0,933793792,0
200,1788379048484,3191,3191,10,0,0,156625.43072509766,0,0,4112314368,0,933793792,0
200,1788379048684,3191,3191,14.285715103149414,19.047618865966797,0,156625.43072509766,0,0,4112314368,0,933793792,0
200,1788379048884,3191,3191,10.526315689086914,10.526315689086914,0,156625.8041381836,0,0,4112314368,0,933793792,0
200,1788379049084,3191,3191,14.285715103149414,14.285715103149414,0,156625.8041381836,0,0,4112314368,0,933793792,0
200,1788379049285,3191,3191,10.526315689086914,18.18181800842285,0,156625.8041381836,0,0,4112314368,0,933793792,0
200,1788379049485,3191,3191,14.285715103149414,10.526315689086914,0,156625.8041381836,0,0,4112314368,0,933793792,0
200,1788379049685,3191,3191,19.047618865966797,14.285715103149414,0,156625.8041381836,0,0,4112314368,0,933793792,0
200,1788379049885,3191,3191,10.526315689086914,10.526315689086914,0,156626.27337646484,0,0,4112314368,0,933793792,0
200,1788379050085,3191,3191,13.636363983154297,14.285715103149414,0,156626.27337646484,0,0,4112314368,0,933793792,0
200,1788379050285,3191,3191,19.047618865966797,15.000000953674316,0,156626.27337646484,0,0,4112314368,0,933793792,0
200,1788379050485,3191,3191,19.047618865966797,10.526315689086914,0,156626.27337646484,0,0,4112314368,0,933793792,0
200,1788379050686,3191,3191,9.523809432983398,5,0,156626.27337646484,0,0,4112314368,0,933793792,0
200,1788379050886,3191,3191,14.285715103149414,22.72727394104004,0,156626.62438964844,0,0,4112314368,0,933793792,0
200,1788379051086,3191,3191,15.000000953674316,15.000000953674316,0,156626.62438964844,0,0,4112314368,0,933793792,0
200,1788379051286,3191,3191,10,5.263157844543457,0,156626.62438964844,0,0,4112314368,0,933793792,0
200,1788379051486,3191,3191,10,9.523809432983398,0,156626.62438964844,0,0,4112314368,0,933793792,0
200,1788379051687,3191,3191,15.789472579956055,16.666667938232422,0,156626.62438964844,0,0,4112314368,0,933793792,0
200,1788379051887,3191,3191,13.636363983154297,9.523809432983398,0,156626.99127197266,0,0,4112314368,0,933793792,0
200,1788379052087,3191,3191,0,13.636363983154297,0,156626.99127197266,0,0,4112314368,0,933793792,0
200,1788379052287,3191,3191,19.047618865966797,14.285715103149414,0,156626.99127197266,0,0,4112314368,0,933793792,0
200,1788379052487,3191,3191,19.047618865966797,15.000000953674316,0,156626.99127197266,0,0,4112314368,0,933793792,0
200,1788379052687,3191,3191,14.285715103149414,14.285715103149414,0,156626.99127197266,0,0,4112314368,0,933793792,0
200,1788379052888,3191,3191,19.047618865966797,15.000000953674316,0,156627.3501586914,0,0,4112314368,0,933793792,0
200,1788379053088,3191,3191,10.526315689086914,5.263157844543457,0,156627.3501586914,0,0,4112314368,0,933793792,0
200,1788379053288,3191,3191,9.090909004211426,9.523809432983398,0,156627.3501586914,0,0,4112314368,0,933793792,0
200,1788379053488,3191,3191,15.789472579956055,15.000000953674316,0,156627.3501586914,0,0,4112314368,0,933793792,0
200,1788379053689,3191,3191,10,10,0,156627.3501586914,0,0,4112314368,0,933793792,0
200,1788379053889,3191,3191,14.285715103149414,19.047618865966797,0,156627.73638916016,0,0,4112314368,0,933793792,0
200,1788379054089,3191,3191,10.526315689086914,10.526315689086914,0,156627.73638916016,0,0,4112314368,0,933793792,0
200,1788379054289,3191,3191,10,9.523809432983398,0,156627.73638916016,0,0,4112314368,0,933793792,0
200,1788379054490,3191,3191,10,10,0,156627.73638916016,0,0,4112314368,0,933793792,0
200,1788379054690,3191,3191,14.285715103149414,22.72727394104004,0,156627.73638916016,0,0,4112314368,0,933793792,0
200,1788379054890,3191,3191,10.526315689086914,15.000000953674316,0,156628.10131835938,0,0,4112314368,0,933793792,0
200,1788379055090,3191,3191,13.636363983154297,9.523809432983398,0,156628.10131835938,0,0,4112314368,0,933793792,0
200,1788379055290,3191,3191,15.000000953674316,10.526315689086914,0,156628.10131835938,0,0,4112314368,0,933793792,0
200,1788379055490,3191,3191,23.809524536132813,15.789472579956055,0,156628.10131835938,0,0,4112314368,0,933793792,0
200,1788379055691,3191,3191,10,10,0,156628.10131835938,0,0,4112314368,0,933793792,0
200,1788379055891,3191,3191,14.285715103149414,13.636363983154297,0,156628.76513671875,0,0,4112314368,0,933793792,0
200,1788379056091,3191,3191,15.789472579956055,15.789472579956055,0,156628.76513671875,0,0,4112314368,0,933793792,0
200,1788379056291,3191,3191,5,9.523809432983398,0,156628.76513671875,0,0,4112314368,0,933793792,0
200,1788379056492,3191,3191,15.000000953674316,5.555555820465088,0,156628.76513671875,0,0,4112314368,0,933793792,0
200,1788379056692,3191,3191,18.18181800842285,19.047618865966797,0,156628.76513671875,0,0,4112314368,0,933793792,0
200,1788379056892,3191,3191,10,14.285715103149414,0,156629.26629638672,0,0,4112314368,0,933793792,0
200,1788379057092,3191,3191,21.7391300201416,10,0,156629.26629638672,0,0,4112314368,0,933793792,0
200,1788379057292,3191,3191,15.000000953674316,15.000000953674316,0,156629.26629638672,0,0,4112314368,0,933793792,0
200,1788379057492,3191,3191,22.72727394104004,14.285715103149414,0,156629.26629638672,0,0,4112314368,0,933793792,0
200,1788379057692,3191,3191,5.263157844543457,14.285715103149414,0,156629.26629638672,0,0,4112314368,0,933793792,0
200,1788379057893,3191,3191,22.72727394104004,15.000000953674316,0,156629.58544921875,0,0,4112314368,0,933793792,0
200,1788379058093,3191,3191,10,9.523809432983398,0,156629.58544921875,0,0,4112314368,0,933793792,0
200,1788379058293,3191,3191,10,14.285715103149414,0,156629.58544921875,0,0,4112314368,0,933793792,0
200,1788379058493,3191,3191,15.000000953674316,14.285715103149414,0,156629.58544921875,0,0,4112314368,0,933793792,0
200,1788379058693,3191,3191,21.7391300201416,18.18181800842285,0,156629.58544921875,0,0,4112314368,0,933793792,0
200,1788379058893,3191,3191,14.285715103149414,14.285715103149414,0,156629.96630859375,0,0,4112314368,0,933793792,0
200,1788379059094,3191,3191,19.047618865966797,15.000000953674316,0,156629.96630859375,0,0,4112314368,0,933793792,0
200,1788379059294,3191,3191,9.523809432983398,5.263157844543457,0,156629.96630859375,0,0,4112314368,0,933793792,0
200,1788379059494,3191,3191,19.047618865966797,18.18181800842285,0,156629.96630859375,0,0,4112314368,0,933793792,0
200,1788379059694,3191,3191,14.285715103149414,23.809524536132813,0,156629.96630859375,0,0,4112314368,0,933793792,0
200,1788379059894,3191,3191,24,10.526315689086914,0,156630.3367919922,0,0,4112314368,0,933793792,0
200,1788379060095,3191,3191,15.000000953674316,21.7391300201416,0,156630.3367919922,0,0,4112314368,0,933793792,0
200,1788379060295,3191,3191,18.18181800842285,14.285715103149414,0,156630.3367919922,0,0,4112314368,0,933793792,0
200,1788379060496,3191,3191,14.285715103149414,15.000000953674316,0,156630.3367919922,0,0,4112314368,0,933793792,0
200,1788379060696,3191,3191,14.285715103149414,14.285715103149414,0,156630.3367919922,0,0,4112314368,0,933793792,0
200,1788379060896,3191,3191,19.047618865966797,10.526315689086914,0,156630.70166015625,0,0,4112314368,0,933793792,0
200,1788379061096,3191,3191,13.636363983154297,10,0,156630.70166015625,0,0,4112314368,0,933793792,0
200,1788379061296,3191,3191,10.526315689086914,15.000000953674316,0,156630.70166015625,0,0,4112314368,0,933793792,0
200,1788379061497,3191,3191,21.7391300201416,22.72727394104004,0,156630.70166015625,0,0,4112314368,0,933793792,0
200,1788379061697,3191,3191,10,14.285715103149414,0,156630.70166015625,0,0,4112314368,0,933785600,0
200,1788379061897,3191,3191,19.047618865966797,9.523809432983398,0,156631.0400390625,0,0,4112314368,0,933785600,0
200,1788379062097,3191,3191,22.72727394104004,15.000000953674316,0,156631.0400390625,0,0,4112314368,0,933785600,0
200,1788379062297,3191,3191,5,10,0,156631.0400390625,0,0,4112314368,0,933785600,0
200,1788379062498,3191,3191,14.285715103149414,14.285715103149414,0,156631.0400390625,0,0,4112314368,0,933785600,0
200,1788379062698,3191,3191,18.18181800842285,19.047618865966797,0,156631.0400390625,0,0,4112314368,0,933785600,0
200,1788379062898,3191,3191,19.047618865966797,10,0,156631.4051513672,0,0,4112314368,0,933785600,0
200,1788379063098,3191,3191,10,10,0,156631.4051513672,0,0,4112314368,0,933785600,0
200,1788379063298,3191,3191,22.72727394104004,15.789472579956055,0,156631.4051513672,0,0,4112314368,0,933785600,0
200,1788379063499,3191,3191,15.000000953674316,14.285715103149414,0,156631.4051513672,0,0,4112314368,0,933785600,0
200,1788379063699,3191,3191,10.526315689086914,14.285715103149414,0,156631.4051513672,0,0,4112314368,0,933785600,0
200,1788379063899,3191,3191,5.263157844543457,0,0,156631.80334472656,0,0,4112314368,0,933785600,0
200,1788379064099,3191,3191,22.72727394104004,22.72727394104004,0,156631.80334472656,0,0,4112314368,0,933785600,0
200,1788379064300,3191,3191,14.285715103149414,13.636363983154297,0,156631.80334472656,0,0,4112314368,0,933785600,0
200,1788379064500,3191,3191,15.000000953674316,14.285715103149414,0,156631.80334472656,0,0,4112314368,0,933785600,0
200,1788379064700,3191,3191,14.285715103149414,10,0,156631.80334472656,0,0,4112314368,0,933785600,0
200,1788379064900,3191,3191,14.285715103149414,19.047618865966797,0,156632.2236328125,0,0,4112314368,0,933785600,0
200,1788379065100,3191,3191,15.000000953674316,14.285715103149414,0,156632.2236328125,0,0,4112314368,0,933785600,0
200,1788379065300,3191,3191,18.18181800842285,14.285715103149414,0,156632.2236328125,0,0,4112314368,0,933785600,0
200,1788379065500,3191,3191,14.285715103149414,14.285715103149414,0,156632.2236328125,0,0,4112314368,0,933785600,0
200,1788379065700,3191,3191,15.000000953674316,19.047618865966797,0,156632.2236328125,0,0,4112314368,0,933785600,0
200,1788379065901,3191,3191,14.285715103149414,10,0,156632.6007080078,0,0,4112314368,0,933785600,0
200,1788379066101,3191,3191,14.285715103149414,10.526315689086914,0,156632.6007080078,0,0,4112314368,0,933785600,0
200,1788379066301,3191,3191,5.555555820465088,15.000000953674316,0,156632.6007080078,0,0,4112314368,0,933785600,0
200,1788379066501,3191,3191,13.636363983154297,5.263157844543457,0,156632.6007080078,0,0,4112314368,0,933785600,0
200,1788379066701,3191,3191,18.18181800842285,18.18181800842285,0,156632.6007080078,0,0,4112314368,0,933785600,0
200,1788379066901,3191,3191,15.000000953674316,15.000000953674316,0,156633.23828125,0,0,4112314368,0,933785600,0
200,1788379067101,3191,3191,10,5,0,156633.23828125,0,0,4112314368,0,933785600,0
200,1788379067301,3191,3191,5.263157844543457,10,0,156633.23828125,0,0,4112314368,0,933785600,0
200,1788379067501,3191,3191,15.789472579956055,10.526315689086914,0,156633.23828125,0,0,4112314368,0,933785600,0
200,1788379067702,3191,3191,9.523809432983398,10.526315689086914,0,156633.23828125,0,0,4112314368,0,933785600,0
200,1788379067902,3191,3191,5.263157844543457,10,0,156633.63641357422,0,0,4112314368,0,933785600,0
200,1788379068102,3191,3191,10,5.263157844543457,0,156633.63641357422,0,0,4112314368,0,933785600,0
200,1788379068302,3191,3191,10.526315689086914,22.72727394104004,0,156633.63641357422,0,0,4112314368,0,933785600,0
200,1788379068502,3191,3191,10,10,0,156633.63641357422,0,0,4112314368,0,933785600,0
200,1788379068703,3191,3191,10.526315689086914,10.526315689086914,0,156633.63641357422,0,0,4112314368,0,933785600,0
200,1788379068903,3191,3191,5.263157844543457,15.000000953674316,0,156634.04541015625,0,0,4112314368,0,933785600,0
200,1788379069103,3191,3191,10,10,0,156634.04541015625,0,0,4112314368,0,933785600,0
200,1788379069303,3191,3191,14.285715103149414,19.047618865966797,0,156634.04541015625,0,0,4112314368,0,933785600,0
200,1788379069503,3191,3191,15.000000953674316,26.086956024169922,0,156634.04541015625,0,0,4112314368,0,933785600,0
200,1788379069703,3191,3191,10,10,0,156634.04541015625,0,0,4112314368,0,933785600,0
200,1788379069904,3191,3191,14.285715103149414,5.555555820465088,0,156634.40509033203,0,0,4112314368,0,933785600,0
200,1788379070104,3191,3191,15.000000953674316,19.047618865966797,0,156634.40509033203,0,0,4112314368,0,933785600,0
200,1788379070304,3191,3191,10.526315689086914,10.526315689086914,0,156634.40509033203,0,0,4112314368,0,933785600,0
200,1788379070504,3191,3191,5,18.18181800842285,0,156634.40509033203,0,0,4112314368,0,933785600,0
200,1788379070704,3191,3191,14.285715103149414,26.086956024169922,0,156634.40509033203,0,0,4112314368,0,933785600,0
200,1788379070904,3191,3191,10,10,0,156634.84490966797,0,0,4112314368,0,933785600,0
200,1788379071104,3191,3191,10.526315689086914,15.000000953674316,0,156634.84490966797,0,0,4112314368,0,933785600,0
200,1788379071305,3191,3191,14.285715103149414,19.047618865966797,0,156634.84490966797,0,0,4112314368,0,933785600,0
200,1788379071505,3191,3191,10,10,0,156634.84490966797,0,0,4112314368,0,933785600,0
200,1788379071705,3191,3191,10,14.285715103149414,0,156634.84490966797,0,0,4112314368,0,933785600,0
200,1788379071906,3191,3191,5.555555820465088,19.047618865966797,0,156635.1919555664,0,0,4112314368,0,933785600,0
200,1788379072106,3191,3191,18.18181800842285,10,0,156635.1919555664,0,0,4112314368,0,933785600,0
200,1788379072306,3191,3191,10,21.7391300201416,0,156635.1919555664,0,0,4112314368,0,933785600,0
200,1788379072506,3191,3191,10,10.526315689086914,0,156635.1919555664,0,0,4112314368,0,933785600,0
200,1788379072707,3191,3191,14.285715103149414,9.523809432983398,0,156635.1919555664,0,0,4112314368,0,933785600,0
200,1788379072907,3191,3191,19.047618865966797,19.047618865966797,0,156635.57098388672,0,0,4112314368,0,933785600,0
200,1788379073107,3191,3191,10,10,0,156635.57098388672,0,0,4112314368,0,933785600,0
200,1788379073307,3191,3191,10.526315689086914,15.000000953674316,0,156635.57098388672,0,0,4112314368,0,933785600,0
200,1788379073507,3191,3191,21.7391300201416,14.285715103149414,0,156635.57098388672,0,0,4112314368,0,933785600,0
199,1788379073708,3191,3191,14.285715103149414,15.000000953674316,0,156635.57098388672,0,0,4112314368,0,933785600,0
200,1788379073908,3191,3191,14.285715103149414,15.000000953674316,0,156636.00561523438,0,0,4112314368,0,933785600,0
200,1788379074108,3191,3191,18.604650497436523,12.195121765136719,0,156636.00561523438,0,0,4112314368,0,933785600,0
200,1788379074308,3191,3191,19.047618865966797,11.111111640930176,0,156636.00561523438,0,0,4112314368,0,933785600,0
200,1788379074508,3191,3191,5.555555820465088,14.285715103149414,0,156636.00561523438,0,0,4112314368,0,933785600,0
200,1788379074708,3191,3191,9.523809432983398,5.263157844543457,0,156636.00561523438,0,0,4112314368,0,933785600,0
200,1788379074908,3191,3191,15.000000953674316,18.18181800842285,0,156636.39337158203,0,0,4112314368,0,933785600,0
200,1788379075108,3191,3191,10,5.263157844543457,0,156636.39337158203,0,0,4112314368,0,933785600,0
200,1788379075308,3191,3191,19.047618865966797,15.000000953674316,0,156636.39337158203,0,0,4112314368,0,933785600,0
200,1788379075509,3191,3191,15.000000953674316,10.526315689086914,0,156636.39337158203,0,0,4112314368,0,933785600,0
200,1788379075709,3191,3191,14.285715103149414,14.285715103149414,0,156636.39337158203,0,0,4112314368,0,933785600,0
200,1788379075909,3191,3191,9.523809432983398,10,0,156636.80242919922,0,0,4112314368,0,933785600,0
200,1788379076109,3191,3191,15.000000953674316,18.18181800842285,0,156636.80242919922,0,0,4112314368,0,933785600,0
200,1788379076309,3191,3191,5.263157844543457,18.18181800842285,0,156636.80242919922,0,0,4112314368,0,933785600,0
200,1788379076509,3191,3191,20,10.526315689086914,0,156636.80242919922,0,0,4112314368,0,933785600,0
200,1788379076709,3191,3191,10,5.263157844543457,0,156636.80242919922,0,0,4112314368,0,933785600,0
200,1788379076910,3191,3191,14.285715103149414,14.285715103149414,0,156637.51971435547,0,0,4112314368,0,933785600,0
200,1788379077110,3191,3191,15.000000953674316,10,0,156637.51971435547,0,0,4112314368,0,933785600,0
200,1788379077310,3191,3191,5.263157844543457,22.72727394104004,0,156637.51971435547,0,0,4112314368,0,933785600,0
200,1788379077511,3191,3191,5.555555820465088,14.285715103149414,0,156637.51971435547,0,0,4112314368,0,933785600,0
200,1788379077711,3191,3191,19.047618865966797,18.18181800842285,0,156637.51971435547,0,0,4112314368,0,933785600,0
200,1788379077911,3191,3191,5,10,0,156637.91278076172,0,0,4112314368,0,933785600,0
200,1788379078111,3191,3191,19.047618865966797,14.285715103149414,0,156637.91278076172,0,0,4112314368,0,933785600,0
200,1788379078312,3191,3191,15.000000953674316,11.111111640930176,0,156637.91278076172,0,0,4112314368,0,933785600,0
200,1788379078512,3191,3191,10,9.523809432983398,0,156637.91278076172,0,0,4112314368,0,933785600,0
200,1788379078712,3191,3191,5.263157844543457,14.285715103149414,0,156637.91278076172,0,0,4112314368,0,933785600,0
200,1788379078912,3191,3191,15.000000953674316,15.000000953674316,0,156638.24731445313,0,0,4112314368,0,933785600,0
200,1788379079112,3191,3191,9.523809432983398,10,0,156638.24731445313,0,0,4112314368,0,933785600,0
200,1788379079312,3191,3191,10.526315689086914,15.000000953674316,0,156638.24731445313,0,0,4112314368,0,933785600,0
200,1788379079513,3191,3191,18.18181800842285,10,0,156638.24731445313,0,0,4112314368,0,933785600,0
200,1788379079713,3191,3191,15.000000953674316,19.047618865966797,0,156638.24731445313,0,0,4112314368,0,933785600,0
200,1788379079913,3191,3191,10,10,0,156638.65234375,0,0,4112314368,0,933785600,0
200,1788379080113,3191,3191,10.526315689086914,19.047618865966797,0,156638.65234375,0,0,4112314368,0,933785600,0
200,1788379080313,3191,3191,5.263157844543457,15.000000953674316,0,156638.65234375,0,0,4112314368,0,933785600,0
200,1788379080513,3191,3191,14.285715103149414,14.285715103149414,0,156638.65234375,0,0,4112314368,0,933785600,0
200,1788379080713,3191,3191,9.523809432983398,15.000000953674316,0,156638.65234375,0,0,4112314368,0,933785600,0
200,1788379080914,3191,3191,10.526315689086914,21.7391300201416,0,156639.04852294922,0,0,4112314368,0,933785600,0
200,1788379081114,3191,3191,14.285715103149414,10.526315689086914,0,156639.04852294922,0,0,4112314368,0,933785600,0
200,1788379081314,3191,3191,10,14.285715103149414,0,156639.04852294922,0,0,4112314368,0,933785600,0
200,1788379081514,3191,3191,10,10,0,156639.04852294922,0,0,4112314368,0,933785600,0
200,1788379081714,3191,3191,15.000000953674316,15.000000953674316,0,156639.04852294922,0,0,4112314368,0,933785600,0
200,1788379081915,3191,3191,10,9.523809432983398,0,156639.4022216797,0,0,4112314368,0,933785600,0
200,1788379082115,3191,3191,5.263157844543457,15.000000953674316,0,156639.4022216797,0,0,4112314368,0,933785600,0
200,1788379082315,3191,3191,19.047618865966797,10,0,156639.4022216797,0,0,4112314368,0,933785600,0
200,1788379082515,3191,3191,22.72727394104004,19.047618865966797,0,156639.4022216797,0,0,4112314368,0,933785600,0
200,1788379082715,3191,3191,5.263157844543457,19.047618865966797,0,156639.4022216797,0,0,4112314368,0,933785600,0
200,1788379082916,3191,3191,5.263157844543457,18.18181800842285,0,156639.79052734375,0,0,4112314368,0,933785600,0
200,1788379083116,3191,3191,15.000000953674316,20,0,156639.79052734375,0,0,4112314368,0,933785600,0
200,1788379083316,3191,3191,18.18181800842285,10,0,156639.79052734375,0,0,4112314368,0,933785600,0
200,1788379083516,3191,3191,10,14.285715103149414,0,156639.79052734375,0,0,4112314368,0,933785600,0
200,1788379083716,3191,3191,22.72727394104004,18.18181800842285,0,156639.79052734375,0,0,4112314368,0,933785600,0
200,1788379083916,3191,3191,9.523809432983398,5.263157844543457,0,156640.2739868164,0,0,4112314368,0,933785600,0
200,1788379084117,3191,3191,15.000000953674316,10,0,156640.2739868164,0,0,4112314368,0,933785600,0
200,1788379084317,3191,3191,19.047618865966797,15.789472579956055,0,156640.2739868164,0,0,4112314368,0,933785600,0
200,1788379084517,3191,3191,5.263157844543457,10,0,156640.2739868164,0,0,4112314368,0,933785600,0
200,1788379084717,3191,3191,18.18181800842285,10,0,156640.2739868164,0,0,4112314368,0,933785600,0
200,1788379084917,3191,3191,15.000000953674316,10,0,156640.6137084961,0,0,4112314368,0,933785600,0
200,1788379085118,3191,3191,14.285715103149414,19.047618865966797,0,156640.6137084961,0,0,4112314368,0,933785600,0
200,1788379085318,3191,3191,10.526315689086914,15.000000953674316,0,156640.6137084961,0,0,4112314368,0,933785600,0
200,1788379085518,3191,3191,14.285715103149414,14.285715103149414,0,156640.6137084961,0,0,4112314368,0,933785600,0
200,1788379085718,3191,3191,14.285715103149414,5.263157844543457,0,156640.6137084961,0,0,4112314368,0,933785600,0
200,1788379085918,3191,3191,10,15.000000953674316,0,156641.09832763672,0,0,4112314368,0,933785600,0
200,1788379086118,3191,3191,10.526315689086914,14.285715103149414,0,156641.09832763672,0,0,4112314368,0,933785600,0
200,1788379086319,3191,3191,10,10.526315689086914,0,156641.09832763672,0,0,4112314368,0,933785600,0
200,1788379086519,3191,3191,14.285715103149414,10,0,156641.09832763672,0,0,4112314368,0,933785600,0
200,1788379086719,3191,3191,14.285715103149414,19.047618865966797,0,156641.09832763672,0,0,4112314368,0,933785600,0
200,1788379086919,3191,3191,10.526315689086914,19.047618865966797,0,156641.74127197266,0,0,4112314368,0,933785600,0
200,1788379087120,3191,3191,10,13.636363983154297,0,156641.74127197266,0,0,4112314368,0,933785600,0
200,1788379087320,3191,3191,18.18181800842285,10.526315689086914,0,156641.74127197266,0,0,4112314368,0,933785600,0
200,1788379087520,3191,3191,10,14.285715103149414,0,156641.74127197266,0,0,4112314368,0,933785600,0
200,1788379087720,3191,3191,15.000000953674316,5.555555820465088,0,156641.74127197266,0,0,4112314368,0,933785600,0
200,1788379087920,3191,3191,10,22.72727394104004,0,156642.11419677734,0,0,4112314368,0,933785600,0
200,1788379088120,3191,3191,14.285715103149414,5.263157844543457,0,156642.11419677734,0,0,4112314368,0,933785600,0
200,1788379088321,3191,3191,10,14.285715103149414,0,156642.11419677734,0,0,4112314368,0,933785600,0
200,1788379088521,3191,3191,10.526315689086914,18.18181800842285,0,156642.11419677734,0,0,4112314368,0,933785600,0
200,1788379088721,3191,3191,5.263157844543457,15.000000953674316,0,156642.11419677734,0,0,4112314368,0,933785600,0
200,1788379088921,3191,3191,14.285715103149414,18.18181800842285,0,156642.47271728516,0,0,4112314368,0,933785600,0
200,1788379089121,3191,3191,10,9.523809432983398,0,156642.47271728516,0,0,4112314368,0,933785600,0
200,1788379089321,3191,3191,11.111111640930176,27.272727966308594,0,156642.47271728516,0,0,4112314368,0,933785600,0
0,1788379089522,3191,3191,5.263157844543457,9.523809432983398,0,156642.47271728516,0,0,4112314368,0,933785600,0
