Delta,Time,CPU_FREQUENCY_0,CPU_FREQUENCY_1,CPU_USAGE_0,CPU_USAGE_1,DRAM_ENERGY (J),PACKAGE_ENERGY (J),PP0_ENERGY (J),PP1_ENERGY (J),TOTAL_MEMORY,TOTAL_SWAP,USED_MEMORY,USED_SWAP
0,1788376112291,3191,3191,9.090909004211426,8.69565200805664,0,155944.40063476563,0,0,4112314368,0,854495232,0
200,1788376112291,3191,3191,9.090909004211426,8.69565200805664,0,155944.40063476563,0,0,4112314368,0,854495232,0
200,1788376112492,3191,3191,0,0,0,155944.40063476563,0,0,4112314368,0,854614016,0
200,1788376112692,3191,3191,0,0,0,155944.40063476563,0,0,4112314368,0,854536192,0
200,1788376112892,3191,3191,0,0,0,155944.43658447266,0,0,4112314368,0,854536192,0
200,1788376113093,3191,3191,0,0,0,155944.43658447266,0,0,4112314368,0,854536192,0
200,1788376113293,3191,3191,0,0,0,155944.43658447266,0,0,4112314368,0,854536192,0
200,1788376113493,3191,3191,0,0,0,155944.43658447266,0,0,4112314368,0,854536192,0
200,1788376113693,3191,3191,0,0,0,155944.43658447266,0,0,4112314368,0,854536192,0
200,1788376113894,3191,3191,0,0,0,155944.43658447266,0,0,4112314368,0,854536192,0
200,1788376114094,3191,3191,0,0,0,155944.43658447266,0,0,4112314368,0,854536192,0
200,1788376114294,3191,3191,0,0,0,155944.43658447266,0,0,4112314368,0,854536192,0
200,1788376114495,3191,3191,0,0,0,155944.43658447266,0,0,4112314368,0,854536192,0
200,1788376114695,3191,3191,0,0,0,155944.43658447266,0,0,4112314368,0,854536192,0
200,1788376114895,3191,3191,0,0,0,155944.4522705078,0,0,4112314368,0,854536192,0
200,1788376115095,3191,3191,0,0,0,155944.4522705078,0,0,4112314368,0,854536192,0
200,1788376115296,3191,3191,0,0,0,155944.4522705078,0,0,4112314368,0,854536192,0
200,1788376115496,3191,3191,0,0,0,155944.4522705078,0,0,4112314368,0,854536192,0
200,1788376115696,3191,3191,0,0,0,155944.4522705078,0,0,4112314368,0,854536192,0
200,1788376115896,3191,3191,0,0,0,155944.4522705078,0,0,4112314368,0,854536192,0
200,1788376116097,3191,3191,0,0,0,155944.4522705078,0,0,4112314368,0,854536192,0
200,1788376116297,3191,3191,0,0,0,155944.4522705078,0,0,4112314368,0,854536192,0
200,1788376116497,3191,3191,0,0,0,155944.4522705078,0,0,4112314368,0,854536192,0
200,1788376116697,3191,3191,0,0,0,155944.4522705078,0,0,4112314368,0,854536192,0
200,1788376116897,3191,3191,0,0,0,155944.49639892578,0,0,4112314368,0,854536192,0
200,1788376117098,3191,3191,0,0,0,155944.49639892578,0,0,4112314368,0,854536192,0
200,1788376117298,3191,3191,0,0,0,155944.49639892578,0,0,4112314368,0,854536192,0
200,1788376117498,3191,3191,0,0,0,155944.49639892578,0,0,4112314368,0,854536192,0
200,1788376117699,3191,3191,0,0,0,155944.49639892578,0,0,4112314368,0,854536192,0
200,1788376117899,3191,3191,0,0,0,155944.50299072266,0,0,4112314368,0,854536192,0
200,1788376118099,3191,3191,0,4.761904716491699,0,155944.50299072266,0,0,4112314368,0,854536192,0
200,1788376118299,3191,3191,0,0,0,155944.50299072266,0,0,4112314368,0,854536192,0
200,1788376118499,3191,3191,4.761904716491699,0,0,155944.50299072266,0,0,4112314368,0,854536192,0
200,1788376118700,3191,3191,0,0,0,155944.50299072266,0,0,4112314368,0,854536192,0
200,1788376118900,3191,3191,0,0,0,155944.51727294922,0,0,4112314368,0,854536192,0
200,1788376119100,3191,3191,0,0,0,155944.51727294922,0,0,4112314368,0,854536192,0
200,1788376119300,3191,3191,0,0,0,155944.51727294922,0,0,4112314368,0,854536192,0
200,1788376119500,3191,3191,0,0,0,155944.51727294922,0,0,4112314368,0,854536192,0
200,1788376119701,3191,3191,0,0,0,155944.51727294922,0,0,4112314368,0,854536192,0
200,1788376119901,3191,3191,0,0,0,155944.51727294922,0,0,4112314368,0,854536192,0
200,1788376120101,3191,3191,0,0,0,155944.51727294922,0,0,4112314368,0,854536192,0
200,1788376120302,3191,3191,0,0,0,155944.51727294922,0,0,4112314368,0,854536192,0
200,1788376120502,3191,3191,0,0,0,155944.51727294922,0,0,4112314368,0,854536192,0
200,1788376120702,3191,3191,0,0,0,155944.51727294922,0,0,4112314368,0,854536192,0
200,1788376120903,3191,3191,0,0,0,155944.53021240234,0,0,4112314368,0,854536192,0
200,1788376121103,3191,3191,0,0,0,155944.53021240234,0,0,4112314368,0,854536192,0
200,1788376121303,3191,3191,0,0,0,155944.53021240234,0,0,4112314368,0,854536192,0
200,1788376121503,3191,3191,0,4.761904716491699,0,155944.53021240234,0,0,4112314368,0,854536192,0
200,1788376121704,3191,3191,0,0,0,155944.53021240234,0,0,4112314368,0,854536192,0
200,1788376121904,3191,3191,0,0,0,155944.54327392578,0,0,4112314368,0,854536192,0
200,1788376122104,3191,3191,0,0,0,155944.54327392578,0,0,4112314368,0,854536192,0
200,1788376122304,3191,3191,0,0,0,155944.54327392578,0,0,4112314368,0,854536192,0
200,1788376122505,3191,3191,0,0,0,155944.54327392578,0,0,4112314368,0,854536192,0
200,1788376122705,3191,3191,0,0,0,155944.54327392578,0,0,4112314368,0,854536192,0
200,1788376122905,3191,3191,0,0,0,155944.54327392578,0,0,4112314368,0,854536192,0
200,1788376123106,3191,3191,0,0,0,155944.54327392578,0,0,4112314368,0,854536192,0
200,1788376123306,3191,3191,0,0,0,155944.54327392578,0,0,4112314368,0,854536192,0
200,1788376123506,3191,3191,0,0,0,155944.54327392578,0,0,4112314368,0,854536192,0
200,1788376123706,3191,3191,0,0,0,155944.54327392578,0,0,4112314368,0,854536192,0
200,1788376123907,3191,3191,0,0,0,155944.56787109375,0,0,4112314368,0,854536192,0
200,1788376124107,3191,3191,0,4.761904716491699,0,155944.56787109375,0,0,4112314368,0,854536192,0
200,1788376124307,3191,3191,0,0,0,155944.56787109375,0,0,4112314368,0,854536192,0
200,1788376124507,3191,3191,0,0,0,155944.56787109375,0,0,4112314368,0,854536192,0
200,1788376124707,3191,3191,0,0,0,155944.56787109375,0,0,4112314368,0,854536192,0
200,1788376124908,3191,3191,0,0,0,155944.56787109375,0,0,4112314368,0,854536192,0
200,1788376125108,3191,3191,0,0,0,155944.56787109375,0,0,4112314368,0,854536192,0
200,1788376125308,3191,3191,0,0,0,155944.56787109375,0,0,4112314368,0,854536192,0
200,1788376125508,3191,3191,0,0,0,155944.56787109375,0,0,4112314368,0,854536192,0
200,1788376125708,3191,3191,0,0,0,155944.56787109375,0,0,4112314368,0,854536192,0
200,1788376125909,3191,3191,0,0,0,155944.59594726563,0,0,4112314368,0,854536192,0
200,1788376126109,3191,3191,4.761904716491699,4.761904716491699,0,155944.59594726563,0,0,4112314368,0,854536192,0
200,1788376126309,3191,3191,0,0,0,155944.59594726563,0,0,4112314368,0,854536192,0
200,1788376126509,3191,3191,0,0,0,155944.59594726563,0,0,4112314368,0,854536192,0
200,1788376126710,3191,3191,0,0,0,155944.59594726563,0,0,4112314368,0,854536192,0
200,1788376126910,3191,3191,0,0,0,155944.59594726563,0,0,4112314368,0,854536192,0
200,1788376127110,3191,3191,0,0,0,155944.59594726563,0,0,4112314368,0,854536192,0
200,1788376127311,3191,3191,0,0,0,155944.59594726563,0,0,4112314368,0,854536192,0
200,1788376127511,3191,3191,0,0,0,155944.59594726563,0,0,4112314368,0,854536192,0
200,1788376127711,3191,3191,0,0,0,155944.59594726563,0,0,4112314368,0,854536192,0
200,1788376127911,3191,3191,0,0,0,155944.60864257813,0,0,4112314368,0,854536192,0
200,1788376128112,3191,3191,0,0,0,155944.60864257813,0,0,4112314368,0,854536192,0
200,1788376128312,3191,3191,0,0,0,155944.60864257813,0,0,4112314368,0,854536192,0
200,1788376128512,3191,3191,0,0,0,155944.60864257813,0,0,4112314368,0,854536192,0
200,1788376128712,3191,3191,0,0,0,155944.60864257813,0,0,4112314368,0,854536192,0
200,1788376128912,3191,3191,0,0,0,155944.60864257813,0,0,4112314368,0,854536192,0
200,1788376129112,3191,3191,0,0,0,155944.60864257813,0,0,4112314368,0,854536192,0
200,1788376129312,3191,3191,0,0,0,155944.60864257813,0,0,4112314368,0,854536192,0
200,1788376129513,3191,3191,0,0,0,155944.60864257813,0,0,4112314368,0,854536192,0
200,1788376129713,3191,3191,0,0,0,155944.60864257813,0,0,4112314368,0,854536192,0
200,1788376129913,3191,3191,0,0,0,155944.62860107422,0,0,4112314368,0,854536192,0
200,1788376130114,3191,3191,0,0,0,155944.62860107422,0,0,4112314368,0,854536192,0
200,1788376130314,3191,3191,0,0,0,155944.62860107422,0,0,4112314368,0,854536192,0
200,1788376130514,3191,3191,0,0,0,155944.62860107422,0,0,4112314368,0,854536192,0
200,1788376130715,3191,3191,0,0,0,155944.62860107422,0,0,4112314368,0,854536192,0
200,1788376130915,3191,3191,0,0,0,155944.62860107422,0,0,4112314368,0,854536192,0
200,1788376131115,3191,3191,0,0,0,155944.62860107422,0,0,4112314368,0,854536192,0
200,1788376131315,3191,3191,0,0,0,155944.62860107422,0,0,4112314368,0,854536192,0
200,1788376131515,3191,3191,0,4.761904716491699,0,155944.62860107422,0,0,4112314368,0,854536192,0
200,1788376131716,3191,3191,0,0,0,155944.62860107422,0,0,4112314368,0,854536192,0
200,1788376131916,3191,3191,0,0,0,155944.64166259766,0,0,4112314368,0,854536192,0
200,1788376132116,3191,3191,0,0,0,155944.64166259766,0,0,4112314368,0,854536192,0
200,1788376132316,3191,3191,0,0,0,155944.64166259766,0,0,4112314368,0,854536192,0
200,1788376132516,3191,3191,0,0,0,155944.64166259766,0,0,4112314368,0,854536192,0
200,1788376132717,3191,3191,0,4.761904716491699,0,155944.64166259766,0,0,4112314368,0,854536192,0
200,1788376132917,3191,3191,0,0,0,155944.65460205078,0,0,4112314368,0,852672512,0
200,1788376133117,3191,3191,0,0,0,155944.65460205078,0,0,4112314368,0,852672512,0
200,1788376133318,3191,3191,0,0,0,155944.65460205078,0,0,4112314368,0,852672512,0
200,1788376133518,3191,3191,0,0,0,155944.65460205078,0,0,4112314368,0,852672512,0
200,1788376133718,3191,3191,0,0,0,155944.65460205078,0,0,4112314368,0,852672512,0
200,1788376133918,3191,3191,0,0,0,155944.65460205078,0,0,4112314368,0,852672512,0
200,1788376134119,3191,3191,0,0,0,155944.65460205078,0,0,4112314368,0,852672512,0
200,1788376134319,3191,3191,0,0,0,155944.65460205078,0,0,4112314368,0,852672512,0
200,1788376134519,3191,3191,0,0,0,155944.65460205078,0,0,4112314368,0,852672512,0
200,1788376134719,3191,3191,0,0,0,155944.65460205078,0,0,4112314368,0,852672512,0
200,1788376134919,3191,3191,0,0,0,155944.67651367188,0,0,4112314368,0,852672512,0
200,1788376135120,3191,3191,0,0,0,155944.67651367188,0,0,4112314368,0,852672512,0
200,1788376135320,3191,3191,0,0,0,155944.67651367188,0,0,4112314368,0,852672512,0
200,1788376135520,3191,3191,0,0,0,155944.67651367188,0,0,4112314368,0,852672512,0
200,1788376135720,3191,3191,0,0,0,155944.67651367188,0,0,4112314368,0,852672512,0
200,1788376135920,3191,3191,0,4.761904716491699,0,155944.6937866211,0,0,4112314368,0,852672512,0
200,1788376136121,3191,3191,4.761904716491699,0,0,155944.6937866211,0,0,4112314368,0,852672512,0
200,1788376136321,3191,3191,0,0,0,155944.6937866211,0,0,4112314368,0,852672512,0
200,1788376136521,3191,3191,0,0,0,155944.6937866211,0,0,4112314368,0,852672512,0
200,1788376136722,3191,3191,4.761904716491699,0,0,155944.6937866211,0,0,4112314368,0,852672512,0
200,1788376136922,3191,3191,0,0,0,155944.72235107422,0,0,4112314368,0,852672512,0
200,1788376137122,3191,3191,0,0,0,155944.72235107422,0,0,4112314368,0,852672512,0
200,1788376137322,3191,3191,0,0,0,155944.72235107422,0,0,4112314368,0,852672512,0
200,1788376137523,3191,3191,0,0,0,155944.72235107422,0,0,4112314368,0,852672512,0
200,1788376137723,3191,3191,0,4.761904716491699,0,155944.72235107422,0,0,4112314368,0,852672512,0
200,1788376137923,3191,3191,0,0,0,155944.72235107422,0,0,4112314368,0,852672512,0
200,1788376138123,3191,3191,0,4.761904716491699,0,155944.72235107422,0,0,4112314368,0,852672512,0
200,1788376138323,3191,3191,0,0,0,155944.72235107422,0,0,4112314368,0,852672512,0
200,1788376138524,3191,3191,0,0,0,155944.72235107422,0,0,4112314368,0,852672512,0
200,1788376138724,3191,3191,0,0,0,155944.72235107422,0,0,4112314368,0,852672512,0
200,1788376138924,3191,3191,0,0,0,155944.73596191406,0,0,4112314368,0,852672512,0
200,1788376139124,3191,3191,0,0,0,155944.73596191406,0,0,4112314368,0,852672512,0
200,1788376139324,3191,3191,0,0,0,155944.73596191406,0,0,4112314368,0,852672512,0
200,1788376139525,3191,3191,0,0,0,155944.73596191406,0,0,4112314368,0,852672512,0
200,1788376139725,3191,3191,0,0,0,155944.73596191406,0,0,4112314368,0,852672512,0
200,1788376139925,3191,3191,0,0,0,155944.73596191406,0,0,4112314368,0,852672512,0
200,1788376140125,3191,3191,0,0,0,155944.73596191406,0,0,4112314368,0,852672512,0
200,1788376140326,3191,3191,0,0,0,155944.73596191406,0,0,4112314368,0,852672512,0
200,1788376140526,3191,3191,0,0,0,155944.73596191406,0,0,4112314368,0,852672512,0
200,1788376140726,3191,3191,0,0,0,155944.73596191406,0,0,4112314368,0,852672512,0
200,1788376140927,3191,3191,0,0,0,155944.75567626953,0,0,4112314368,0,852672512,0
200,1788376141127,3191,3191,0,0,0,155944.75567626953,0,0,4112314368,0,852672512,0
200,1788376141327,3191,3191,0,0,0,155944.75567626953,0,0,4112314368,0,852672512,0
200,1788376141527,3191,3191,4.761904716491699,0,0,155944.75567626953,0,0,4112314368,0,852672512,0
200,1788376141727,3191,3191,0,4.761904716491699,0,155944.75567626953,0,0,4112314368,0,852672512,0
200,1788376141928,3191,3191,0,0,0,155944.7622680664,0,0,4112314368,0,852672512,0
200,1788376142128,3191,3191,0,0,0,155944.7622680664,0,0,4112314368,0,852672512,0
200,1788376142328,3191,3191,0,0,0,155944.7622680664,0,0,4112314368,0,852672512,0
200,1788376142528,3191,3191,0,0,0,155944.7622680664,0,0,4112314368,0,852672512,0
200,1788376142728,3191,3191,0,0,0,155944.7622680664,0,0,4112314368,0,852672512,0
200,1788376142929,3191,3191,0,0,0,155944.77642822266,0,0,4112314368,0,852672512,0
200,1788376143129,3191,3191,0,0,0,155944.77642822266,0,0,4112314368,0,857751552,0
200,1788376143329,3191,3191,0,0,0,155944.77642822266,0,0,4112314368,0,857751552,0
200,1788376143530,3191,3191,0,0,0,155944.77642822266,0,0,4112314368,0,857751552,0
200,1788376143730,3191,3191,0,0,0,155944.77642822266,0,0,4112314368,0,857726976,0
200,1788376143930,3191,3191,0,0,0,155944.8042602539,0,0,4112314368,0,857726976,0
200,1788376144131,3191,3191,0,0,0,155944.8042602539,0,0,4112314368,0,857726976,0
200,1788376144331,3191,3191,0,0,0,155944.8042602539,0,0,4112314368,0,857726976,0
200,1788376144531,3191,3191,0,0,0,155944.8042602539,0,0,4112314368,0,857726976,0
200,1788376144731,3191,3191,0,0,0,155944.8042602539,0,0,4112314368,0,857726976,0
200,1788376144931,3191,3191,0,0,0,155944.81079101563,0,0,4112314368,0,857726976,0
200,1788376145132,3191,3191,0,0,0,155944.81079101563,0,0,4112314368,0,857726976,0
200,1788376145332,3191,3191,0,0,0,155944.81079101563,0,0,4112314368,0,857726976,0
200,1788376145532,3191,3191,0,0,0,155944.81079101563,0,0,4112314368,0,857726976,0
200,1788376145732,3191,3191,0,0,0,155944.81079101563,0,0,4112314368,0,857726976,0
200,1788376145932,3191,3191,0,0,0,155944.81079101563,0,0,4112314368,0,857726976,0
200,1788376146133,3191,3191,0,0,0,155944.81079101563,0,0,4112314368,0,857726976,0
200,1788376146333,3191,3191,0,0,0,155944.81079101563,0,0,4112314368,0,857726976,0
200,1788376146533,3191,3191,0,0,0,155944.81079101563,0,0,4112314368,0,857726976,0
200,1788376146734,3191,3191,0,0,0,155944.81079101563,0,0,4112314368,0,857726976,0
200,1788376146934,3191,3191,0,0,0,155944.83770751953,0,0,4112314368,0,857726976,0
200,1788376147134,3191,3191,0,0,0,155944.83770751953,0,0,4112314368,0,857726976,0
200,1788376147335,3191,3191,0,0,0,155944.83770751953,0,0,4112314368,0,857726976,0
200,1788376147535,3191,3191,0,0,0,155944.83770751953,0,0,4112314368,0,857726976,0
200,1788376147735,3191,3191,0,0,0,155944.83770751953,0,0,4112314368,0,857726976,0
200,1788376147935,3191,3191,0,0,0,155944.83770751953,0,0,4112314368,0,857726976,0
200,1788376148135,3191,3191,0,4.761904716491699,0,155944.83770751953,0,0,4112314368,0,857726976,0
200,1788376148336,3191,3191,0,0,0,155944.83770751953,0,0,4112314368,0,857726976,0
200,1788376148536,3191,3191,0,0,0,155944.83770751953,0,0,4112314368,0,857726976,0
200,1788376148736,3191,3191,0,0,0,155944.83770751953,0,0,4112314368,0,857726976,0
200,1788376148936,3191,3191,0,0,0,155944.85333251953,0,0,4112314368,0,857726976,0
200,1788376149136,3191,3191,0,0,0,155944.85333251953,0,0,4112314368,0,857726976,0
200,1788376149337,3191,3191,0,0,0,155944.85333251953,0,0,4112314368,0,857726976,0
200,1788376149537,3191,3191,0,0,0,155944.85333251953,0,0,4112314368,0,857726976,0
200,1788376149737,3191,3191,0,0,0,155944.85333251953,0,0,4112314368,0,857726976,0
200,1788376149938,3191,3191,0,0,0,155944.86614990234,0,0,4112314368,0,857726976,0
200,1788376150138,3191,3191,0,0,0,155944.86614990234,0,0,4112314368,0,857726976,0
200,1788376150338,3191,3191,0,0,0,155944.86614990234,0,0,4112314368,0,857726976,0
200,1788376150539,3191,3191,0,0,0,155944.86614990234,0,0,4112314368,0,857726976,0
200,1788376150739,3191,3191,0,0,0,155944.86614990234,0,0,4112314368,0,857726976,0
200,1788376150939,3191,3191,0,4.761904716491699,0,155944.86614990234,0,0,4112314368,0,857726976,0
200,1788376151139,3191,3191,0,0,0,155944.86614990234,0,0,4112314368,0,857726976,0
200,1788376151339,3191,3191,0,0,0,155944.86614990234,0,0,4112314368,0,857726976,0
200,1788376151539,3191,3191,4.761904716491699,0,0,155944.86614990234,0,0,4112314368,0,857726976,0
200,1788376151740,3191,3191,0,0,0,155944.86614990234,0,0,4112314368,0,857726976,0
200,1788376151940,3191,3191,0,0,0,155944.8787841797,0,0,4112314368,0,857726976,0
200,1788376152140,3191,3191,0,0,0,155944.8787841797,0,0,4112314368,0,857726976,0
200,1788376152340,3191,3191,0,0,0,155944.8787841797,0,0,4112314368,0,857726976,0
200,1788376152540,3191,3191,0,0,0,155944.8787841797,0,0,4112314368,0,857726976,0
200,1788376152741,3191,3191,0,0,0,155944.8787841797,0,0,4112314368,0,857726976,0
200,1788376152941,3191,3191,0,0,0,155944.8787841797,0,0,4112314368,0,857726976,0
200,1788376153141,3191,3191,0,0,0,155944.8787841797,0,0,4112314368,0,857726976,0
200,1788376153341,3191,3191,0,0,0,155944.8787841797,0,0,4112314368,0,857726976,0
200,1788376153542,3191,3191,0,5,0,155944.8787841797,0,0,4112314368,0,856469504,0
200,1788376153742,3191,3191,0,0,0,155944.8787841797,0,0,4112314368,0,856469504,0
200,1788376153942,3191,3191,4.761904716491699,0,0,155944.90338134766,0,0,4112314368,0,856469504,0
200,1788376154143,3191,3191,0,0,0,155944.90338134766,0,0,4112314368,0,856469504,0
200,1788376154343,3191,3191,0,0,0,155944.90338134766,0,0,4112314368,0,856469504,0
200,1788376154543,3191,3191,0,0,0,155944.90338134766,0,0,4112314368,0,856469504,0
200,1788376154743,3191,3191,0,0,0,155944.90338134766,0,0,4112314368,0,856469504,0
200,1788376154943,3191,3191,0,0,0,155944.90338134766,0,0,4112314368,0,856469504,0
200,1788376155144,3191,3191,0,0,0,155944.90338134766,0,0,4112314368,0,856469504,0
200,1788376155344,3191,3191,0,0,0,155944.90338134766,0,0,4112314368,0,856469504,0
200,1788376155544,3191,3191,0,0,0,155944.90338134766,0,0,4112314368,0,856469504,0
200,1788376155744,3191,3191,0,0,0,155944.90338134766,0,0,4112314368,0,856469504,0
200,1788376155944,3191,3191,0,0,0,155944.90338134766,0,0,4112314368,0,856469504,0
200,1788376156144,3191,3191,0,0,0,155944.90338134766,0,0,4112314368,0,856469504,0
200,1788376156345,3191,3191,0,0,0,155944.90338134766,0,0,4112314368,0,856469504,0
200,1788376156545,3191,3191,0,0,0,155944.90338134766,0,0,4112314368,0,856469504,0
200,1788376156745,3191,3191,0,0,0,155944.90338134766,0,0,4112314368,0,856469504,0
200,1788376156945,3191,3191,0,0,0,155944.97485351563,0,0,4112314368,0,856469504,0
200,1788376157146,3191,3191,0,0,0,155944.97485351563,0,0,4112314368,0,856469504,0
200,1788376157346,3191,3191,0,0,0,155944.97485351563,0,0,4112314368,0,856469504,0
200,1788376157546,3191,3191,0,0,0,155944.97485351563,0,0,4112314368,0,856469504,0
200,1788376157747,3191,3191,0,0,0,155944.97485351563,0,0,4112314368,0,856469504,0
200,1788376157947,3191,3191,0,0,0,155944.97485351563,0,0,4112314368,0,856469504,0
200,1788376158147,3191,3191,0,0,0,155944.97485351563,0,0,4112314368,0,856469504,0
200,1788376158347,3191,3191,4.761904716491699,0,0,155944.97485351563,0,0,4112314368,0,856469504,0
200,1788376158547,3191,3191,0,0,0,155944.97485351563,0,0,4112314368,0,856469504,0
200,1788376158748,3191,3191,0,0,0,155944.97485351563,0,0,4112314368,0,856469504,0
200,1788376158948,3191,3191,0,0,0,155944.98876953125,0,0,4112314368,0,856469504,0
200,1788376159148,3191,3191,0,0,0,155944.98876953125,0,0,4112314368,0,856469504,0
200,1788376159348,3191,3191,0,0,0,155944.98876953125,0,0,4112314368,0,856469504,0
200,1788376159549,3191,3191,0,0,0,155944.98876953125,0,0,4112314368,0,856469504,0
200,1788376159749,3191,3191,0,0,0,155944.98876953125,0,0,4112314368,0,856469504,0
200,1788376159949,3191,3191,0,0,0,155944.98876953125,0,0,4112314368,0,856469504,0
200,1788376160149,3191,3191,0,0,0,155944.98876953125,0,0,4112314368,0,856469504,0
200,1788376160350,3191,3191,0,0,0,155944.98876953125,0,0,4112314368,0,856469504,0
200,1788376160550,3191,3191,0,0,0,155944.98876953125,0,0,4112314368,0,856469504,0
200,1788376160750,3191,3191,0,0,0,155944.98876953125,0,0,4112314368,0,856469504,0
200,1788376160951,3191,3191,0,0,0,155945.00158691406,0,0,4112314368,0,856469504,0
200,1788376161151,3191,3191,0,0,0,155945.00158691406,0,0,4112314368,0,856469504,0
200,1788376161351,3191,3191,0,0,0,155945.00158691406,0,0,4112314368,0,856469504,0
200,1788376161551,3191,3191,0,0,0,155945.00158691406,0,0,4112314368,0,856469504,0
200,1788376161751,3191,3191,4.761904716491699,4.761904716491699,0,155945.00158691406,0,0,4112314368,0,856469504,0
200,1788376161952,3191,3191,0,0,0,155945.00158691406,0,0,4112314368,0,856469504,0
200,1788376162152,3191,3191,0,0,0,155945.00158691406,0,0,4112314368,0,856469504,0
200,1788376162352,3191,3191,0,0,0,155945.00158691406,0,0,4112314368,0,856469504,0
200,1788376162552,3191,3191,0,0,0,155945.00158691406,0,0,4112314368,0,856469504,0
200,1788376162752,3191,3191,0,0,0,155945.00158691406,0,0,4112314368,0,856469504,0
200,1788376162952,3191,3191,0,0,0,155945.00158691406,0,0,4112314368,0,856469504,0
200,1788376163153,3191,3191,0,0,0,155945.00158691406,0,0,4112314368,0,856469504,0
200,1788376163353,3191,3191,0,0,0,155945.00158691406,0,0,4112314368,0,856469504,0
200,1788376163553,3191,3191,0,0,0,155945.00158691406,0,0,4112314368,0,856469504,0
200,1788376163754,3191,3191,4.761904716491699,5,0,155945.00158691406,0,0,4112314368,0,857440256,0
200,1788376163954,3191,3191,0,0,0,155945.03076171875,0,0,4112314368,0,857440256,0
200,1788376164154,3191,3191,0,0,0,155945.03076171875,0,0,4112314368,0,857440256,0
200,1788376164354,3191,3191,0,0,0,155945.03076171875,0,0,4112314368,0,857440256,0
200,1788376164555,3191,3191,0,0,0,155945.03076171875,0,0,4112314368,0,857440256,0
200,1788376164755,3191,3191,0,0,0,155945.03076171875,0,0,4112314368,0,857419776,0
200,1788376164955,3191,3191,4.761904716491699,0,0,155945.03076171875,0,0,4112314368,0,857419776,0
200,1788376165156,3191,3191,0,0,0,155945.03076171875,0,0,4112314368,0,857419776,0
200,1788376165356,3191,3191,0,0,0,155945.03076171875,0,0,4112314368,0,857419776,0
200,1788376165556,3191,3191,0,0,0,155945.03076171875,0,0,4112314368,0,857419776,0
200,1788376165756,3191,3191,0,0,0,155945.03076171875,0,0,4112314368,0,857419776,0
200,1788376165956,3191,3191,0,0,0,155945.05334472656,0,0,4112314368,0,857419776,0
200,1788376166156,3191,3191,0,0,0,155945.05334472656,0,0,4112314368,0,857419776,0
200,1788376166356,3191,3191,0,0,0,155945.05334472656,0,0,4112314368,0,857419776,0
200,1788376166557,3191,3191,0,0,0,155945.05334472656,0,0,4112314368,0,857419776,0
200,1788376166757,3191,3191,0,0,0,155945.05334472656,0,0,4112314368,0,857419776,0
200,1788376166957,3191,3191,0,0,0,155945.08459472656,0,0,4112314368,0,857419776,0
200,1788376167158,3191,3191,0,0,0,155945.08459472656,0,0,4112314368,0,857419776,0
200,1788376167358,3191,3191,0,0,0,155945.08459472656,0,0,4112314368,0,857419776,0
200,1788376167558,3191,3191,0,0,0,155945.08459472656,0,0,4112314368,0,857419776,0
200,1788376167759,3191,3191,0,0,0,155945.08459472656,0,0,4112314368,0,857419776,0
200,1788376167959,3191,3191,0,4.761904716491699,0,155945.08459472656,0,0,4112314368,0,857419776,0
200,1788376168159,3191,3191,0,0,0,155945.08459472656,0,0,4112314368,0,857419776,0
200,1788376168359,3191,3191,0,4.761904716491699,0,155945.08459472656,0,0,4112314368,0,857419776,0
200,1788376168560,3191,3191,0,0,0,155945.08459472656,0,0,4112314368,0,857419776,0
200,1788376168760,3191,3191,0,0,0,155945.08459472656,0,0,4112314368,0,857419776,0
200,1788376168960,3191,3191,0,0,0,155945.09161376953,0,0,4112314368,0,857419776,0
200,1788376169160,3191,3191,0,0,0,155945.09161376953,0,0,4112314368,0,857419776,0
200,1788376169360,3191,3191,0,0,0,155945.09161376953,0,0,4112314368,0,857419776,0
200,1788376169561,3191,3191,0,0,0,155945.09161376953,0,0,4112314368,0,857419776,0
200,1788376169761,3191,3191,4.761904716491699,0,0,155945.09161376953,0,0,4112314368,0,857419776,0
200,1788376169961,3191,3191,0,0,0,155945.09161376953,0,0,4112314368,0,857419776,0
200,1788376170162,3191,3191,0,0,0,155945.09161376953,0,0,4112314368,0,857419776,0
200,1788376170362,3191,3191,0,0,0,155945.09161376953,0,0,4112314368,0,857419776,0
200,1788376170562,3191,3191,0,0,0,155945.09161376953,0,0,4112314368,0,857419776,0
200,1788376170762,3191,3191,0,0,0,155945.09161376953,0,0,4112314368,0,857419776,0
200,1788376170963,3191,3191,0,0,0,155945.1068725586,0,0,4112314368,0,857419776,0
200,1788376171163,3191,3191,0,0,0,155945.1068725586,0,0,4112314368,0,857419776,0
200,1788376171363,3191,3191,0,0,0,155945.1068725586,0,0,4112314368,0,857419776,0
200,1788376171563,3191,3191,0,0,0,155945.1068725586,0,0,4112314368,0,857419776,0
200,1788376171764,3191,3191,0,0,0,155945.1068725586,0,0,4112314368,0,857419776,0
200,1788376171964,3191,3191,0,0,0,155945.1068725586,0,0,4112314368,0,857419776,0
200,1788376172164,3191,3191,0,0,0,155945.1068725586,0,0,4112314368,0,857419776,0
200,1788376172364,3191,3191,0,0,0,155945.1068725586,0,0,4112314368,0,857419776,0
200,1788376172565,3191,3191,0,0,0,155945.1068725586,0,0,4112314368,0,857419776,0
200,1788376172765,3191,3191,0,0,0,155945.1068725586,0,0,4112314368,0,857419776,0
200,1788376172965,3191,3191,0,0,0,155945.11975097656,0,0,4112314368,0,857419776,0
200,1788376173165,3191,3191,0,0,0,155945.11975097656,0,0,4112314368,0,857419776,0
200,1788376173366,3191,3191,0,0,0,155945.11975097656,0,0,4112314368,0,857419776,0
200,1788376173566,3191,3191,0,0,0,155945.11975097656,0,0,4112314368,0,857419776,0
200,1788376173766,3191,3191,0,0,0,155945.11975097656,0,0,4112314368,0,857419776,0
200,1788376173966,3191,3191,0,0,0,155945.11975097656,0,0,4112314368,0,857419776,0
200,1788376174167,3191,3191,0,0,0,155945.11975097656,0,0,4112314368,0,857419776,0
200,1788376174367,3191,3191,0,0,0,155945.11975097656,0,0,4112314368,0,857419776,0
200,1788376174567,3191,3191,0,0,0,155945.11975097656,0,0,4112314368,0,857411584,0
200,1788376174767,3191,3191,4.761904716491699,0,0,155945.11975097656,0,0,4112314368,0,857411584,0
200,1788376174968,3191,3191,0,0,0,155945.15173339844,0,0,4112314368,0,857411584,0
200,1788376175168,3191,3191,0,0,0,155945.15173339844,0,0,4112314368,0,857411584,0
200,1788376175368,3191,3191,0,0,0,155945.15173339844,0,0,4112314368,0,857411584,0
200,1788376175568,3191,3191,0,0,0,155945.15173339844,0,0,4112314368,0,857411584,0
200,1788376175768,3191,3191,0,0,0,155945.15173339844,0,0,4112314368,0,857411584,0
200,1788376175968,3191,3191,0,0,0,155945.15173339844,0,0,4112314368,0,857411584,0
200,1788376176169,3191,3191,0,0,0,155945.15173339844,0,0,4112314368,0,857411584,0
200,1788376176369,3191,3191,0,0,0,155945.15173339844,0,0,4112314368,0,857411584,0
200,1788376176569,3191,3191,0,0,0,155945.15173339844,0,0,4112314368,0,857411584,0
200,1788376176770,3191,3191,0,0,0,155945.15173339844,0,0,4112314368,0,857411584,0
200,1788376176970,3191,3191,0,0,0,155945.17651367188,0,0,4112314368,0,857411584,0
200,1788376177170,3191,3191,0,0,0,155945.17651367188,0,0,4112314368,0,857411584,0
200,1788376177371,3191,3191,0,0,0,155945.17651367188,0,0,4112314368,0,857411584,0
200,1788376177571,3191,3191,0,0,0,155945.17651367188,0,0,4112314368,0,857411584,0
200,1788376177771,3191,3191,0,0,0,155945.17651367188,0,0,4112314368,0,857411584,0
200,1788376177971,3191,3191,0,0,0,155945.17651367188,0,0,4112314368,0,857411584,0
200,1788376178172,3191,3191,0,0,0,155945.17651367188,0,0,4112314368,0,857411584,0
200,1788376178372,3191,3191,0,0,0,155945.17651367188,0,0,4112314368,0,857411584,0
200,1788376178572,3191,3191,0,0,0,155945.17651367188,0,0,4112314368,0,857411584,0
200,1788376178772,3191,3191,0,0,0,155945.17651367188,0,0,4112314368,0,857411584,0
200,1788376178973,3191,3191,0,0,0,155945.1903076172,0,0,4112314368,0,857411584,0
200,1788376179173,3191,3191,0,0,0,155945.1903076172,0,0,4112314368,0,857411584,0
200,1788376179373,3191,3191,0,0,0,155945.1903076172,0,0,4112314368,0,857411584,0
200,1788376179574,3191,3191,0,0,0,155945.1903076172,0,0,4112314368,0,857411584,0
200,1788376179774,3191,3191,0,0,0,155945.1903076172,0,0,4112314368,0,857411584,0
200,1788376179974,3191,3191,0,0,0,155945.1903076172,0,0,4112314368,0,857411584,0
200,1788376180174,3191,3191,0,0,0,155945.1903076172,0,0,4112314368,0,857411584,0
200,1788376180375,3191,3191,0,0,0,155945.1903076172,0,0,4112314368,0,857411584,0
200,1788376180575,3191,3191,0,0,0,155945.1903076172,0,0,4112314368,0,857411584,0
200,1788376180775,3191,3191,0,0,0,155945.1903076172,0,0,4112314368,0,857411584,0
200,1788376180975,3191,3191,4.761904716491699,0,0,155945.2030029297,0,0,4112314368,0,857411584,0
200,1788376181176,3191,3191,0,0,0,155945.2030029297,0,0,4112314368,0,857411584,0
200,1788376181376,3191,3191,0,0,0,155945.2030029297,0,0,4112314368,0,857411584,0
200,1788376181576,3191,3191,0,0,0,155945.2030029297,0,0,4112314368,0,857411584,0
200,1788376181776,3191,3191,0,0,0,155945.2030029297,0,0,4112314368,0,857411584,0
200,1788376181976,3191,3191,0,0,0,155945.2030029297,0,0,4112314368,0,857411584,0
200,1788376182176,3191,3191,0,0,0,155945.2030029297,0,0,4112314368,0,857411584,0
200,1788376182377,3191,3191,0,0,0,155945.2030029297,0,0,4112314368,0,857411584,0
200,1788376182577,3191,3191,0,0,0,155945.2030029297,0,0,4112314368,0,857411584,0
200,1788376182777,3191,3191,0,0,0,155945.2030029297,0,0,4112314368,0,857411584,0
200,1788376182978,3191,3191,0,0,0,155945.2030029297,0,0,4112314368,0,857411584,0
200,1788376183178,3191,3191,0,0,0,155945.2030029297,0,0,4112314368,0,857411584,0
200,1788376183378,3191,3191,0,0,0,155945.2030029297,0,0,4112314368,0,857411584,0
200,1788376183578,3191,3191,0,0,0,155945.2030029297,0,0,4112314368,0,857411584,0
200,1788376183779,3191,3191,0,0,0,155945.2030029297,0,0,4112314368,0,857411584,0
200,1788376183979,3191,3191,0,0,0,155945.224609375,0,0,4112314368,0,857411584,0
200,1788376184179,3191,3191,0,0,0,155945.224609375,0,0,4112314368,0,857411584,0
200,1788376184379,3191,3191,4.761904716491699,0,0,155945.224609375,0,0,4112314368,0,857411584,0
200,1788376184580,3191,3191,0,0,0,155945.224609375,0,0,4112314368,0,857411584,0
200,1788376184780,3191,3191,0,0,0,155945.224609375,0,0,4112314368,0,857411584,0
200,1788376184980,3191,3191,0,0,0,155945.224609375,0,0,4112314368,0,857411584,0
200,1788376185180,3191,3191,0,0,0,155945.224609375,0,0,4112314368,0,857411584,0
200,1788376185380,3191,3191,0,0,0,155945.224609375,0,0,4112314368,0,857411584,0
200,1788376185581,3191,3191,0,0,0,155945.224609375,0,0,4112314368,0,857411584,0
200,1788376185781,3191,3191,0,0,0,155945.224609375,0,0,4112314368,0,857411584,0
200,1788376185981,3191,3191,0,0,0,155945.2826538086,0,0,4112314368,0,857411584,0
200,1788376186181,3191,3191,0,0,0,155945.2826538086,0,0,4112314368,0,857411584,0
200,1788376186382,3191,3191,0,0,0,155945.2826538086,0,0,4112314368,0,857411584,0
200,1788376186582,3191,3191,0,0,0,155945.2826538086,0,0,4112314368,0,857411584,0
200,1788376186782,3191,3191,0,0,0,155945.2826538086,0,0,4112314368,0,857411584,0
200,1788376186983,3191,3191,0,0,0,155945.28979492188,0,0,4112314368,0,857411584,0
200,1788376187183,3191,3191,0,0,0,155945.28979492188,0,0,4112314368,0,857411584,0
200,1788376187383,3191,3191,0,0,0,155945.28979492188,0,0,4112314368,0,857411584,0
200,1788376187583,3191,3191,4.761904716491699,0,0,155945.28979492188,0,0,4112314368,0,857411584,0
200,1788376187784,3191,3191,0,0,0,155945.28979492188,0,0,4112314368,0,857411584,0
200,1788376187984,3191,3191,0,0,0,155945.28979492188,0,0,4112314368,0,857411584,0
200,1788376188184,3191,3191,0,0,0,155945.28979492188,0,0,4112314368,0,857411584,0
200,1788376188384,3191,3191,0,0,0,155945.28979492188,0,0,4112314368,0,857411584,0
200,1788376188584,3191,3191,0,0,0,155945.28979492188,0,0,4112314368,0,857411584,0
200,1788376188785,3191,3191,0,0,0,155945.28979492188,0,0,4112314368,0,857411584,0
200,1788376188985,3191,3191,0,0,0,155945.30297851563,0,0,4112314368,0,857411584,0
200,1788376189185,3191,3191,0,0,0,155945.30297851563,0,0,4112314368,0,857411584,0
200,1788376189386,3191,3191,0,0,0,155945.30297851563,0,0,4112314368,0,857411584,0
200,1788376189586,3191,3191,0,0,0,155945.30297851563,0,0,4112314368,0,857411584,0
200,1788376189786,3191,3191,0,0,0,155945.30297851563,0,0,4112314368,0,857411584,0
200,1788376189987,3191,3191,0,0,0,155945.30297851563,0,0,4112314368,0,857411584,0
200,1788376190187,3191,3191,0,4.761904716491699,0,155945.30297851563,0,0,4112314368,0,857411584,0
200,1788376190387,3191,3191,0,0,0,155945.30297851563,0,0,4112314368,0,857411584,0
200,1788376190588,3191,3191,4.761904716491699,0,0,155945.30297851563,0,0,4112314368,0,857411584,0
200,1788376190788,3191,3191,0,0,0,155945.30297851563,0,0,4112314368,0,857411584,0
200,1788376190988,3191,3191,0,0,0,155945.3158569336,0,0,4112314368,0,857411584,0
200,1788376191188,3191,3191,0,0,0,155945.3158569336,0,0,4112314368,0,857411584,0
200,1788376191388,3191,3191,0,0,0,155945.3158569336,0,0,4112314368,0,857411584,0
200,1788376191589,3191,3191,0,0,0,155945.3158569336,0,0,4112314368,0,857411584,0
200,1788376191789,3191,3191,0,0,0,155945.3158569336,0,0,4112314368,0,857411584,0
200,1788376191989,3191,3191,0,0,0,155945.3158569336,0,0,4112314368,0,857411584,0
200,1788376192190,3191,3191,0,0,0,155945.3158569336,0,0,4112314368,0,857411584,0
200,1788376192390,3191,3191,0,0,0,155945.3158569336,0,0,4112314368,0,857411584,0
200,1788376192590,3191,3191,0,0,0,155945.3158569336,0,0,4112314368,0,857411584,0
200,1788376192791,3191,3191,0,0,0,155945.3158569336,0,0,4112314368,0,857411584,0
200,1788376192991,3191,3191,0,0,0,155945.32904052734,0,0,4112314368,0,857411584,0
200,1788376193191,3191,3191,0,0,0,155945.32904052734,0,0,4112314368,0,857411584,0
200,1788376193391,3191,3191,0,0,0,155945.32904052734,0,0,4112314368,0,857411584,0
200,1788376193591,3191,3191,0,0,0,155945.32904052734,0,0,4112314368,0,857411584,0
200,1788376193792,3191,3191,0,0,0,155945.32904052734,0,0,4112314368,0,857411584,0
200,1788376193992,3191,3191,0,0,0,155945.32904052734,0,0,4112314368,0,857411584,0
200,1788376194192,3191,3191,0,0,0,155945.32904052734,0,0,4112314368,0,857411584,0
200,1788376194392,3191,3191,0,0,0,155945.32904052734,0,0,4112314368,0,857411584,0
200,1788376194592,3191,3191,0,0,0,155945.32904052734,0,0,4112314368,0,857411584,0
200,1788376194792,3191,3191,0,0,0,155945.32904052734,0,0,4112314368,0,857411584,0
200,1788376194993,3191,3191,0,0,0,155945.3540649414,0,0,4112314368,0,857411584,0
200,1788376195193,3191,3191,0,0,0,155945.3540649414,0,0,4112314368,0,857411584,0
200,1788376195393,3191,3191,0,0,0,155945.3540649414,0,0,4112314368,0,857411584,0
200,1788376195593,3191,3191,0,0,0,155945.3540649414,0,0,4112314368,0,857411584,0
200,1788376195793,3191,3191,0,0,0,155945.3540649414,0,0,4112314368,0,857411584,0
200,1788376195994,3191,3191,0,0,0,155945.3540649414,0,0,4112314368,0,857411584,0
200,1788376196194,3191,3191,0,0,0,155945.3540649414,0,0,4112314368,0,857411584,0
200,1788376196394,3191,3191,0,0,0,155945.3540649414,0,0,4112314368,0,857411584,0
200,1788376196594,3191,3191,0,0,0,155945.3540649414,0,0,4112314368,0,857411584,0
200,1788376196795,3191,3191,0,0,0,155945.3540649414,0,0,4112314368,0,857411584,0
200,1788376196995,3191,3191,0,0,0,155945.36712646484,0,0,4112314368,0,857411584,0
200,1788376197195,3191,3191,0,0,0,155945.36712646484,0,0,4112314368,0,857411584,0
200,1788376197396,3191,3191,0,0,0,155945.36712646484,0,0,4112314368,0,857411584,0
200,1788376197596,3191,3191,0,0,0,155945.36712646484,0,0,4112314368,0,857411584,0
200,1788376197796,3191,3191,0,0,0,155945.36712646484,0,0,4112314368,0,857411584,0
200,1788376197996,3191,3191,0,0,0,155945.36712646484,0,0,4112314368,0,857411584,0
200,1788376198196,3191,3191,0,0,0,155945.36712646484,0,0,4112314368,0,857411584,0
200,1788376198397,3191,3191,0,0,0,155945.36712646484,0,0,4112314368,0,857411584,0
200,1788376198597,3191,3191,0,0,0,155945.36712646484,0,0,4112314368,0,857411584,0
200,1788376198797,3191,3191,0,0,0,155945.36712646484,0,0,4112314368,0,857411584,0
200,1788376198997,3191,3191,0,0,0,155945.37353515625,0,0,4112314368,0,857411584,0
200,1788376199198,3191,3191,0,0,0,155945.37353515625,0,0,4112314368,0,857411584,0
200,1788376199398,3191,3191,0,0,0,155945.37353515625,0,0,4112314368,0,857411584,0
200,1788376199598,3191,3191,0,0,0,155945.37353515625,0,0,4112314368,0,857411584,0
200,1788376199799,3191,3191,0,0,0,155945.37353515625,0,0,4112314368,0,857411584,0
200,1788376199999,3191,3191,0,0,0,155945.37353515625,0,0,4112314368,0,857411584,0
200,1788376200199,3191,3191,4.761904716491699,0,0,155945.37353515625,0,0,4112314368,0,857411584,0
200,1788376200400,3191,3191,0,0,0,155945.37353515625,0,0,4112314368,0,857411584,0
200,1788376200600,3191,3191,0,0,0,155945.37353515625,0,0,4112314368,0,857411584,0
200,1788376200800,3191,3191,0,0,0,155945.37353515625,0,0,4112314368,0,857411584,0
200,1788376201000,3191,3191,0,0,0,155945.38708496094,0,0,4112314368,0,857411584,0
200,1788376201200,3191,3191,0,0,0,155945.38708496094,0,0,4112314368,0,857411584,0
200,1788376201400,3191,3191,4.761904716491699,0,0,155945.38708496094,0,0,4112314368,0,857411584,0
200,1788376201601,3191,3191,0,0,0,155945.38708496094,0,0,4112314368,0,857411584,0
200,1788376201801,3191,3191,0,0,0,155945.38708496094,0,0,4112314368,0,857411584,0
200,1788376202001,3191,3191,0,0,0,155945.38708496094,0,0,4112314368,0,857411584,0
200,1788376202202,3191,3191,0,0,0,155945.38708496094,0,0,4112314368,0,857411584,0
200,1788376202402,3191,3191,0,0,0,155945.38708496094,0,0,4112314368,0,857411584,0
200,1788376202602,3191,3191,0,0,0,155945.38708496094,0,0,4112314368,0,857411584,0
200,1788376202802,3191,3191,0,0,0,155945.38708496094,0,0,4112314368,0,857411584,0
200,1788376203003,3191,3191,0,0,0,155945.40686035156,0,0,4112314368,0,857411584,0
200,1788376203203,3191,3191,0,0,0,155945.40686035156,0,0,4112314368,0,857411584,0
200,1788376203403,3191,3191,0,0,0,155945.40686035156,0,0,4112314368,0,857411584,0
200,1788376203603,3191,3191,0,0,0,155945.40686035156,0,0,4112314368,0,857411584,0
200,1788376203804,3191,3191,0,0,0,155945.40686035156,0,0,4112314368,0,857411584,0
200,1788376204004,3191,3191,0,4.761904716491699,0,155945.40686035156,0,0,4112314368,0,857411584,0
200,1788376204204,3191,3191,0,0,0,155945.40686035156,0,0,4112314368,0,857411584,0
200,1788376204404,3191,3191,0,0,0,155945.40686035156,0,0,4112314368,0,857411584,0
200,1788376204604,3191,3191,0,0,0,155945.40686035156,0,0,4112314368,0,857411584,0
200,1788376204805,3191,3191,0,0,0,155945.40686035156,0,0,4112314368,0,857411584,0
200,1788376205005,3191,3191,0,0,0,155945.42779541016,0,0,4112314368,0,857411584,0
200,1788376205205,3191,3191,0,0,0,155945.42779541016,0,0,4112314368,0,857411584,0
200,1788376205406,3191,3191,0,0,0,155945.42779541016,0,0,4112314368,0,857411584,0
200,1788376205606,3191,3191,0,0,0,155945.42779541016,0,0,4112314368,0,857411584,0
200,1788376205806,3191,3191,0,0,0,155945.42779541016,0,0,4112314368,0,857411584,0
200,1788376206006,3191,3191,0,0,0,155945.42779541016,0,0,4112314368,0,857411584,0
200,1788376206207,3191,3191,0,0,0,155945.42779541016,0,0,4112314368,0,857411584,0
200,1788376206407,3191,3191,0,0,0,155945.42779541016,0,0,4112314368,0,857411584,0
200,1788376206607,3191,3191,0,0,0,155945.42779541016,0,0,4112314368,0,857411584,0
200,1788376206807,3191,3191,4.761904716491699,0,0,155945.42779541016,0,0,4112314368,0,857411584,0
200,1788376207007,3191,3191,0,0,0,155945.4458618164,0,0,4112314368,0,857411584,0
199,1788376207207,3191,3191,0,0,0,155945.4458618164,0,0,4112314368,0,857411584,0
200,1788376207408,3191,3191,0,0,0,155945.4458618164,0,0,4112314368,0,857411584,0
200,1788376207608,3191,3191,0,0,0,155945.4458618164,0,0,4112314368,0,857411584,0
200,1788376207808,3191,3191,0,0,0,155945.4458618164,0,0,4112314368,0,857411584,0
200,1788376208008,3191,3191,0,0,0,155945.4458618164,0,0,4112314368,0,857411584,0
200,1788376208208,3191,3191,0,0,0,155945.4458618164,0,0,4112314368,0,857411584,0
200,1788376208409,3191,3191,0,0,0,155945.4458618164,0,0,4112314368,0,857411584,0
200,1788376208609,3191,3191,0,0,0,155945.4458618164,0,0,4112314368,0,857411584,0
200,1788376208809,3191,3191,0,0,0,155945.4458618164,0,0,4112314368,0,857411584,0
200,1788376209010,3191,3191,0,0,0,155945.45849609375,0,0,4112314368,0,857411584,0
200,1788376209210,3191,3191,0,0,0,155945.45849609375,0,0,4112314368,0,857411584,0
200,1788376209410,3191,3191,0,0,0,155945.45849609375,0,0,4112314368,0,857411584,0
200,1788376209611,3191,3191,0,0,0,155945.45849609375,0,0,4112314368,0,857411584,0
200,1788376209811,3191,3191,0,0,0,155945.45849609375,0,0,4112314368,0,857411584,0
200,1788376210011,3191,3191,0,0,0,155945.45849609375,0,0,4112314368,0,857411584,0
200,1788376210211,3191,3191,0,0,0,155945.45849609375,0,0,4112314368,0,857411584,0
200,1788376210412,3191,3191,0,0,0,155945.45849609375,0,0,4112314368,0,857411584,0
200,1788376210612,3191,3191,0,0,0,155945.45849609375,0,0,4112314368,0,857411584,0
200,1788376210812,3191,3191,0,0,0,155945.45849609375,0,0,4112314368,0,857411584,0
200,1788376211012,3191,3191,0,0,0,155945.4718017578,0,0,4112314368,0,857411584,0
200,1788376211213,3191,3191,0,0,0,155945.4718017578,0,0,4112314368,0,857411584,0
200,1788376211413,3191,3191,0,0,0,155945.4718017578,0,0,4112314368,0,857411584,0
200,1788376211613,3191,3191,0,0,0,155945.4718017578,0,0,4112314368,0,857411584,0
200,1788376211814,3191,3191,0,0,0,155945.4718017578,0,0,4112314368,0,857411584,0
200,1788376212014,3191,3191,0,0,0,155945.4718017578,0,0,4112314368,0,857411584,0
200,1788376212215,3191,3191,0,0,0,155945.4718017578,0,0,4112314368,0,857411584,0
200,1788376212415,3191,3191,0,0,0,155945.4718017578,0,0,4112314368,0,857411584,0
200,1788376212615,3191,3191,0,0,0,155945.4718017578,0,0,4112314368,0,857411584,0
200,1788376212815,3191,3191,4.761904716491699,0,0,155945.4718017578,0,0,4112314368,0,857411584,0
200,1788376213015,3191,3191,0,0,0,155945.4844970703,0,0,4112314368,0,857411584,0
200,1788376213216,3191,3191,0,0,0,155945.4844970703,0,0,4112314368,0,857411584,0
200,1788376213416,3191,3191,4.761904716491699,0,0,155945.4844970703,0,0,4112314368,0,857411584,0
200,1788376213616,3191,3191,0,0,0,155945.4844970703,0,0,4112314368,0,857411584,0
200,1788376213816,3191,3191,0,0,0,155945.4844970703,0,0,4112314368,0,857411584,0
200,1788376214016,3191,3191,0,0,0,155945.4844970703,0,0,4112314368,0,857411584,0
200,1788376214217,3191,3191,0,0,0,155945.4844970703,0,0,4112314368,0,857411584,0
200,1788376214417,3191,3191,0,0,0,155945.4844970703,0,0,4112314368,0,857411584,0
200,1788376214617,3191,3191,0,0,0,155945.4844970703,0,0,4112314368,0,857411584,0
200,1788376214818,3191,3191,0,0,0,155945.4844970703,0,0,4112314368,0,857411584,0
200,1788376215018,3191,3191,0,0,0,155945.5068359375,0,0,4112314368,0,857411584,0
200,1788376215219,3191,3191,0,0,0,155945.5068359375,0,0,4112314368,0,857411584,0
200,1788376215419,3191,3191,0,0,0,155945.5068359375,0,0,4112314368,0,857411584,0
200,1788376215619,3191,3191,0,0,0,155945.5068359375,0,0,4112314368,0,857411584,0
200,1788376215819,3191,3191,0,0,0,155945.5068359375,0,0,4112314368,0,857411584,0
200,1788376216019,3191,3191,0,0,0,155945.5068359375,0,0,4112314368,0,857411584,0
200,1788376216220,3191,3191,0,0,0,155945.5068359375,0,0,4112314368,0,857411584,0
200,1788376216420,3191,3191,0,0,0,155945.5068359375,0,0,4112314368,0,857411584,0
200,1788376216620,3191,3191,0,0,0,155945.5068359375,0,0,4112314368,0,857411584,0
200,1788376216820,3191,3191,0,0,0,155945.5068359375,0,0,4112314368,0,857411584,0
200,1788376217020,3191,3191,0,0,0,155945.5068359375,0,0,4112314368,0,857411584,0
200,1788376217220,3191,3191,0,0,0,155945.5068359375,0,0,4112314368,0,857411584,0
200,1788376217421,3191,3191,0,0,0,155945.5068359375,0,0,4112314368,0,857411584,0
200,1788376217621,3191,3191,0,0,0,155945.5068359375,0,0,4112314368,0,857411584,0
200,1788376217821,3191,3191,0,0,0,155945.5068359375,0,0,4112314368,0,857411584,0
200,1788376218022,3191,3191,0,0,0,155945.5068359375,0,0,4112314368,0,857411584,0
200,1788376218222,3191,3191,0,0,0,155945.5068359375,0,0,4112314368,0,857411584,0
200,1788376218422,3191,3191,0,0,0,155945.5068359375,0,0,4112314368,0,857411584,0
200,1788376218623,3191,3191,0,0,0,155945.5068359375,0,0,4112314368,0,857411584,0
200,1788376218823,3191,3191,0,0,0,155945.5068359375,0,0,4112314368,0,857411584,0
200,1788376219023,3191,3191,4.761904716491699,0,0,155945.53497314453,0,0,4112314368,0,857411584,0
200,1788376219224,3191,3191,0,0,0,155945.53497314453,0,0,4112314368,0,857411584,0
200,1788376219424,3191,3191,4.761904716491699,0,0,155945.53497314453,0,0,4112314368,0,857411584,0
200,1788376219624,3191,3191,0,0,0,155945.53497314453,0,0,4112314368,0,857411584,0
200,1788376219824,3191,3191,0,0,0,155945.53497314453,0,0,4112314368,0,857411584,0
200,1788376220025,3191,3191,0,0,0,155945.53497314453,0,0,4112314368,0,857411584,0
200,1788376220225,3191,3191,0,4.761904716491699,0,155945.53497314453,0,0,4112314368,0,857411584,0
200,1788376220425,3191,3191,0,0,0,155945.53497314453,0,0,4112314368,0,857411584,0
200,1788376220626,3191,3191,0,0,0,155945.53497314453,0,0,4112314368,0,857411584,0
200,1788376220826,3191,3191,0,0,0,155945.53497314453,0,0,4112314368,0,857411584,0
200,1788376221026,3191,3191,0,0,0,155945.54846191406,0,0,4112314368,0,857411584,0
200,1788376221227,3191,3191,0,0,0,155945.54846191406,0,0,4112314368,0,857411584,0
200,1788376221427,3191,3191,0,0,0,155945.54846191406,0,0,4112314368,0,857411584,0
200,1788376221627,3191,3191,0,0,0,155945.54846191406,0,0,4112314368,0,857411584,0
200,1788376221827,3191,3191,4.761904716491699,0,0,155945.54846191406,0,0,4112314368,0,857411584,0
200,1788376222027,3191,3191,0,4.761904716491699,0,155945.56805419922,0,0,4112314368,0,857411584,0
200,1788376222228,3191,3191,0,0,0,155945.56805419922,0,0,4112314368,0,857411584,0
200,1788376222428,3191,3191,0,0,0,155945.56805419922,0,0,4112314368,0,857411584,0
200,1788376222628,3191,3191,0,0,0,155945.56805419922,0,0,4112314368,0,857411584,0
200,1788376222828,3191,3191,0,0,0,155945.56805419922,0,0,4112314368,0,857411584,0
200,1788376223029,3191,3191,0,0,0,155945.56805419922,0,0,4112314368,0,857411584,0
200,1788376223229,3191,3191,0,0,0,155945.56805419922,0,0,4112314368,0,857411584,0
200,1788376223429,3191,3191,0,0,0,155945.56805419922,0,0,4112314368,0,857411584,0
200,1788376223630,3191,3191,4.761904716491699,0,0,155945.56805419922,0,0,4112314368,0,857411584,0
200,1788376223830,3191,3191,0,0,0,155945.56805419922,0,0,4112314368,0,857411584,0
200,1788376224030,3191,3191,0,0,0,155945.57635498047,0,0,4112314368,0,857411584,0
200,1788376224231,3191,3191,0,0,0,155945.57635498047,0,0,4112314368,0,857411584,0
200,1788376224431,3191,3191,0,0,0,155945.57635498047,0,0,4112314368,0,857411584,0
200,1788376224631,3191,3191,4.761904716491699,0,0,155945.57635498047,0,0,4112314368,0,857411584,0
200,1788376224832,3191,3191,0,0,0,155945.57635498047,0,0,4112314368,0,857411584,0
200,1788376225032,3191,3191,0,0,0,155945.57635498047,0,0,4112314368,0,857411584,0
200,1788376225232,3191,3191,0,0,0,155945.57635498047,0,0,4112314368,0,857411584,0
200,1788376225432,3191,3191,0,0,0,155945.57635498047,0,0,4112314368,0,857411584,0
200,1788376225632,3191,3191,0,0,0,155945.57635498047,0,0,4112314368,0,857403392,0
200,1788376225833,3191,3191,0,0,0,155945.57635498047,0,0,4112314368,0,857403392,0
200,1788376226033,3191,3191,0,0,0,155945.60052490234,0,0,4112314368,0,857403392,0
200,1788376226233,3191,3191,0,0,0,155945.60052490234,0,0,4112314368,0,857403392,0
200,1788376226433,3191,3191,0,0,0,155945.60052490234,0,0,4112314368,0,857403392,0
200,1788376226634,3191,3191,0,0,0,155945.60052490234,0,0,4112314368,0,857403392,0
200,1788376226834,3191,3191,0,0,0,155945.60052490234,0,0,4112314368,0,857403392,0
200,1788376227034,3191,3191,0,0,0,155945.61981201172,0,0,4112314368,0,857403392,0
200,1788376227235,3191,3191,0,0,0,155945.61981201172,0,0,4112314368,0,857403392,0
200,1788376227435,3191,3191,0,0,0,155945.61981201172,0,0,4112314368,0,857403392,0
200,1788376227635,3191,3191,0,0,0,155945.61981201172,0,0,4112314368,0,857403392,0
199,1788376227836,3191,3191,0,0,0,155945.61981201172,0,0,4112314368,0,857403392,0
200,1788376228036,3191,3191,0,0,0,155945.61981201172,0,0,4112314368,0,857403392,0
200,1788376228236,3191,3191,0,0,0,155945.61981201172,0,0,4112314368,0,857403392,0
200,1788376228436,3191,3191,0,0,0,155945.61981201172,0,0,4112314368,0,857403392,0
200,1788376228636,3191,3191,0,0,0,155945.61981201172,0,0,4112314368,0,857403392,0
200,1788376228836,3191,3191,0,0,0,155945.61981201172,0,0,4112314368,0,857403392,0
200,1788376229037,3191,3191,0,0,0,155945.63262939453,0,0,4112314368,0,857403392,0
200,1788376229237,3191,3191,0,0,0,155945.63262939453,0,0,4112314368,0,857403392,0
200,1788376229437,3191,3191,0,4.761904716491699,0,155945.63262939453,0,0,4112314368,0,857403392,0
200,1788376229637,3191,3191,0,0,0,155945.63262939453,0,0,4112314368,0,857403392,0
200,1788376229838,3191,3191,0,0,0,155945.63262939453,0,0,4112314368,0,857403392,0
200,1788376230038,3191,3191,0,0,0,155945.63262939453,0,0,4112314368,0,857403392,0
200,1788376230238,3191,3191,0,0,0,155945.63262939453,0,0,4112314368,0,857403392,0
200,1788376230439,3191,3191,0,0,0,155945.63262939453,0,0,4112314368,0,857403392,0
200,1788376230639,3191,3191,0,0,0,155945.63262939453,0,0,4112314368,0,857403392,0
200,1788376230839,3191,3191,0,0,0,155945.63262939453,0,0,4112314368,0,857403392,0
200,1788376231040,3191,3191,0,0,0,155945.64544677734,0,0,4112314368,0,857403392,0
200,1788376231240,3191,3191,4.761904716491699,0,0,155945.64544677734,0,0,4112314368,0,857403392,0
200,1788376231440,3191,3191,0,0,0,155945.64544677734,0,0,4112314368,0,857403392,0
200,1788376231640,3191,3191,0,0,0,155945.64544677734,0,0,4112314368,0,857403392,0
200,1788376231841,3191,3191,0,0,0,155945.64544677734,0,0,4112314368,0,857403392,0
200,1788376232041,3191,3191,0,0,0,155945.64544677734,0,0,4112314368,0,857403392,0
200,1788376232241,3191,3191,0,0,0,155945.64544677734,0,0,4112314368,0,857403392,0
200,1788376232442,3191,3191,0,4.761904716491699,0,155945.64544677734,0,0,4112314368,0,857403392,0
200,1788376232642,3191,3191,0,0,0,155945.64544677734,0,0,4112314368,0,857403392,0
200,1788376232842,3191,3191,0,0,0,155945.64544677734,0,0,4112314368,0,857403392,0
200,1788376233043,3191,3191,0,0,0,155945.65173339844,0,0,4112314368,0,857403392,0
200,1788376233243,3191,3191,0,0,0,155945.65173339844,0,0,4112314368,0,857403392,0
200,1788376233443,3191,3191,0,0,0,155945.65173339844,0,0,4112314368,0,857403392,0
200,1788376233643,3191,3191,0,0,0,155945.65173339844,0,0,4112314368,0,857403392,0
200,1788376233844,3191,3191,0,0,0,155945.65173339844,0,0,4112314368,0,857403392,0
200,1788376234044,3191,3191,0,0,0,155945.65173339844,0,0,4112314368,0,857403392,0
200,1788376234244,3191,3191,0,0,0,155945.65173339844,0,0,4112314368,0,857403392,0
200,1788376234444,3191,3191,0,0,0,155945.65173339844,0,0,4112314368,0,857403392,0
200,1788376234645,3191,3191,0,0,0,155945.65173339844,0,0,4112314368,0,857403392,0
200,1788376234845,3191,3191,0,0,0,155945.65173339844,0,0,4112314368,0,857403392,0
200,1788376235045,3191,3191,0,0,0,155945.67388916016,0,0,4112314368,0,857403392,0
200,1788376235245,3191,3191,0,0,0,155945.67388916016,0,0,4112314368,0,857403392,0
200,1788376235446,3191,3191,0,0,0,155945.67388916016,0,0,4112314368,0,857403392,0
200,1788376235646,3191,3191,0,0,0,155945.67388916016,0,0,4112314368,0,857403392,0
200,1788376235846,3191,3191,4.761904716491699,0,0,155945.67388916016,0,0,4112314368,0,857403392,0
200,1788376236046,3191,3191,0,0,0,155945.71417236328,0,0,4112314368,0,857403392,0
200,1788376236247,3191,3191,0,0,0,155945.71417236328,0,0,4112314368,0,857403392,0
200,1788376236447,3191,3191,0,0,0,155945.71417236328,0,0,4112314368,0,857403392,0
200,1788376236647,3191,3191,4.761904716491699,4.761904716491699,0,155945.71417236328,0,0,4112314368,0,857403392,0
200,1788376236847,3191,3191,0,0,0,155945.71417236328,0,0,4112314368,0,857403392,0
200,1788376237048,3191,3191,0,0,0,155945.71417236328,0,0,4112314368,0,857403392,0
200,1788376237248,3191,3191,0,0,0,155945.71417236328,0,0,4112314368,0,857403392,0
200,1788376237448,3191,3191,0,0,0,155945.71417236328,0,0,4112314368,0,857403392,0
200,1788376237648,3191,3191,0,0,0,155945.71417236328,0,0,4112314368,0,857403392,0
200,1788376237849,3191,3191,0,0,0,155945.71417236328,0,0,4112314368,0,857403392,0
200,1788376238049,3191,3191,0,0,0,155945.72045898438,0,0,4112314368,0,857403392,0
200,1788376238249,3191,3191,4.761904716491699,0,0,155945.72045898438,0,0,4112314368,0,857403392,0
200,1788376238450,3191,3191,0,0,0,155945.72045898438,0,0,4112314368,0,857403392,0
200,1788376238650,3191,3191,0,0,0,155945.72045898438,0,0,4112314368,0,857403392,0
200,1788376238850,3191,3191,0,0,0,155945.72045898438,0,0,4112314368,0,857403392,0
200,1788376239050,3191,3191,0,0,0,155945.72045898438,0,0,4112314368,0,857403392,0
200,1788376239251,3191,3191,0,0,0,155945.72045898438,0,0,4112314368,0,857403392,0
200,1788376239451,3191,3191,0,0,0,155945.72045898438,0,0,4112314368,0,857403392,0
200,1788376239651,3191,3191,0,4.761904716491699,0,155945.72045898438,0,0,4112314368,0,857403392,0
199,1788376239852,3191,3191,0,0,0,155945.72045898438,0,0,4112314368,0,857403392,0
200,1788376240052,3191,3191,0,0,0,155945.7420654297,0,0,4112314368,0,857403392,0
200,1788376240252,3191,3191,0,0,0,155945.7420654297,0,0,4112314368,0,857403392,0
200,1788376240452,3191,3191,0,0,0,155945.7420654297,0,0,4112314368,0,857403392,0
200,1788376240652,3191,3191,0,0,0,155945.7420654297,0,0,4112314368,0,857403392,0
200,1788376240853,3191,3191,0,0,0,155945.7420654297,0,0,4112314368,0,857403392,0
200,1788376241053,3191,3191,0,0,0,155945.7420654297,0,0,4112314368,0,857403392,0
200,1788376241253,3191,3191,0,0,0,155945.7420654297,0,0,4112314368,0,857403392,0
200,1788376241453,3191,3191,0,0,0,155945.7420654297,0,0,4112314368,0,857403392,0
200,1788376241654,3191,3191,0,0,0,155945.7420654297,0,0,4112314368,0,857403392,0
200,1788376241854,3191,3191,0,0,0,155945.7420654297,0,0,4112314368,0,857403392,0
200,1788376242054,3191,3191,0,0,0,155945.76104736328,0,0,4112314368,0,857403392,0
200,1788376242255,3191,3191,0,0,0,155945.76104736328,0,0,4112314368,0,857403392,0
200,1788376242455,3191,3191,0,0,0,155945.76104736328,0,0,4112314368,0,857403392,0
200,1788376242655,3191,3191,0,0,0,155945.76104736328,0,0,4112314368,0,857403392,0
200,1788376242856,3191,3191,0,0,0,155945.76104736328,0,0,4112314368,0,857403392,0
200,1788376243056,3191,3191,0,4.761904716491699,0,155945.77362060547,0,0,4112314368,0,857403392,0
200,1788376243256,3191,3191,0,0,0,155945.77362060547,0,0,4112314368,0,857403392,0
200,1788376243457,3191,3191,0,0,0,155945.77362060547,0,0,4112314368,0,857403392,0
200,1788376243657,3191,3191,0,0,0,155945.77362060547,0,0,4112314368,0,857403392,0
200,1788376243857,3191,3191,0,0,0,155945.77362060547,0,0,4112314368,0,857403392,0
200,1788376244058,3191,3191,0,0,0,155945.77362060547,0,0,4112314368,0,857403392,0
200,1788376244258,3191,3191,0,0,0,155945.77362060547,0,0,4112314368,0,857403392,0
200,1788376244458,3191,3191,0,0,0,155945.77362060547,0,0,4112314368,0,857403392,0
200,1788376244659,3191,3191,0,0,0,155945.77362060547,0,0,4112314368,0,857403392,0
200,1788376244859,3191,3191,0,0,0,155945.77362060547,0,0,4112314368,0,857403392,0
200,1788376245059,3191,3191,0,0,0,155945.78790283203,0,0,4112314368,0,857403392,0
200,1788376245260,3191,3191,0,0,0,155945.78790283203,0,0,4112314368,0,857403392,0
200,1788376245460,3191,3191,0,0,0,155945.78790283203,0,0,4112314368,0,857403392,0
200,1788376245660,3191,3191,0,0,0,155945.78790283203,0,0,4112314368,0,857395200,0
200,1788376245860,3191,3191,0,0,0,155945.78790283203,0,0,4112314368,0,857395200,0
200,1788376246060,3191,3191,0,0,0,155945.78790283203,0,0,4112314368,0,857395200,0
200,1788376246261,3191,3191,0,0,0,155945.78790283203,0,0,4112314368,0,857395200,0
200,1788376246461,3191,3191,0,0,0,155945.78790283203,0,0,4112314368,0,857395200,0
200,1788376246661,3191,3191,0,0,0,155945.78790283203,0,0,4112314368,0,857395200,0
200,1788376246861,3191,3191,0,0,0,155945.78790283203,0,0,4112314368,0,857395200,0
200,1788376247062,3191,3191,0,0,0,155945.81469726563,0,0,4112314368,0,857395200,0
200,1788376247262,3191,3191,0,0,0,155945.81469726563,0,0,4112314368,0,857395200,0
200,1788376247462,3191,3191,0,0,0,155945.81469726563,0,0,4112314368,0,857395200,0
200,1788376247663,3191,3191,0,0,0,155945.81469726563,0,0,4112314368,0,857395200,0
200,1788376247863,3191,3191,0,0,0,155945.81469726563,0,0,4112314368,0,857395200,0
200,1788376248063,3191,3191,0,0,0,155945.81469726563,0,0,4112314368,0,857395200,0
200,1788376248264,3191,3191,0,0,0,155945.81469726563,0,0,4112314368,0,857395200,0
200,1788376248464,3191,3191,0,0,0,155945.81469726563,0,0,4112314368,0,857395200,0
200,1788376248664,3191,3191,0,0,0,155945.81469726563,0,0,4112314368,0,857395200,0
200,1788376248864,3191,3191,0,0,0,155945.81469726563,0,0,4112314368,0,857395200,0
200,1788376249065,3191,3191,0,0,0,155945.83404541016,0,0,4112314368,0,857395200,0
200,1788376249265,3191,3191,0,0,0,155945.83404541016,0,0,4112314368,0,857395200,0
200,1788376249465,3191,3191,0,0,0,155945.83404541016,0,0,4112314368,0,857395200,0
200,1788376249666,3191,3191,0,0,0,155945.83404541016,0,0,4112314368,0,857395200,0
200,1788376249866,3191,3191,0,0,0,155945.83404541016,0,0,4112314368,0,857395200,0
200,1788376250067,3191,3191,0,0,0,155945.84112548828,0,0,4112314368,0,857395200,0
200,1788376250267,3191,3191,0,0,0,155945.84112548828,0,0,4112314368,0,857395200,0
200,1788376250467,3191,3191,0,0,0,155945.84112548828,0,0,4112314368,0,857395200,0
200,1788376250667,3191,3191,0,0,0,155945.84112548828,0,0,4112314368,0,857395200,0
200,1788376250868,3191,3191,0,0,0,155945.84112548828,0,0,4112314368,0,857395200,0
200,1788376251068,3191,3191,0,0,0,155945.85382080078,0,0,4112314368,0,857395200,0
200,1788376251268,3191,3191,0,0,0,155945.85382080078,0,0,4112314368,0,857395200,0
200,1788376251469,3191,3191,0,0,0,155945.85382080078,0,0,4112314368,0,857395200,0
200,1788376251669,3191,3191,0,0,0,155945.85382080078,0,0,4112314368,0,857395200,0
200,1788376251869,3191,3191,0,0,0,155945.85382080078,0,0,4112314368,0,857395200,0
200,1788376252069,3191,3191,0,0,0,155945.85382080078,0,0,4112314368,0,857395200,0
200,1788376252270,3191,3191,0,0,0,155945.85382080078,0,0,4112314368,0,857395200,0
200,1788376252470,3191,3191,0,0,0,155945.85382080078,0,0,4112314368,0,857395200,0
200,1788376252670,3191,3191,0,0,0,155945.85382080078,0,0,4112314368,0,857395200,0
200,1788376252871,3191,3191,0,0,0,155945.85382080078,0,0,4112314368,0,857395200,0
200,1788376253071,3191,3191,0,0,0,155945.86669921875,0,0,4112314368,0,857395200,0
200,1788376253271,3191,3191,0,0,0,155945.86669921875,0,0,4112314368,0,857395200,0
200,1788376253472,3191,3191,0,0,0,155945.86669921875,0,0,4112314368,0,857395200,0
200,1788376253672,3191,3191,0,0,0,155945.86669921875,0,0,4112314368,0,857395200,0
200,1788376253872,3191,3191,0,0,0,155945.86669921875,0,0,4112314368,0,857395200,0
200,1788376254072,3191,3191,0,0,0,155945.86669921875,0,0,4112314368,0,857395200,0
200,1788376254273,3191,3191,0,0,0,155945.86669921875,0,0,4112314368,0,857395200,0
200,1788376254473,3191,3191,0,0,0,155945.86669921875,0,0,4112314368,0,857395200,0
200,1788376254673,3191,3191,0,0,0,155945.86669921875,0,0,4112314368,0,857395200,0
200,1788376254873,3191,3191,0,0,0,155945.86669921875,0,0,4112314368,0,857395200,0
200,1788376255074,3191,3191,0,0,0,155945.89624023438,0,0,4112314368,0,857395200,0
200,1788376255274,3191,3191,0,0,0,155945.89624023438,0,0,4112314368,0,857395200,0
200,1788376255475,3191,3191,0,0,0,155945.89624023438,0,0,4112314368,0,857395200,0
200,1788376255675,3191,3191,0,0,0,155945.89624023438,0,0,4112314368,0,857395200,0
200,1788376255875,3191,3191,0,0,0,155945.89624023438,0,0,4112314368,0,857395200,0
200,1788376256075,3191,3191,0,4.761904716491699,0,155945.89624023438,0,0,4112314368,0,857395200,0
200,1788376256275,3191,3191,0,4.761904716491699,0,155945.89624023438,0,0,4112314368,0,857395200,0
200,1788376256476,3191,3191,0,0,0,155945.89624023438,0,0,4112314368,0,857395200,0
200,1788376256676,3191,3191,0,0,0,155945.89624023438,0,0,4112314368,0,857395200,0
200,1788376256876,3191,3191,0,0,0,155945.89624023438,0,0,4112314368,0,857395200,0
200,1788376257076,3191,3191,0,0,0,155945.89624023438,0,0,4112314368,0,857395200,0
200,1788376257276,3191,3191,0,0,0,155945.89624023438,0,0,4112314368,0,857395200,0
200,1788376257477,3191,3191,0,0,0,155945.89624023438,0,0,4112314368,0,857395200,0
200,1788376257677,3191,3191,0,0,0,155945.89624023438,0,0,4112314368,0,857395200,0
200,1788376257877,3191,3191,0,0,0,155945.89624023438,0,0,4112314368,0,857395200,0
200,1788376258078,3191,3191,0,0,0,155945.91790771484,0,0,4112314368,0,857395200,0
200,1788376258278,3191,3191,0,0,0,155945.91790771484,0,0,4112314368,0,857395200,0
200,1788376258479,3191,3191,0,0,0,155945.91790771484,0,0,4112314368,0,857395200,0
200,1788376258679,3191,3191,0,0,0,155945.91790771484,0,0,4112314368,0,857395200,0
200,1788376258879,3191,3191,0,0,0,155945.91790771484,0,0,4112314368,0,857395200,0
200,1788376259079,3191,3191,0,0,0,155945.91790771484,0,0,4112314368,0,857395200,0
200,1788376259280,3191,3191,0,0,0,155945.91790771484,0,0,4112314368,0,857395200,0
200,1788376259480,3191,3191,0,0,0,155945.91790771484,0,0,4112314368,0,857395200,0
200,1788376259680,3191,3191,0,0,0,155945.91790771484,0,0,4112314368,0,857395200,0
200,1788376259880,3191,3191,0,0,0,155945.91790771484,0,0,4112314368,0,857395200,0
200,1788376260081,3191,3191,0,0,0,155945.95190429688,0,0,4112314368,0,857395200,0
200,1788376260281,3191,3191,0,0,0,155945.95190429688,0,0,4112314368,0,857395200,0
200,1788376260481,3191,3191,0,0,0,155945.95190429688,0,0,4112314368,0,857395200,0
200,1788376260682,3191,3191,0,0,0,155945.95190429688,0,0,4112314368,0,857395200,0
200,1788376260882,3191,3191,0,0,0,155945.95190429688,0,0,4112314368,0,857395200,0
200,1788376261082,3191,3191,0,0,0,155945.95190429688,0,0,4112314368,0,857395200,0
200,1788376261283,3191,3191,0,0,0,155945.95190429688,0,0,4112314368,0,857395200,0
200,1788376261483,3191,3191,0,0,0,155945.95190429688,0,0,4112314368,0,857395200,0
200,1788376261683,3191,3191,0,4.761904716491699,0,155945.95190429688,0,0,4112314368,0,857395200,0
200,1788376261884,3191,3191,4.761904716491699,0,0,155945.95190429688,0,0,4112314368,0,857395200,0
200,1788376262084,3191,3191,0,0,0,155945.96875,0,0,4112314368,0,857395200,0
200,1788376262284,3191,3191,0,0,0,155945.96875,0,0,4112314368,0,857395200,0
200,1788376262484,3191,3191,0,0,0,155945.96875,0,0,4112314368,0,857395200,0
200,1788376262684,3191,3191,0,0,0,155945.96875,0,0,4112314368,0,857395200,0
200,1788376262885,3191,3191,0,0,0,155945.96875,0,0,4112314368,0,857395200,0
200,1788376263085,3191,3191,0,0,0,155945.96875,0,0,4112314368,0,857395200,0
200,1788376263285,3191,3191,0,0,0,155945.96875,0,0,4112314368,0,857395200,0
200,1788376263486,3191,3191,0,0,0,155945.96875,0,0,4112314368,0,857395200,0
200,1788376263686,3191,3191,0,0,0,155945.96875,0,0,4112314368,0,857395200,0
200,1788376263886,3191,3191,0,0,0,155945.96875,0,0,4112314368,0,857395200,0
200,1788376264086,3191,3191,0,0,0,155945.98498535156,0,0,4112314368,0,857395200,0
200,1788376264287,3191,3191,0,0,0,155945.98498535156,0,0,4112314368,0,857395200,0
200,1788376264487,3191,3191,0,0,0,155945.98498535156,0,0,4112314368,0,857395200,0
200,1788376264687,3191,3191,0,0,0,155945.98498535156,0,0,4112314368,0,857395200,0
200,1788376264888,3191,3191,0,0,0,155945.98498535156,0,0,4112314368,0,857395200,0
200,1788376265088,3191,3191,0,0,0,155945.98498535156,0,0,4112314368,0,857395200,0
200,1788376265288,3191,3191,0,0,0,155945.98498535156,0,0,4112314368,0,857395200,0
200,1788376265488,3191,3191,0,0,0,155945.98498535156,0,0,4112314368,0,857395200,0
200,1788376265688,3191,3191,0,0,0,155945.98498535156,0,0,4112314368,0,857395200,0
200,1788376265889,3191,3191,0,0,0,155945.98498535156,0,0,4112314368,0,857395200,0
200,1788376266089,3191,3191,0,0,0,155945.98498535156,0,0,4112314368,0,857395200,0
200,1788376266289,3191,3191,0,0,0,155945.98498535156,0,0,4112314368,0,857395200,0
200,1788376266489,3191,3191,0,0,0,155945.98498535156,0,0,4112314368,0,857395200,0
200,1788376266690,3191,3191,0,0,0,155945.98498535156,0,0,4112314368,0,857395200,0
200,1788376266890,3191,3191,0,0,0,155945.98498535156,0,0,4112314368,0,857395200,0
200,1788376267090,3191,3191,0,0,0,155946.0355834961,0,0,4112314368,0,857395200,0
200,1788376267291,3191,3191,0,0,0,155946.0355834961,0,0,4112314368,0,857395200,0
200,1788376267491,3191,3191,0,0,0,155946.0355834961,0,0,4112314368,0,857395200,0
200,1788376267691,3191,3191,0,0,0,155946.0355834961,0,0,4112314368,0,857395200,0
200,1788376267891,3191,3191,0,0,0,155946.0355834961,0,0,4112314368,0,857395200,0
200,1788376268092,3191,3191,0,0,0,155946.0355834961,0,0,4112314368,0,857395200,0
200,1788376268292,3191,3191,0,0,0,155946.0355834961,0,0,4112314368,0,857395200,0
200,1788376268492,3191,3191,0,0,0,155946.0355834961,0,0,4112314368,0,857395200,0
200,1788376268692,3191,3191,0,0,0,155946.0355834961,0,0,4112314368,0,857395200,0
200,1788376268893,3191,3191,0,0,0,155946.0355834961,0,0,4112314368,0,857395200,0
200,1788376269093,3191,3191,0,0,0,155946.04803466797,0,0,4112314368,0,857395200,0
200,1788376269293,3191,3191,0,0,0,155946.04803466797,0,0,4112314368,0,857395200,0
200,1788376269494,3191,3191,0,0,0,155946.04803466797,0,0,4112314368,0,857395200,0
200,1788376269694,3191,3191,0,0,0,155946.04803466797,0,0,4112314368,0,857395200,0
200,1788376269894,3191,3191,0,0,0,155946.04803466797,0,0,4112314368,0,857395200,0
200,1788376270095,3191,3191,0,0,0,155946.04803466797,0,0,4112314368,0,857395200,0
200,1788376270295,3191,3191,0,0,0,155946.04803466797,0,0,4112314368,0,857395200,0
200,1788376270495,3191,3191,0,4.761904716491699,0,155946.04803466797,0,0,4112314368,0,857395200,0
200,1788376270696,3191,3191,0,0,0,155946.04803466797,0,0,4112314368,0,857395200,0
200,1788376270896,3191,3191,0,0,0,155946.04803466797,0,0,4112314368,0,857395200,0
200,1788376271096,3191,3191,0,0,0,155946.04803466797,0,0,4112314368,0,857395200,0
200,1788376271296,3191,3191,0,0,0,155946.04803466797,0,0,4112314368,0,857395200,0
200,1788376271496,3191,3191,0,0,0,155946.04803466797,0,0,4112314368,0,857395200,0
200,1788376271697,3191,3191,0,0,0,155946.04803466797,0,0,4112314368,0,857395200,0
200,1788376271897,3191,3191,0,0,0,155946.04803466797,0,0,4112314368,0,857395200,0
200,1788376272097,3191,3191,0,0,0,155946.06756591797,0,0,4112314368,0,857395200,0
200,1788376272298,3191,3191,0,0,0,155946.06756591797,0,0,4112314368,0,857395200,0
200,1788376272498,3191,3191,0,0,0,155946.06756591797,0,0,4112314368,0,857395200,0
200,1788376272698,3191,3191,0,0,0,155946.06756591797,0,0,4112314368,0,857395200,0
200,1788376272899,3191,3191,0,0,0,155946.06756591797,0,0,4112314368,0,857395200,0
200,1788376273099,3191,3191,0,0,0,155946.06756591797,0,0,4112314368,0,857395200,0
200,1788376273299,3191,3191,0,4.761904716491699,0,155946.06756591797,0,0,4112314368,0,857395200,0
200,1788376273500,3191,3191,0,0,0,155946.06756591797,0,0,4112314368,0,857395200,0
200,1788376273700,3191,3191,0,0,0,155946.06756591797,0,0,4112314368,0,857395200,0
200,1788376273900,3191,3191,0,0,0,155946.06756591797,0,0,4112314368,0,857395200,0
200,1788376274100,3191,3191,0,0,0,155946.0903930664,0,0,4112314368,0,857395200,0
200,1788376274300,3191,3191,0,0,0,155946.0903930664,0,0,4112314368,0,857395200,0
200,1788376274501,3191,3191,0,0,0,155946.0903930664,0,0,4112314368,0,857395200,0
200,1788376274701,3191,3191,0,0,0,155946.0903930664,0,0,4112314368,0,857395200,0
200,1788376274901,3191,3191,0,0,0,155946.0903930664,0,0,4112314368,0,857395200,0
200,1788376275101,3191,3191,0,0,0,155946.0903930664,0,0,4112314368,0,857395200,0
200,1788376275302,3191,3191,0,0,0,155946.0903930664,0,0,4112314368,0,857395200,0
200,1788376275502,3191,3191,0,0,0,155946.0903930664,0,0,4112314368,0,857395200,0
200,1788376275702,3191,3191,0,0,0,155946.0903930664,0,0,4112314368,0,857395200,0
200,1788376275902,3191,3191,0,0,0,155946.0903930664,0,0,4112314368,0,857395200,0
200,1788376276102,3191,3191,0,0,0,155946.12921142578,0,0,4112314368,0,857395200,0
200,1788376276303,3191,3191,0,0,0,155946.12921142578,0,0,4112314368,0,857395200,0
200,1788376276503,3191,3191,0,4.761904716491699,0,155946.12921142578,0,0,4112314368,0,857395200,0
200,1788376276704,3191,3191,0,0,0,155946.12921142578,0,0,4112314368,0,857395200,0
200,1788376276904,3191,3191,0,0,0,155946.12921142578,0,0,4112314368,0,857395200,0
200,1788376277104,3191,3191,0,0,0,155946.13623046875,0,0,4112314368,0,857395200,0
200,1788376277304,3191,3191,4.761904716491699,0,0,155946.13623046875,0,0,4112314368,0,857395200,0
200,1788376277504,3191,3191,4.761904716491699,0,0,155946.13623046875,0,0,4112314368,0,857395200,0
200,1788376277705,3191,3191,0,0,0,155946.13623046875,0,0,4112314368,0,857395200,0
200,1788376277905,3191,3191,0,0,0,155946.13623046875,0,0,4112314368,0,857395200,0
200,1788376278105,3191,3191,0,0,0,155946.13623046875,0,0,4112314368,0,857395200,0
200,1788376278306,3191,3191,0,0,0,155946.13623046875,0,0,4112314368,0,857395200,0
200,1788376278506,3191,3191,0,0,0,155946.13623046875,0,0,4112314368,0,857395200,0
200,1788376278707,3191,3191,0,0,0,155946.13623046875,0,0,4112314368,0,857395200,0
200,1788376278907,3191,3191,0,0,0,155946.13623046875,0,0,4112314368,0,857395200,0
200,1788376279107,3191,3191,0,0,0,155946.15545654297,0,0,4112314368,0,857395200,0
200,1788376279308,3191,3191,0,0,0,155946.15545654297,0,0,4112314368,0,857395200,0
200,1788376279508,3191,3191,0,0,0,155946.15545654297,0,0,4112314368,0,857395200,0
200,1788376279708,3191,3191,0,0,0,155946.15545654297,0,0,4112314368,0,857395200,0
200,1788376279908,3191,3191,0,0,0,155946.15545654297,0,0,4112314368,0,857395200,0
200,1788376280108,3191,3191,0,0,0,155946.16961669922,0,0,4112314368,0,857395200,0
200,1788376280309,3191,3191,0,0,0,155946.16961669922,0,0,4112314368,0,857395200,0
200,1788376280509,3191,3191,0,0,0,155946.16961669922,0,0,4112314368,0,857395200,0
200,1788376280709,3191,3191,0,0,0,155946.16961669922,0,0,4112314368,0,857395200,0
200,1788376280909,3191,3191,0,0,0,155946.16961669922,0,0,4112314368,0,857395200,0
200,1788376281110,3191,3191,0,0,0,155946.16961669922,0,0,4112314368,0,857395200,0
200,1788376281310,3191,3191,0,0,0,155946.16961669922,0,0,4112314368,0,857395200,0
200,1788376281510,3191,3191,0,0,0,155946.16961669922,0,0,4112314368,0,857395200,0
200,1788376281711,3191,3191,0,0,0,155946.16961669922,0,0,4112314368,0,857395200,0
200,1788376281911,3191,3191,0,0,0,155946.16961669922,0,0,4112314368,0,857395200,0
200,1788376282111,3191,3191,0,0,0,155946.18237304688,0,0,4112314368,0,857395200,0
200,1788376282312,3191,3191,0,0,0,155946.18237304688,0,0,4112314368,0,857395200,0
200,1788376282512,3191,3191,0,4.761904716491699,0,155946.18237304688,0,0,4112314368,0,857395200,0
200,1788376282712,3191,3191,0,0,0,155946.18237304688,0,0,4112314368,0,857395200,0
200,1788376282912,3191,3191,0,0,0,155946.18237304688,0,0,4112314368,0,857395200,0
200,1788376283112,3191,3191,0,0,0,155946.18237304688,0,0,4112314368,0,857395200,0
200,1788376283313,3191,3191,0,0,0,155946.18237304688,0,0,4112314368,0,857395200,0
200,1788376283513,3191,3191,0,0,0,155946.18237304688,0,0,4112314368,0,857395200,0
200,1788376283713,3191,3191,0,0,0,155946.18237304688,0,0,4112314368,0,857395200,0
200,1788376283913,3191,3191,0,4.761904716491699,0,155946.18237304688,0,0,4112314368,0,857395200,0
200,1788376284114,3191,3191,0,0,0,155946.19708251953,0,0,4112314368,0,857395200,0
200,1788376284314,3191,3191,0,0,0,155946.19708251953,0,0,4112314368,0,857395200,0
200,1788376284514,3191,3191,0,0,0,155946.19708251953,0,0,4112314368,0,857395200,0
200,1788376284715,3191,3191,0,0,0,155946.19708251953,0,0,4112314368,0,857395200,0
200,1788376284915,3191,3191,0,0,0,155946.19708251953,0,0,4112314368,0,857395200,0
200,1788376285115,3191,3191,0,0,0,155946.21514892578,0,0,4112314368,0,857395200,0
200,1788376285315,3191,3191,0,0,0,155946.21514892578,0,0,4112314368,0,857395200,0
200,1788376285515,3191,3191,0,0,0,155946.21514892578,0,0,4112314368,0,857395200,0
200,1788376285716,3191,3191,0,0,0,155946.21514892578,0,0,4112314368,0,857395200,0
200,1788376285916,3191,3191,0,0,0,155946.21514892578,0,0,4112314368,0,857395200,0
200,1788376286116,3191,3191,0,0,0,155946.21514892578,0,0,4112314368,0,857395200,0
200,1788376286316,3191,3191,0,0,0,155946.21514892578,0,0,4112314368,0,857395200,0
200,1788376286516,3191,3191,0,0,0,155946.21514892578,0,0,4112314368,0,857395200,0
200,1788376286717,3191,3191,0,0,0,155946.21514892578,0,0,4112314368,0,857395200,0
200,1788376286917,3191,3191,0,0,0,155946.21514892578,0,0,4112314368,0,857395200,0
200,1788376287117,3191,3191,0,4.761904716491699,0,155946.22784423828,0,0,4112314368,0,857395200,0
200,1788376287317,3191,3191,0,0,0,155946.22784423828,0,0,4112314368,0,857395200,0
200,1788376287518,3191,3191,0,0,0,155946.22784423828,0,0,4112314368,0,857395200,0
200,1788376287718,3191,3191,0,0,0,155946.22784423828,0,0,4112314368,0,857395200,0
200,1788376287918,3191,3191,0,0,0,155946.22784423828,0,0,4112314368,0,857395200,0
200,1788376288119,3191,3191,0,0,0,155946.22784423828,0,0,4112314368,0,857395200,0
200,1788376288319,3191,3191,0,0,0,155946.22784423828,0,0,4112314368,0,857395200,0
200,1788376288519,3191,3191,0,0,0,155946.22784423828,0,0,4112314368,0,857395200,0
200,1788376288720,3191,3191,0,0,0,155946.22784423828,0,0,4112314368,0,857395200,0
200,1788376288920,3191,3191,0,0,0,155946.22784423828,0,0,4112314368,0,857395200,0
200,1788376289120,3191,3191,0,0,0,155946.2470703125,0,0,4112314368,0,857395200,0
200,1788376289320,3191,3191,0,0,0,155946.2470703125,0,0,4112314368,0,857395200,0
200,1788376289520,3191,3191,4.761904716491699,0,0,155946.2470703125,0,0,4112314368,0,857395200,0
200,1788376289721,3191,3191,0,0,0,155946.2470703125,0,0,4112314368,0,857395200,0
200,1788376289921,3191,3191,0,0,0,155946.2470703125,0,0,4112314368,0,857395200,0
200,1788376290121,3191,3191,0,0,0,155946.25408935547,0,0,4112314368,0,857395200,0
200,1788376290321,3191,3191,0,0,0,155946.25408935547,0,0,4112314368,0,857395200,0
200,1788376290522,3191,3191,0,0,0,155946.25408935547,0,0,4112314368,0,857395200,0
200,1788376290722,3191,3191,0,0,0,155946.25408935547,0,0,4112314368,0,857395200,0
200,1788376290922,3191,3191,4.761904716491699,0,0,155946.25408935547,0,0,4112314368,0,857395200,0
200,1788376291123,3191,3191,0,0,0,155946.25408935547,0,0,4112314368,0,857395200,0
200,1788376291323,3191,3191,0,0,0,155946.25408935547,0,0,4112314368,0,857395200,0
200,1788376291524,3191,3191,0,0,0,155946.25408935547,0,0,4112314368,0,857395200,0
200,1788376291724,3191,3191,0,0,0,155946.25408935547,0,0,4112314368,0,857395200,0
200,1788376291924,3191,3191,0,0,0,155946.25408935547,0,0,4112314368,0,857395200,0
200,1788376292124,3191,3191,0,0,0,155946.2730102539,0,0,4112314368,0,857395200,0
200,1788376292324,3191,3191,0,0,0,155946.2730102539,0,0,4112314368,0,857395200,0
200,1788376292525,3191,3191,0,0,0,155946.2730102539,0,0,4112314368,0,857395200,0
200,1788376292725,3191,3191,0,0,0,155946.2730102539,0,0,4112314368,0,857395200,0
200,1788376292925,3191,3191,0,0,0,155946.2730102539,0,0,4112314368,0,857395200,0
200,1788376293126,3191,3191,0,0,0,155946.2791748047,0,0,4112314368,0,857395200,0
200,1788376293326,3191,3191,0,0,0,155946.2791748047,0,0,4112314368,0,857395200,0
200,1788376293526,3191,3191,0,0,0,155946.2791748047,0,0,4112314368,0,857395200,0
200,1788376293727,3191,3191,0,0,0,155946.2791748047,0,0,4112314368,0,857395200,0
200,1788376293927,3191,3191,0,0,0,155946.2791748047,0,0,4112314368,0,857395200,0
200,1788376294127,3191,3191,0,4.761904716491699,0,155946.2791748047,0,0,4112314368,0,857395200,0
200,1788376294328,3191,3191,0,0,0,155946.2791748047,0,0,4112314368,0,857395200,0
200,1788376294528,3191,3191,0,0,0,155946.2791748047,0,0,4112314368,0,857395200,0
200,1788376294728,3191,3191,4.761904716491699,0,0,155946.2791748047,0,0,4112314368,0,857395200,0
200,1788376294928,3191,3191,0,0,0,155946.2791748047,0,0,4112314368,0,857395200,0
200,1788376295128,3191,3191,4.761904716491699,0,0,155946.30108642578,0,0,4112314368,0,857395200,0
200,1788376295329,3191,3191,0,0,0,155946.30108642578,0,0,4112314368,0,857395200,0
200,1788376295529,3191,3191,0,0,0,155946.30108642578,0,0,4112314368,0,857395200,0
200,1788376295729,3191,3191,0,0,0,155946.30108642578,0,0,4112314368,0,857395200,0
200,1788376295929,3191,3191,0,0,0,155946.30108642578,0,0,4112314368,0,857395200,0
200,1788376296129,3191,3191,0,0,0,155946.30108642578,0,0,4112314368,0,857395200,0
200,1788376296330,3191,3191,0,0,0,155946.30108642578,0,0,4112314368,0,857395200,0
200,1788376296530,3191,3191,0,0,0,155946.30108642578,0,0,4112314368,0,857395200,0
200,1788376296730,3191,3191,0,0,0,155946.30108642578,0,0,4112314368,0,857395200,0
200,1788376296931,3191,3191,0,0,0,155946.30108642578,0,0,4112314368,0,857395200,0
200,1788376297131,3191,3191,0,0,0,155946.33721923828,0,0,4112314368,0,857395200,0
200,1788376297331,3191,3191,0,0,0,155946.33721923828,0,0,4112314368,0,857395200,0
200,1788376297531,3191,3191,0,0,0,155946.33721923828,0,0,4112314368,0,857395200,0
200,1788376297732,3191,3191,0,0,0,155946.33721923828,0,0,4112314368,0,857395200,0
200,1788376297932,3191,3191,0,0,0,155946.33721923828,0,0,4112314368,0,857395200,0
200,1788376298132,3191,3191,0,0,0,155946.33721923828,0,0,4112314368,0,857395200,0
200,1788376298332,3191,3191,0,0,0,155946.33721923828,0,0,4112314368,0,857395200,0
200,1788376298533,3191,3191,0,0,0,155946.33721923828,0,0,4112314368,0,857395200,0
200,1788376298733,3191,3191,0,0,0,155946.33721923828,0,0,4112314368,0,857395200,0
200,1788376298933,3191,3191,0,0,0,155946.33721923828,0,0,4112314368,0,857395200,0
200,1788376299134,3191,3191,0,0,0,155946.34954833984,0,0,4112314368,0,857395200,0
200,1788376299334,3191,3191,0,0,0,155946.34954833984,0,0,4112314368,0,857395200,0
200,1788376299534,3191,3191,0,0,0,155946.34954833984,0,0,4112314368,0,857395200,0
200,1788376299734,3191,3191,0,0,0,155946.34954833984,0,0,4112314368,0,857395200,0
200,1788376299935,3191,3191,0,0,0,155946.34954833984,0,0,4112314368,0,857395200,0
201,1788376300135,3191,3191,0,0,0,155946.34954833984,0,0,4112314368,0,857395200,0
200,1788376300336,3191,3191,0,0,0,155946.34954833984,0,0,4112314368,0,857395200,0
200,1788376300536,3191,3191,0,0,0,155946.34954833984,0,0,4112314368,0,857395200,0
200,1788376300737,3191,3191,0,0,0,155946.34954833984,0,0,4112314368,0,857395200,0
200,1788376300937,3191,3191,0,0,0,155946.34954833984,0,0,4112314368,0,857395200,0
200,1788376301137,3191,3191,0,0,0,155946.35571289063,0,0,4112314368,0,857395200,0
200,1788376301337,3191,3191,0,0,0,155946.35571289063,0,0,4112314368,0,857395200,0
200,1788376301538,3191,3191,0,0,0,155946.35571289063,0,0,4112314368,0,857395200,0
200,1788376301738,3191,3191,0,0,0,155946.35571289063,0,0,4112314368,0,857395200,0
200,1788376301938,3191,3191,0,0,0,155946.35571289063,0,0,4112314368,0,857395200,0
200,1788376302139,3191,3191,0,0,0,155946.3681640625,0,0,4112314368,0,857395200,0
200,1788376302339,3191,3191,0,0,0,155946.3681640625,0,0,4112314368,0,857395200,0
200,1788376302540,3191,3191,0,0,0,155946.3681640625,0,0,4112314368,0,857395200,0
200,1788376302740,3191,3191,0,0,0,155946.3681640625,0,0,4112314368,0,857395200,0
200,1788376302940,3191,3191,0,0,0,155946.3681640625,0,0,4112314368,0,857395200,0
200,1788376303140,3191,3191,0,0,0,155946.3681640625,0,0,4112314368,0,857395200,0
200,1788376303340,3191,3191,0,0,0,155946.3681640625,0,0,4112314368,0,857395200,0
200,1788376303540,3191,3191,0,0,0,155946.3681640625,0,0,4112314368,0,857395200,0
200,1788376303741,3191,3191,0,0,0,155946.3681640625,0,0,4112314368,0,857395200,0
200,1788376303941,3191,3191,0,0,0,155946.3681640625,0,0,4112314368,0,857395200,0
200,1788376304141,3191,3191,0,0,0,155946.39239501953,0,0,4112314368,0,857395200,0
200,1788376304341,3191,3191,0,0,0,155946.39239501953,0,0,4112314368,0,857395200,0
200,1788376304542,3191,3191,0,4.761904716491699,0,155946.39239501953,0,0,4112314368,0,857395200,0
200,1788376304742,3191,3191,0,0,0,155946.39239501953,0,0,4112314368,0,857395200,0
200,1788376304942,3191,3191,0,0,0,155946.39239501953,0,0,4112314368,0,857395200,0
200,1788376305142,3191,3191,0,0,0,155946.39239501953,0,0,4112314368,0,857395200,0
200,1788376305343,3191,3191,0,0,0,155946.39239501953,0,0,4112314368,0,857395200,0
200,1788376305543,3191,3191,0,0,0,155946.39239501953,0,0,4112314368,0,857395200,0
200,1788376305743,3191,3191,0,0,0,155946.39239501953,0,0,4112314368,0,857395200,0
200,1788376305943,3191,3191,9.090909004211426,4.761904716491699,0,155946.39239501953,0,0,4112314368,0,857395200,0
200,1788376306143,3191,3191,0,0,0,155946.41302490234,0,0,4112314368,0,857395200,0
200,1788376306344,3191,3191,0,0,0,155946.41302490234,0,0,4112314368,0,857395200,0
200,1788376306544,3191,3191,0,4.761904716491699,0,155946.41302490234,0,0,4112314368,0,857395200,0
200,1788376306744,3191,3191,0,0,0,155946.41302490234,0,0,4112314368,0,857395200,0
200,1788376306944,3191,3191,0,0,0,155946.41302490234,0,0,4112314368,0,857395200,0
200,1788376307144,3191,3191,0,0,0,155946.41302490234,0,0,4112314368,0,857395200,0
200,1788376307344,3191,3191,0,0,0,155946.41302490234,0,0,4112314368,0,857395200,0
200,1788376307545,3191,3191,0,0,0,155946.41302490234,0,0,4112314368,0,857395200,0
200,1788376307745,3191,3191,0,0,0,155946.41302490234,0,0,4112314368,0,857395200,0
200,1788376307945,3191,3191,0,0,0,155946.41302490234,0,0,4112314368,0,857395200,0
200,1788376308145,3191,3191,0,0,0,155946.42974853516,0,0,4112314368,0,857395200,0
200,1788376308345,3191,3191,0,0,0,155946.42974853516,0,0,4112314368,0,857395200,0
200,1788376308545,3191,3191,0,0,0,155946.42974853516,0,0,4112314368,0,857395200,0
200,1788376308746,3191,3191,0,0,0,155946.42974853516,0,0,4112314368,0,857395200,0
200,1788376308946,3191,3191,0,0,0,155946.42974853516,0,0,4112314368,0,857395200,0
200,1788376309146,3191,3191,0,0,0,155946.42974853516,0,0,4112314368,0,857395200,0
200,1788376309347,3191,3191,0,0,0,155946.42974853516,0,0,4112314368,0,857395200,0
200,1788376309547,3191,3191,0,0,0,155946.42974853516,0,0,4112314368,0,857395200,0
200,1788376309747,3191,3191,0,0,0,155946.42974853516,0,0,4112314368,0,857395200,0
200,1788376309948,3191,3191,0,0,0,155946.42974853516,0,0,4112314368,0,857395200,0
200,1788376310148,3191,3191,0,0,0,155946.43670654297,0,0,4112314368,0,857395200,0
200,1788376310348,3191,3191,0,0,0,155946.43670654297,0,0,4112314368,0,857395200,0
200,1788376310548,3191,3191,0,0,0,155946.43670654297,0,0,4112314368,0,857395200,0
200,1788376310749,3191,3191,0,0,0,155946.43670654297,0,0,4112314368,0,857395200,0
200,1788376310949,3191,3191,0,0,0,155946.43670654297,0,0,4112314368,0,857395200,0
200,1788376311149,3191,3191,0,0,0,155946.44915771484,0,0,4112314368,0,857395200,0
200,1788376311349,3191,3191,0,0,0,155946.44915771484,0,0,4112314368,0,857395200,0
200,1788376311549,3191,3191,0,0,0,155946.44915771484,0,0,4112314368,0,857395200,0
200,1788376311750,3191,3191,0,0,0,155946.44915771484,0,0,4112314368,0,857395200,0
200,1788376311950,3191,3191,0,0,0,155946.44915771484,0,0,4112314368,0,857395200,0
200,1788376312150,3191,3191,0,0,0,155946.45544433594,0,0,4112314368,0,857395200,0
200,1788376312351,3191,3191,0,0,0,155946.45544433594,0,0,4112314368,0,857395200,0
200,1788376312551,3191,3191,0,0,0,155946.45544433594,0,0,4112314368,0,857395200,0
200,1788376312751,3191,3191,4.761904716491699,0,0,155946.45544433594,0,0,4112314368,0,857395200,0
200,1788376312952,3191,3191,0,0,0,155946.45544433594,0,0,4112314368,0,857395200,0
200,1788376313152,3191,3191,0,0,0,155946.45544433594,0,0,4112314368,0,857395200,0
200,1788376313352,3191,3191,0,0,0,155946.45544433594,0,0,4112314368,0,857395200,0
200,1788376313552,3191,3191,0,0,0,155946.45544433594,0,0,4112314368,0,857395200,0
200,1788376313753,3191,3191,0,0,0,155946.45544433594,0,0,4112314368,0,857395200,0
200,1788376313953,3191,3191,0,0,0,155946.45544433594,0,0,4112314368,0,857395200,0
200,1788376314153,3191,3191,0,0,0,155946.4696044922,0,0,4112314368,0,857395200,0
200,1788376314354,3191,3191,0,0,0,155946.4696044922,0,0,4112314368,0,857395200,0
200,1788376314554,3191,3191,0,0,0,155946.4696044922,0,0,4112314368,0,857395200,0
200,1788376314754,3191,3191,0,0,0,155946.4696044922,0,0,4112314368,0,857395200,0
200,1788376314955,3191,3191,0,0,0,155946.4696044922,0,0,4112314368,0,857395200,0
200,1788376315155,3191,3191,0,0,0,155946.4696044922,0,0,4112314368,0,857395200,0
200,1788376315356,3191,3191,0,0,0,155946.4696044922,0,0,4112314368,0,857395200,0
200,1788376315556,3191,3191,0,0,0,155946.4696044922,0,0,4112314368,0,857395200,0
200,1788376315756,3191,3191,0,0,0,155946.4696044922,0,0,4112314368,0,857395200,0
200,1788376315956,3191,3191,0,0,0,155946.4696044922,0,0,4112314368,0,857395200,0
200,1788376316156,3191,3191,0,0,0,155946.52069091797,0,0,4112314368,0,857395200,0
200,1788376316356,3191,3191,0,0,0,155946.52069091797,0,0,4112314368,0,857395200,0
200,1788376316557,3191,3191,0,0,0,155946.52069091797,0,0,4112314368,0,857395200,0
200,1788376316757,3191,3191,0,0,0,155946.52069091797,0,0,4112314368,0,857395200,0
200,1788376316957,3191,3191,4.761904716491699,0,0,155946.52069091797,0,0,4112314368,0,857395200,0
200,1788376317157,3191,3191,0,0,0,155946.53002929688,0,0,4112314368,0,857395200,0
200,1788376317358,3191,3191,0,0,0,155946.53002929688,0,0,4112314368,0,857395200,0
200,1788376317558,3191,3191,0,0,0,155946.53002929688,0,0,4112314368,0,857387008,0
200,1788376317758,3191,3191,0,0,0,155946.53002929688,0,0,4112314368,0,857387008,0
200,1788376317959,3191,3191,0,0,0,155946.53002929688,0,0,4112314368,0,857387008,0
200,1788376318159,3191,3191,0,0,0,155946.53002929688,0,0,4112314368,0,857387008,0
200,1788376318359,3191,3191,0,0,0,155946.53002929688,0,0,4112314368,0,857387008,0
200,1788376318560,3191,3191,0,0,0,155946.53002929688,0,0,4112314368,0,857387008,0
200,1788376318760,3191,3191,0,0,0,155946.53002929688,0,0,4112314368,0,857387008,0
200,1788376318960,3191,3191,0,0,0,155946.53002929688,0,0,4112314368,0,857387008,0
200,1788376319160,3191,3191,0,0,0,155946.54248046875,0,0,4112314368,0,857387008,0
200,1788376319360,3191,3191,0,0,0,155946.54248046875,0,0,4112314368,0,857387008,0
200,1788376319561,3191,3191,0,0,0,155946.54248046875,0,0,4112314368,0,857387008,0
200,1788376319761,3191,3191,0,0,0,155946.54248046875,0,0,4112314368,0,857387008,0
200,1788376319961,3191,3191,0,0,0,155946.54248046875,0,0,4112314368,0,857387008,0
200,1788376320161,3191,3191,0,4.761904716491699,0,155946.54248046875,0,0,4112314368,0,857387008,0
200,1788376320362,3191,3191,0,0,0,155946.54248046875,0,0,4112314368,0,857387008,0
200,1788376320562,3191,3191,0,0,0,155946.54248046875,0,0,4112314368,0,857387008,0
200,1788376320763,3191,3191,0,0,0,155946.54248046875,0,0,4112314368,0,857387008,0
200,1788376320963,3191,3191,0,0,0,155946.54248046875,0,0,4112314368,0,857387008,0
200,1788376321163,3191,3191,0,0,0,155946.56146240234,0,0,4112314368,0,857387008,0
200,1788376321364,3191,3191,0,0,0,155946.56146240234,0,0,4112314368,0,857387008,0
200,1788376321564,3191,3191,0,0,0,155946.56146240234,0,0,4112314368,0,857387008,0
200,1788376321764,3191,3191,0,0,0,155946.56146240234,0,0,4112314368,0,857387008,0
200,1788376321964,3191,3191,0,0,0,155946.56146240234,0,0,4112314368,0,857387008,0
200,1788376322165,3191,3191,0,0,0,155946.56146240234,0,0,4112314368,0,857387008,0
200,1788376322365,3191,3191,0,0,0,155946.56146240234,0,0,4112314368,0,857387008,0
200,1788376322565,3191,3191,0,0,0,155946.56146240234,0,0,4112314368,0,857387008,0
200,1788376322766,3191,3191,0,0,0,155946.56146240234,0,0,4112314368,0,857387008,0
200,1788376322966,3191,3191,0,0,0,155946.56146240234,0,0,4112314368,0,857387008,0
200,1788376323166,3191,3191,0,0,0,155946.5746459961,0,0,4112314368,0,857387008,0
200,1788376323367,3191,3191,0,0,0,155946.5746459961,0,0,4112314368,0,857387008,0
200,1788376323567,3191,3191,4.761904716491699,0,0,155946.5746459961,0,0,4112314368,0,857387008,0
200,1788376323767,3191,3191,0,0,0,155946.5746459961,0,0,4112314368,0,857387008,0
200,1788376323968,3191,3191,0,0,0,155946.5746459961,0,0,4112314368,0,857387008,0
200,1788376324168,3191,3191,0,0,0,155946.5746459961,0,0,4112314368,0,857387008,0
200,1788376324368,3191,3191,0,0,0,155946.5746459961,0,0,4112314368,0,857387008,0
200,1788376324568,3191,3191,0,0,0,155946.5746459961,0,0,4112314368,0,857387008,0
200,1788376324769,3191,3191,0,0,0,155946.5746459961,0,0,4112314368,0,857387008,0
200,1788376324969,3191,3191,0,0,0,155946.5746459961,0,0,4112314368,0,857387008,0
200,1788376325169,3191,3191,0,0,0,155946.5897216797,0,0,4112314368,0,857387008,0
200,1788376325369,3191,3191,0,0,0,155946.5897216797,0,0,4112314368,0,857387008,0
200,1788376325569,3191,3191,0,0,0,155946.5897216797,0,0,4112314368,0,857387008,0
200,1788376325769,3191,3191,0,0,0,155946.5897216797,0,0,4112314368,0,857387008,0
200,1788376325970,3191,3191,0,0,0,155946.5897216797,0,0,4112314368,0,857387008,0
200,1788376326170,3191,3191,0,0,0,155946.63012695313,0,0,4112314368,0,857387008,0
200,1788376326370,3191,3191,0,0,0,155946.63012695313,0,0,4112314368,0,857387008,0
200,1788376326571,3191,3191,0,0,0,155946.63012695313,0,0,4112314368,0,857387008,0
200,1788376326771,3191,3191,0,4.761904716491699,0,155946.63012695313,0,0,4112314368,0,857387008,0
200,1788376326972,3191,3191,0,0,0,155946.63012695313,0,0,4112314368,0,857387008,0
200,1788376327172,3191,3191,0,0,0,155946.63647460938,0,0,4112314368,0,857387008,0
200,1788376327372,3191,3191,0,0,0,155946.63647460938,0,0,4112314368,0,857387008,0
200,1788376327572,3191,3191,0,0,0,155946.63647460938,0,0,4112314368,0,857387008,0
200,1788376327772,3191,3191,0,0,0,155946.63647460938,0,0,4112314368,0,857387008,0
200,1788376327973,3191,3191,0,0,0,155946.63647460938,0,0,4112314368,0,857387008,0
200,1788376328173,3191,3191,0,0,0,155946.63647460938,0,0,4112314368,0,857387008,0
200,1788376328373,3191,3191,4.761904716491699,0,0,155946.63647460938,0,0,4112314368,0,857387008,0
200,1788376328574,3191,3191,0,0,0,155946.63647460938,0,0,4112314368,0,857387008,0
200,1788376328774,3191,3191,0,0,0,155946.63647460938,0,0,4112314368,0,857387008,0
200,1788376328974,3191,3191,0,0,0,155946.63647460938,0,0,4112314368,0,857387008,0
200,1788376329174,3191,3191,0,0,0,155946.66174316406,0,0,4112314368,0,857387008,0
200,1788376329375,3191,3191,0,0,0,155946.66174316406,0,0,4112314368,0,857387008,0
200,1788376329575,3191,3191,0,0,0,155946.66174316406,0,0,4112314368,0,857387008,0
200,1788376329776,3191,3191,0,0,0,155946.66174316406,0,0,4112314368,0,857387008,0
200,1788376329976,3191,3191,0,0,0,155946.66174316406,0,0,4112314368,0,857387008,0
200,1788376330176,3191,3191,0,0,0,155946.66174316406,0,0,4112314368,0,857387008,0
200,1788376330376,3191,3191,0,0,0,155946.66174316406,0,0,4112314368,0,857387008,0
200,1788376330576,3191,3191,0,0,0,155946.66174316406,0,0,4112314368,0,857387008,0
200,1788376330776,3191,3191,0,0,0,155946.66174316406,0,0,4112314368,0,857387008,0
200,1788376330976,3191,3191,0,0,0,155946.66174316406,0,0,4112314368,0,857387008,0
200,1788376331177,3191,3191,0,0,0,155946.6788330078,0,0,4112314368,0,857387008,0
200,1788376331377,3191,3191,0,0,0,155946.6788330078,0,0,4112314368,0,857387008,0
200,1788376331577,3191,3191,0,0,0,155946.6788330078,0,0,4112314368,0,857387008,0
200,1788376331777,3191,3191,0,0,0,155946.6788330078,0,0,4112314368,0,857387008,0
200,1788376331978,3191,3191,0,0,0,155946.6788330078,0,0,4112314368,0,857387008,0
200,1788376332178,3191,3191,0,0,0,155946.6788330078,0,0,4112314368,0,857387008,0
200,1788376332378,3191,3191,0,0,0,155946.6788330078,0,0,4112314368,0,857387008,0
200,1788376332579,3191,3191,0,0,0,155946.6788330078,0,0,4112314368,0,857387008,0
200,1788376332779,3191,3191,0,0,0,155946.6788330078,0,0,4112314368,0,857387008,0
200,1788376332979,3191,3191,0,0,0,155946.6788330078,0,0,4112314368,0,857387008,0
200,1788376333180,3191,3191,0,0,0,155946.69140625,0,0,4112314368,0,857387008,0
200,1788376333380,3191,3191,0,0,0,155946.69140625,0,0,4112314368,0,857387008,0
200,1788376333580,3191,3191,0,0,0,155946.69140625,0,0,4112314368,0,857387008,0
200,1788376333780,3191,3191,0,0,0,155946.69140625,0,0,4112314368,0,857387008,0
200,1788376333980,3191,3191,0,0,0,155946.69140625,0,0,4112314368,0,857387008,0
200,1788376334181,3191,3191,0,0,0,155946.69958496094,0,0,4112314368,0,857387008,0
200,1788376334381,3191,3191,0,0,0,155946.69958496094,0,0,4112314368,0,857387008,0
200,1788376334581,3191,3191,0,0,0,155946.69958496094,0,0,4112314368,0,857387008,0
200,1788376334781,3191,3191,0,0,0,155946.69958496094,0,0,4112314368,0,857387008,0
200,1788376334981,3191,3191,0,0,0,155946.69958496094,0,0,4112314368,0,857387008,0
200,1788376335182,3191,3191,0,0,0,155946.71423339844,0,0,4112314368,0,857387008,0
200,1788376335382,3191,3191,0,0,0,155946.71423339844,0,0,4112314368,0,857387008,0
200,1788376335582,3191,3191,0,0,0,155946.71423339844,0,0,4112314368,0,857387008,0
200,1788376335782,3191,3191,0,0,0,155946.71423339844,0,0,4112314368,0,857387008,0
200,1788376335982,3191,3191,0,0,0,155946.71423339844,0,0,4112314368,0,857387008,0
200,1788376336183,3191,3191,0,0,0,155946.71423339844,0,0,4112314368,0,857387008,0
200,1788376336383,3191,3191,0,0,0,155946.71423339844,0,0,4112314368,0,857387008,0
200,1788376336583,3191,3191,0,4.761904716491699,0,155946.71423339844,0,0,4112314368,0,857387008,0
200,1788376336784,3191,3191,0,0,0,155946.71423339844,0,0,4112314368,0,857387008,0
200,1788376336984,3191,3191,0,0,0,155946.71423339844,0,0,4112314368,0,857387008,0
200,1788376337184,3191,3191,0,0,0,155946.72717285156,0,0,4112314368,0,857387008,0
200,1788376337384,3191,3191,0,0,0,155946.72717285156,0,0,4112314368,0,857387008,0
200,1788376337585,3191,3191,0,0,0,155946.72717285156,0,0,4112314368,0,857387008,0
200,1788376337785,3191,3191,0,0,0,155946.72717285156,0,0,4112314368,0,857387008,0
200,1788376337985,3191,3191,0,0,0,155946.72717285156,0,0,4112314368,0,857387008,0
200,1788376338186,3191,3191,0,0,0,155946.72717285156,0,0,4112314368,0,857387008,0
200,1788376338386,3191,3191,0,0,0,155946.72717285156,0,0,4112314368,0,857387008,0
200,1788376338586,3191,3191,0,0,0,155946.72717285156,0,0,4112314368,0,857387008,0
200,1788376338787,3191,3191,0,0,0,155946.72717285156,0,0,4112314368,0,857387008,0
200,1788376338987,3191,3191,0,0,0,155946.72717285156,0,0,4112314368,0,857387008,0
200,1788376339188,3191,3191,0,0,0,155946.75268554688,0,0,4112314368,0,857387008,0
200,1788376339388,3191,3191,0,0,0,155946.75268554688,0,0,4112314368,0,857387008,0
200,1788376339588,3191,3191,4.761904716491699,0,0,155946.75268554688,0,0,4112314368,0,857387008,0
200,1788376339788,3191,3191,4.761904716491699,0,0,155946.75268554688,0,0,4112314368,0,857387008,0
200,1788376339988,3191,3191,0,0,0,155946.75268554688,0,0,4112314368,0,857387008,0
200,1788376340189,3191,3191,0,0,0,155946.76599121094,0,0,4112314368,0,857387008,0
200,1788376340389,3191,3191,0,0,0,155946.76599121094,0,0,4112314368,0,857387008,0
200,1788376340589,3191,3191,0,0,0,155946.76599121094,0,0,4112314368,0,857387008,0
200,1788376340789,3191,3191,0,0,0,155946.76599121094,0,0,4112314368,0,857387008,0
200,1788376340989,3191,3191,0,0,0,155946.76599121094,0,0,4112314368,0,857387008,0
200,1788376341190,3191,3191,0,0,0,155946.76599121094,0,0,4112314368,0,857387008,0
200,1788376341390,3191,3191,0,0,0,155946.76599121094,0,0,4112314368,0,857387008,0
200,1788376341591,3191,3191,0,0,0,155946.76599121094,0,0,4112314368,0,857387008,0
200,1788376341791,3191,3191,0,0,0,155946.76599121094,0,0,4112314368,0,857387008,0
200,1788376341991,3191,3191,0,0,0,155946.76599121094,0,0,4112314368,0,857387008,0
200,1788376342191,3191,3191,0,0,0,155946.77868652344,0,0,4112314368,0,857387008,0
200,1788376342392,3191,3191,0,0,0,155946.77868652344,0,0,4112314368,0,857387008,0
200,1788376342592,3191,3191,0,0,0,155946.77868652344,0,0,4112314368,0,857387008,0
200,1788376342792,3191,3191,0,0,0,155946.77868652344,0,0,4112314368,0,857387008,0
200,1788376342992,3191,3191,0,0,0,155946.77868652344,0,0,4112314368,0,857387008,0
200,1788376343192,3191,3191,0,0,0,155946.7850341797,0,0,4112314368,0,857387008,0
200,1788376343393,3191,3191,0,0,0,155946.7850341797,0,0,4112314368,0,857387008,0
200,1788376343593,3191,3191,0,0,0,155946.7850341797,0,0,4112314368,0,857387008,0
200,1788376343793,3191,3191,0,0,0,155946.7850341797,0,0,4112314368,0,857387008,0
200,1788376343993,3191,3191,0,0,0,155946.7850341797,0,0,4112314368,0,857387008,0
200,1788376344194,3191,3191,0,0,0,155946.7850341797,0,0,4112314368,0,857387008,0
200,1788376344394,3191,3191,0,0,0,155946.7850341797,0,0,4112314368,0,857387008,0
200,1788376344594,3191,3191,0,0,0,155946.7850341797,0,0,4112314368,0,857387008,0
200,1788376344795,3191,3191,0,0,0,155946.7850341797,0,0,4112314368,0,857387008,0
200,1788376344995,3191,3191,4.761904716491699,0,0,155946.7850341797,0,0,4112314368,0,857387008,0
200,1788376345195,3191,3191,0,4.761904716491699,0,155946.79956054688,0,0,4112314368,0,857387008,0
200,1788376345396,3191,3191,0,0,0,155946.79956054688,0,0,4112314368,0,857387008,0
200,1788376345596,3191,3191,0,0,0,155946.79956054688,0,0,4112314368,0,857387008,0
200,1788376345796,3191,3191,0,0,0,155946.79956054688,0,0,4112314368,0,857387008,0
200,1788376345996,3191,3191,0,0,0,155946.79956054688,0,0,4112314368,0,857387008,0
200,1788376346196,3191,3191,0,0,0,155946.79956054688,0,0,4112314368,0,857387008,0
200,1788376346397,3191,3191,0,0,0,155946.79956054688,0,0,4112314368,0,857387008,0
200,1788376346597,3191,3191,0,0,0,155946.79956054688,0,0,4112314368,0,857387008,0
200,1788376346797,3191,3191,0,0,0,155946.79956054688,0,0,4112314368,0,857387008,0
200,1788376346997,3191,3191,0,0,0,155946.79956054688,0,0,4112314368,0,857387008,0
200,1788376347198,3191,3191,0,0,0,155946.82666015625,0,0,4112314368,0,857387008,0
200,1788376347398,3191,3191,0,0,0,155946.82666015625,0,0,4112314368,0,857387008,0
200,1788376347598,3191,3191,0,0,0,155946.82666015625,0,0,4112314368,0,857387008,0
200,1788376347798,3191,3191,0,0,0,155946.82666015625,0,0,4112314368,0,857387008,0
200,1788376347999,3191,3191,0,0,0,155946.82666015625,0,0,4112314368,0,857387008,0
200,1788376348199,3191,3191,0,0,0,155946.83911132813,0,0,4112314368,0,857387008,0
200,1788376348399,3191,3191,0,0,0,155946.83911132813,0,0,4112314368,0,857387008,0
200,1788376348600,3191,3191,0,0,0,155946.83911132813,0,0,4112314368,0,857387008,0
200,1788376348800,3191,3191,0,0,0,155946.83911132813,0,0,4112314368,0,857387008,0
200,1788376349000,3191,3191,0,0,0,155946.83911132813,0,0,4112314368,0,857387008,0
200,1788376349201,3191,3191,0,0,0,155946.85180664063,0,0,4112314368,0,857387008,0
200,1788376349401,3191,3191,0,0,0,155946.85180664063,0,0,4112314368,0,857387008,0
200,1788376349601,3191,3191,0,0,0,155946.85180664063,0,0,4112314368,0,857387008,0
200,1788376349801,3191,3191,0,0,0,155946.85180664063,0,0,4112314368,0,857387008,0
200,1788376350001,3191,3191,0,0,0,155946.85180664063,0,0,4112314368,0,857387008,0
200,1788376350202,3191,3191,0,0,0,155946.86450195313,0,0,4112314368,0,857387008,0
200,1788376350402,3191,3191,0,0,0,155946.86450195313,0,0,4112314368,0,857387008,0
200,1788376350602,3191,3191,0,0,0,155946.86450195313,0,0,4112314368,0,857387008,0
200,1788376350803,3191,3191,0,0,0,155946.86450195313,0,0,4112314368,0,857387008,0
200,1788376351003,3191,3191,0,0,0,155946.86450195313,0,0,4112314368,0,857387008,0
200,1788376351204,3191,3191,0,0,0,155946.86450195313,0,0,4112314368,0,857387008,0
200,1788376351404,3191,3191,0,0,0,155946.86450195313,0,0,4112314368,0,857387008,0
200,1788376351604,3191,3191,0,0,0,155946.86450195313,0,0,4112314368,0,857387008,0
200,1788376351804,3191,3191,0,0,0,155946.86450195313,0,0,4112314368,0,857387008,0
200,1788376352004,3191,3191,0,0,0,155946.86450195313,0,0,4112314368,0,857387008,0
200,1788376352205,3191,3191,0,0,0,155946.87719726563,0,0,4112314368,0,857387008,0
200,1788376352405,3191,3191,0,0,0,155946.87719726563,0,0,4112314368,0,857387008,0
200,1788376352605,3191,3191,0,0,0,155946.87719726563,0,0,4112314368,0,857387008,0
200,1788376352805,3191,3191,0,0,0,155946.87719726563,0,0,4112314368,0,857387008,0
200,1788376353006,3191,3191,0,0,0,155946.87719726563,0,0,4112314368,0,857387008,0
200,1788376353206,3191,3191,0,0,0,155946.88360595703,0,0,4112314368,0,857387008,0
200,1788376353406,3191,3191,0,0,0,155946.88360595703,0,0,4112314368,0,857387008,0
200,1788376353606,3191,3191,0,0,0,155946.88360595703,0,0,4112314368,0,857387008,0
200,1788376353806,3191,3191,0,0,0,155946.88360595703,0,0,4112314368,0,857387008,0
200,1788376354007,3191,3191,0,0,0,155946.88360595703,0,0,4112314368,0,857387008,0
200,1788376354207,3191,3191,0,4.761904716491699,0,155946.90362548828,0,0,4112314368,0,857387008,0
200,1788376354408,3191,3191,0,0,0,155946.90362548828,0,0,4112314368,0,857387008,0
200,1788376354608,3191,3191,0,0,0,155946.90362548828,0,0,4112314368,0,857387008,0
200,1788376354808,3191,3191,0,4.761904716491699,0,155946.90362548828,0,0,4112314368,0,857387008,0
200,1788376355008,3191,3191,0,0,0,155946.90362548828,0,0,4112314368,0,857387008,0
200,1788376355208,3191,3191,0,0,0,155946.90997314453,0,0,4112314368,0,857387008,0
200,1788376355409,3191,3191,0,0,0,155946.90997314453,0,0,4112314368,0,857387008,0
200,1788376355609,3191,3191,0,0,0,155946.90997314453,0,0,4112314368,0,857387008,0
200,1788376355809,3191,3191,0,0,0,155946.90997314453,0,0,4112314368,0,857387008,0
200,1788376356009,3191,3191,0,0,0,155946.90997314453,0,0,4112314368,0,857387008,0
200,1788376356209,3191,3191,0,4.761904716491699,0,155946.90997314453,0,0,4112314368,0,857387008,0
200,1788376356409,3191,3191,0,0,0,155946.90997314453,0,0,4112314368,0,857387008,0
200,1788376356610,3191,3191,0,0,0,155946.90997314453,0,0,4112314368,0,857387008,0
200,1788376356810,3191,3191,0,0,0,155946.90997314453,0,0,4112314368,0,857387008,0
200,1788376357011,3191,3191,0,0,0,155946.90997314453,0,0,4112314368,0,857387008,0
200,1788376357211,3191,3191,0,0,0,155946.9375,0,0,4112314368,0,857387008,0
200,1788376357411,3191,3191,0,0,0,155946.9375,0,0,4112314368,0,857387008,0
200,1788376357612,3191,3191,0,0,0,155946.9375,0,0,4112314368,0,857387008,0
200,1788376357812,3191,3191,0,0,0,155946.9375,0,0,4112314368,0,857387008,0
200,1788376358012,3191,3191,0,0,0,155946.9375,0,0,4112314368,0,857387008,0
200,1788376358212,3191,3191,0,0,0,155946.95684814453,0,0,4112314368,0,857387008,0
200,1788376358413,3191,3191,0,0,0,155946.95684814453,0,0,4112314368,0,857387008,0
200,1788376358613,3191,3191,0,0,0,155946.95684814453,0,0,4112314368,0,857387008,0
200,1788376358813,3191,3191,0,0,0,155946.95684814453,0,0,4112314368,0,857387008,0
200,1788376359013,3191,3191,0,0,0,155946.95684814453,0,0,4112314368,0,857387008,0
200,1788376359213,3191,3191,0,0,0,155946.95684814453,0,0,4112314368,0,857387008,0
200,1788376359414,3191,3191,0,0,0,155946.95684814453,0,0,4112314368,0,857387008,0
200,1788376359614,3191,3191,0,0,0,155946.95684814453,0,0,4112314368,0,857387008,0
200,1788376359814,3191,3191,0,0,0,155946.95684814453,0,0,4112314368,0,857387008,0
200,1788376360015,3191,3191,0,0,0,155946.95684814453,0,0,4112314368,0,857387008,0
200,1788376360215,3191,3191,0,0,0,155946.96978759766,0,0,4112314368,0,857387008,0
200,1788376360415,3191,3191,0,0,0,155946.96978759766,0,0,4112314368,0,857387008,0
200,1788376360616,3191,3191,0,0,0,155946.96978759766,0,0,4112314368,0,857387008,0
200,1788376360816,3191,3191,0,0,0,155946.96978759766,0,0,4112314368,0,857387008,0
200,1788376361016,3191,3191,0,0,0,155946.96978759766,0,0,4112314368,0,857387008,0
200,1788376361216,3191,3191,0,0,0,155946.97686767578,0,0,4112314368,0,857387008,0
200,1788376361417,3191,3191,0,0,0,155946.97686767578,0,0,4112314368,0,857387008,0
200,1788376361617,3191,3191,0,0,0,155946.97686767578,0,0,4112314368,0,857387008,0
200,1788376361817,3191,3191,0,0,0,155946.97686767578,0,0,4112314368,0,857387008,0
200,1788376362018,3191,3191,0,0,0,155946.97686767578,0,0,4112314368,0,857387008,0
200,1788376362218,3191,3191,0,0,0,155946.9898071289,0,0,4112314368,0,857387008,0
200,1788376362418,3191,3191,0,0,0,155946.9898071289,0,0,4112314368,0,857387008,0
200,1788376362619,3191,3191,0,0,0,155946.9898071289,0,0,4112314368,0,857387008,0
200,1788376362819,3191,3191,0,4.761904716491699,0,155946.9898071289,0,0,4112314368,0,857387008,0
200,1788376363019,3191,3191,0,0,0,155946.9898071289,0,0,4112314368,0,857387008,0
200,1788376363220,3191,3191,0,0,0,155946.9898071289,0,0,4112314368,0,857387008,0
200,1788376363420,3191,3191,0,0,0,155946.9898071289,0,0,4112314368,0,857387008,0
200,1788376363620,3191,3191,0,0,0,155946.9898071289,0,0,4112314368,0,857387008,0
200,1788376363820,3191,3191,0,0,0,155946.9898071289,0,0,4112314368,0,857387008,0
200,1788376364020,3191,3191,0,0,0,155946.9898071289,0,0,4112314368,0,857387008,0
200,1788376364221,3191,3191,0,0,0,155946.9898071289,0,0,4112314368,0,857387008,0
200,1788376364421,3191,3191,0,0,0,155946.9898071289,0,0,4112314368,0,857387008,0
200,1788376364621,3191,3191,0,0,0,155946.9898071289,0,0,4112314368,0,857387008,0
200,1788376364821,3191,3191,0,0,0,155946.9898071289,0,0,4112314368,0,857387008,0
200,1788376365021,3191,3191,0,0,0,155946.9898071289,0,0,4112314368,0,857387008,0
200,1788376365222,3191,3191,0,0,0,155946.9898071289,0,0,4112314368,0,857387008,0
200,1788376365422,3191,3191,0,0,0,155946.9898071289,0,0,4112314368,0,857387008,0
200,1788376365622,3191,3191,0,0,0,155946.9898071289,0,0,4112314368,0,857387008,0
200,1788376365822,3191,3191,0,0,0,155946.9898071289,0,0,4112314368,0,857387008,0
200,1788376366023,3191,3191,0,0,0,155946.9898071289,0,0,4112314368,0,857387008,0
200,1788376366223,3191,3191,4.761904716491699,0,0,155947.0493774414,0,0,4112314368,0,857387008,0
200,1788376366423,3191,3191,0,0,0,155947.0493774414,0,0,4112314368,0,857387008,0
200,1788376366623,3191,3191,0,0,0,155947.0493774414,0,0,4112314368,0,857387008,0
200,1788376366824,3191,3191,0,0,0,155947.0493774414,0,0,4112314368,0,857387008,0
200,1788376367024,3191,3191,0,0,0,155947.0493774414,0,0,4112314368,0,857387008,0
200,1788376367224,3191,3191,0,0,0,155947.0565185547,0,0,4112314368,0,857387008,0
200,1788376367424,3191,3191,0,0,0,155947.0565185547,0,0,4112314368,0,857387008,0
200,1788376367624,3191,3191,0,0,0,155947.0565185547,0,0,4112314368,0,857387008,0
200,1788376367825,3191,3191,0,0,0,155947.0565185547,0,0,4112314368,0,857387008,0
200,1788376368025,3191,3191,0,0,0,155947.0565185547,0,0,4112314368,0,857387008,0
200,1788376368225,3191,3191,0,0,0,155947.0565185547,0,0,4112314368,0,857387008,0
200,1788376368425,3191,3191,0,0,0,155947.0565185547,0,0,4112314368,0,857387008,0
200,1788376368626,3191,3191,0,0,0,155947.0565185547,0,0,4112314368,0,857387008,0
200,1788376368826,3191,3191,0,0,0,155947.0565185547,0,0,4112314368,0,857387008,0
200,1788376369026,3191,3191,0,0,0,155947.0565185547,0,0,4112314368,0,857387008,0
200,1788376369227,3191,3191,0,0,0,155947.0692138672,0,0,4112314368,0,857387008,0
200,1788376369427,3191,3191,0,0,0,155947.0692138672,0,0,4112314368,0,857387008,0
200,1788376369628,3191,3191,0,0,0,155947.0692138672,0,0,4112314368,0,857387008,0
200,1788376369828,3191,3191,0,0,0,155947.0692138672,0,0,4112314368,0,857387008,0
200,1788376370028,3191,3191,0,0,0,155947.0692138672,0,0,4112314368,0,857387008,0
200,1788376370228,3191,3191,0,0,0,155947.08166503906,0,0,4112314368,0,857387008,0
200,1788376370428,3191,3191,0,0,0,155947.08166503906,0,0,4112314368,0,857387008,0
200,1788376370629,3191,3191,0,0,0,155947.08166503906,0,0,4112314368,0,857387008,0
200,1788376370829,3191,3191,0,0,0,155947.08166503906,0,0,4112314368,0,857387008,0
200,1788376371029,3191,3191,0,0,0,155947.08166503906,0,0,4112314368,0,857387008,0
200,1788376371230,3191,3191,4.761904716491699,0,0,155947.0958251953,0,0,4112314368,0,857387008,0
200,1788376371430,3191,3191,0,0,0,155947.0958251953,0,0,4112314368,0,857387008,0
200,1788376371630,3191,3191,0,0,0,155947.0958251953,0,0,4112314368,0,857387008,0
200,1788376371831,3191,3191,0,0,0,155947.0958251953,0,0,4112314368,0,857387008,0
200,1788376372031,3191,3191,0,0,0,155947.0958251953,0,0,4112314368,0,857387008,0
200,1788376372231,3191,3191,0,4.761904716491699,0,155947.0958251953,0,0,4112314368,0,857387008,0
200,1788376372432,3191,3191,0,0,0,155947.0958251953,0,0,4112314368,0,857387008,0
200,1788376372632,3191,3191,0,0,0,155947.0958251953,0,0,4112314368,0,857387008,0
200,1788376372832,3191,3191,0,0,0,155947.0958251953,0,0,4112314368,0,857387008,0
200,1788376373032,3191,3191,0,0,0,155947.0958251953,0,0,4112314368,0,857387008,0
200,1788376373232,3191,3191,0,0,0,155947.0958251953,0,0,4112314368,0,857387008,0
200,1788376373433,3191,3191,0,0,0,155947.0958251953,0,0,4112314368,0,857387008,0
200,1788376373633,3191,3191,0,0,0,155947.0958251953,0,0,4112314368,0,857387008,0
200,1788376373833,3191,3191,0,0,0,155947.0958251953,0,0,4112314368,0,857387008,0
200,1788376374034,3191,3191,0,0,0,155947.0958251953,0,0,4112314368,0,857387008,0
200,1788376374234,3191,3191,0,0,0,155947.0958251953,0,0,4112314368,0,857387008,0
200,1788376374434,3191,3191,0,0,0,155947.0958251953,0,0,4112314368,0,857387008,0
200,1788376374635,3191,3191,0,0,0,155947.0958251953,0,0,4112314368,0,857387008,0
200,1788376374835,3191,3191,0,0,0,155947.0958251953,0,0,4112314368,0,857387008,0
200,1788376375035,3191,3191,4.761904716491699,0,0,155947.0958251953,0,0,4112314368,0,857387008,0
200,1788376375235,3191,3191,0,0,0,155947.1270751953,0,0,4112314368,0,857387008,0
200,1788376375436,3191,3191,0,0,0,155947.1270751953,0,0,4112314368,0,857387008,0
200,1788376375636,3191,3191,0,0,0,155947.1270751953,0,0,4112314368,0,857387008,0
200,1788376375836,3191,3191,0,0,0,155947.1270751953,0,0,4112314368,0,857387008,0
200,1788376376036,3191,3191,0,0,0,155947.1270751953,0,0,4112314368,0,857387008,0
200,1788376376236,3191,3191,0,0,0,155947.14910888672,0,0,4112314368,0,857387008,0
200,1788376376436,3191,3191,0,0,0,155947.14910888672,0,0,4112314368,0,857387008,0
200,1788376376637,3191,3191,0,0,0,155947.14910888672,0,0,4112314368,0,857387008,0
200,1788376376837,3191,3191,0,0,0,155947.14910888672,0,0,4112314368,0,857387008,0
200,1788376377037,3191,3191,0,0,0,155947.14910888672,0,0,4112314368,0,857387008,0
200,1788376377237,3191,3191,0,0,0,155947.1615600586,0,0,4112314368,0,857387008,0
200,1788376377438,3191,3191,0,0,0,155947.1615600586,0,0,4112314368,0,857387008,0
200,1788376377638,3191,3191,0,0,0,155947.1615600586,0,0,4112314368,0,857387008,0
200,1788376377838,3191,3191,0,0,0,155947.1615600586,0,0,4112314368,0,857387008,0
200,1788376378039,3191,3191,0,0,0,155947.1615600586,0,0,4112314368,0,857387008,0
200,1788376378239,3191,3191,0,0,0,155947.1615600586,0,0,4112314368,0,857387008,0
200,1788376378439,3191,3191,4.761904716491699,0,0,155947.1615600586,0,0,4112314368,0,857387008,0
200,1788376378640,3191,3191,0,0,0,155947.1615600586,0,0,4112314368,0,857387008,0
200,1788376378840,3191,3191,0,0,0,155947.1615600586,0,0,4112314368,0,857387008,0
200,1788376379040,3191,3191,0,0,0,155947.1615600586,0,0,4112314368,0,857387008,0
200,1788376379240,3191,3191,0,0,0,155947.16778564453,0,0,4112314368,0,857387008,0
200,1788376379441,3191,3191,0,0,0,155947.16778564453,0,0,4112314368,0,857387008,0
200,1788376379641,3191,3191,0,0,0,155947.16778564453,0,0,4112314368,0,857387008,0
200,1788376379841,3191,3191,0,0,0,155947.16778564453,0,0,4112314368,0,857387008,0
200,1788376380041,3191,3191,0,0,0,155947.16778564453,0,0,4112314368,0,857387008,0
200,1788376380241,3191,3191,0,0,0,155947.16778564453,0,0,4112314368,0,857387008,0
200,1788376380442,3191,3191,0,0,0,155947.16778564453,0,0,4112314368,0,857387008,0
200,1788376380642,3191,3191,0,0,0,155947.16778564453,0,0,4112314368,0,857387008,0
200,1788376380842,3191,3191,0,0,0,155947.16778564453,0,0,4112314368,0,857387008,0
200,1788376381043,3191,3191,0,0,0,155947.16778564453,0,0,4112314368,0,857387008,0
200,1788376381243,3191,3191,0,0,0,155947.18090820313,0,0,4112314368,0,857387008,0
200,1788376381443,3191,3191,0,0,0,155947.18090820313,0,0,4112314368,0,857387008,0
200,1788376381644,3191,3191,0,0,0,155947.18090820313,0,0,4112314368,0,857387008,0
200,1788376381844,3191,3191,0,0,0,155947.18090820313,0,0,4112314368,0,857387008,0
200,1788376382044,3191,3191,0,0,0,155947.18090820313,0,0,4112314368,0,857387008,0
200,1788376382244,3191,3191,0,0,0,155947.18090820313,0,0,4112314368,0,857387008,0
200,1788376382444,3191,3191,0,0,0,155947.18090820313,0,0,4112314368,0,857387008,0
200,1788376382645,3191,3191,0,0,0,155947.18090820313,0,0,4112314368,0,857387008,0
200,1788376382845,3191,3191,0,0,0,155947.18090820313,0,0,4112314368,0,857387008,0
200,1788376383045,3191,3191,0,0,0,155947.18090820313,0,0,4112314368,0,857387008,0
200,1788376383245,3191,3191,0,0,0,155947.19409179688,0,0,4112314368,0,857387008,0
200,1788376383446,3191,3191,0,0,0,155947.19409179688,0,0,4112314368,0,857387008,0
200,1788376383646,3191,3191,0,0,0,155947.19409179688,0,0,4112314368,0,857387008,0
200,1788376383846,3191,3191,0,0,0,155947.19409179688,0,0,4112314368,0,857387008,0
200,1788376384047,3191,3191,0,0,0,155947.19409179688,0,0,4112314368,0,857387008,0
200,1788376384247,3191,3191,0,0,0,155947.20220947266,0,0,4112314368,0,857387008,0
200,1788376384447,3191,3191,0,0,0,155947.20220947266,0,0,4112314368,0,857387008,0
200,1788376384648,3191,3191,0,0,0,155947.20220947266,0,0,4112314368,0,857387008,0
200,1788376384848,3191,3191,0,0,0,155947.20220947266,0,0,4112314368,0,857387008,0
200,1788376385048,3191,3191,0,0,0,155947.20220947266,0,0,4112314368,0,857387008,0
200,1788376385248,3191,3191,0,0,0,155947.2084350586,0,0,4112314368,0,857387008,0
200,1788376385449,3191,3191,0,0,0,155947.2084350586,0,0,4112314368,0,857387008,0
200,1788376385649,3191,3191,0,0,0,155947.2084350586,0,0,4112314368,0,857387008,0
200,1788376385849,3191,3191,0,0,0,155947.2084350586,0,0,4112314368,0,857387008,0
200,1788376386049,3191,3191,0,0,0,155947.2084350586,0,0,4112314368,0,857387008,0
200,1788376386249,3191,3191,0,0,0,155947.2084350586,0,0,4112314368,0,857387008,0
200,1788376386450,3191,3191,0,0,0,155947.2084350586,0,0,4112314368,0,857387008,0
200,1788376386650,3191,3191,0,0,0,155947.2084350586,0,0,4112314368,0,857387008,0
200,1788376386850,3191,3191,0,0,0,155947.2084350586,0,0,4112314368,0,857387008,0
200,1788376387050,3191,3191,0,0,0,155947.2084350586,0,0,4112314368,0,857387008,0
200,1788376387251,3191,3191,0,0,0,155947.25329589844,0,0,4112314368,0,857387008,0
200,1788376387451,3191,3191,0,0,0,155947.25329589844,0,0,4112314368,0,857387008,0
199,1788376387651,3191,3191,0,0,0,155947.25329589844,0,0,4112314368,0,857387008,0
200,1788376387851,3191,3191,0,0,0,155947.25329589844,0,0,4112314368,0,857387008,0
200,1788376388052,3191,3191,0,0,0,155947.25329589844,0,0,4112314368,0,857387008,0
200,1788376388252,3191,3191,0,0,0,155947.25952148438,0,0,4112314368,0,857387008,0
200,1788376388452,3191,3191,0,0,0,155947.25952148438,0,0,4112314368,0,857387008,0
200,1788376388653,3191,3191,0,0,0,155947.25952148438,0,0,4112314368,0,857387008,0
200,1788376388853,3191,3191,0,0,0,155947.25952148438,0,0,4112314368,0,857387008,0
200,1788376389053,3191,3191,0,0,0,155947.25952148438,0,0,4112314368,0,857387008,0
200,1788376389253,3191,3191,0,0,0,155947.25952148438,0,0,4112314368,0,857387008,0
200,1788376389453,3191,3191,0,0,0,155947.25952148438,0,0,4112314368,0,857387008,0
200,1788376389654,3191,3191,0,0,0,155947.25952148438,0,0,4112314368,0,857378816,0
200,1788376389854,3191,3191,0,0,0,155947.25952148438,0,0,4112314368,0,857378816,0
200,1788376390054,3191,3191,0,0,0,155947.25952148438,0,0,4112314368,0,857378816,0
200,1788376390255,3191,3191,0,0,0,155947.27209472656,0,0,4112314368,0,857378816,0
200,1788376390455,3191,3191,0,0,0,155947.27209472656,0,0,4112314368,0,857378816,0
200,1788376390655,3191,3191,0,0,0,155947.27209472656,0,0,4112314368,0,857378816,0
200,1788376390856,3191,3191,0,0,0,155947.27209472656,0,0,4112314368,0,857378816,0
200,1788376391056,3191,3191,0,0,0,155947.27209472656,0,0,4112314368,0,857378816,0
200,1788376391256,3191,3191,0,0,0,155947.27893066406,0,0,4112314368,0,857378816,0
200,1788376391456,3191,3191,0,0,0,155947.27893066406,0,0,4112314368,0,857378816,0
200,1788376391657,3191,3191,0,0,0,155947.27893066406,0,0,4112314368,0,857378816,0
200,1788376391857,3191,3191,0,0,0,155947.27893066406,0,0,4112314368,0,857378816,0
200,1788376392057,3191,3191,0,0,0,155947.27893066406,0,0,4112314368,0,857378816,0
200,1788376392258,3191,3191,0,0,0,155947.27893066406,0,0,4112314368,0,857378816,0
200,1788376392458,3191,3191,0,0,0,155947.27893066406,0,0,4112314368,0,857378816,0
200,1788376392658,3191,3191,0,0,0,155947.27893066406,0,0,4112314368,0,857378816,0
200,1788376392858,3191,3191,0,0,0,155947.27893066406,0,0,4112314368,0,857378816,0
200,1788376393059,3191,3191,0,0,0,155947.27893066406,0,0,4112314368,0,857378816,0
200,1788376393259,3191,3191,0,0,0,155947.2977294922,0,0,4112314368,0,857378816,0
200,1788376393459,3191,3191,4.761904716491699,0,0,155947.2977294922,0,0,4112314368,0,857378816,0
200,1788376393659,3191,3191,0,0,0,155947.2977294922,0,0,4112314368,0,857378816,0
200,1788376393860,3191,3191,0,4.761904716491699,0,155947.2977294922,0,0,4112314368,0,857378816,0
200,1788376394060,3191,3191,0,0,0,155947.2977294922,0,0,4112314368,0,857378816,0
200,1788376394260,3191,3191,0,0,0,155947.2977294922,0,0,4112314368,0,857378816,0
200,1788376394460,3191,3191,0,0,0,155947.2977294922,0,0,4112314368,0,857378816,0
200,1788376394661,3191,3191,0,0,0,155947.2977294922,0,0,4112314368,0,857378816,0
200,1788376394861,3191,3191,0,0,0,155947.2977294922,0,0,4112314368,0,857378816,0
200,1788376395061,3191,3191,0,0,0,155947.2977294922,0,0,4112314368,0,857378816,0
200,1788376395261,3191,3191,0,0,0,155947.31005859375,0,0,4112314368,0,857378816,0
200,1788376395462,3191,3191,0,0,0,155947.31005859375,0,0,4112314368,0,857378816,0
200,1788376395662,3191,3191,0,0,0,155947.31005859375,0,0,4112314368,0,857378816,0
200,1788376395862,3191,3191,0,0,0,155947.31005859375,0,0,4112314368,0,857378816,0
200,1788376396062,3191,3191,0,0,0,155947.31005859375,0,0,4112314368,0,857378816,0
200,1788376396262,3191,3191,0,0,0,155947.31005859375,0,0,4112314368,0,857378816,0
200,1788376396463,3191,3191,0,0,0,155947.31005859375,0,0,4112314368,0,857378816,0
200,1788376396663,3191,3191,0,0,0,155947.31005859375,0,0,4112314368,0,857378816,0
200,1788376396863,3191,3191,4.761904716491699,0,0,155947.31005859375,0,0,4112314368,0,857378816,0
200,1788376397064,3191,3191,0,0,0,155947.31005859375,0,0,4112314368,0,857378816,0
200,1788376397264,3191,3191,0,0,0,155947.34857177734,0,0,4112314368,0,857378816,0
200,1788376397464,3191,3191,0,0,0,155947.34857177734,0,0,4112314368,0,857378816,0
200,1788376397664,3191,3191,0,0,0,155947.34857177734,0,0,4112314368,0,857378816,0
200,1788376397864,3191,3191,0,0,0,155947.34857177734,0,0,4112314368,0,857378816,0
200,1788376398065,3191,3191,0,0,0,155947.34857177734,0,0,4112314368,0,857378816,0
200,1788376398265,3191,3191,0,0,0,155947.34857177734,0,0,4112314368,0,857378816,0
200,1788376398465,3191,3191,0,0,0,155947.34857177734,0,0,4112314368,0,857378816,0
200,1788376398665,3191,3191,0,0,0,155947.34857177734,0,0,4112314368,0,857378816,0
200,1788376398866,3191,3191,0,0,0,155947.34857177734,0,0,4112314368,0,857378816,0
200,1788376399066,3191,3191,0,0,0,155947.34857177734,0,0,4112314368,0,857378816,0
200,1788376399266,3191,3191,0,0,0,155947.34857177734,0,0,4112314368,0,857378816,0
200,1788376399466,3191,3191,0,0,0,155947.34857177734,0,0,4112314368,0,857378816,0
200,1788376399667,3191,3191,0,0,0,155947.34857177734,0,0,4112314368,0,857378816,0
200,1788376399867,3191,3191,0,0,0,155947.34857177734,0,0,4112314368,0,857378816,0
200,1788376400067,3191,3191,0,0,0,155947.34857177734,0,0,4112314368,0,857378816,0
200,1788376400268,3191,3191,0,0,0,155947.3609008789,0,0,4112314368,0,857378816,0
200,1788376400468,3191,3191,0,0,0,155947.3609008789,0,0,4112314368,0,857378816,0
200,1788376400668,3191,3191,0,0,0,155947.3609008789,0,0,4112314368,0,857378816,0
200,1788376400868,3191,3191,0,0,0,155947.3609008789,0,0,4112314368,0,857378816,0
200,1788376401069,3191,3191,0,0,0,155947.3609008789,0,0,4112314368,0,857378816,0
200,1788376401269,3191,3191,0,0,0,155947.3609008789,0,0,4112314368,0,857378816,0
200,1788376401469,3191,3191,0,0,0,155947.3609008789,0,0,4112314368,0,857378816,0
200,1788376401669,3191,3191,0,0,0,155947.3609008789,0,0,4112314368,0,857378816,0
200,1788376401869,3191,3191,0,0,0,155947.3609008789,0,0,4112314368,0,857378816,0
200,1788376402070,3191,3191,4.761904716491699,0,0,155947.3609008789,0,0,4112314368,0,857378816,0
200,1788376402270,3191,3191,0,4.761904716491699,0,155947.37335205078,0,0,4112314368,0,857378816,0
200,1788376402470,3191,3191,0,0,0,155947.37335205078,0,0,4112314368,0,857378816,0
200,1788376402671,3191,3191,0,0,0,155947.37335205078,0,0,4112314368,0,857378816,0
200,1788376402871,3191,3191,0,0,0,155947.37335205078,0,0,4112314368,0,857378816,0
200,1788376403072,3191,3191,0,0,0,155947.37335205078,0,0,4112314368,0,857378816,0
200,1788376403272,3191,3191,0,0,0,155947.3797607422,0,0,4112314368,0,857378816,0
200,1788376403472,3191,3191,0,0,0,155947.3797607422,0,0,4112314368,0,857378816,0
200,1788376403672,3191,3191,0,0,0,155947.3797607422,0,0,4112314368,0,857378816,0
200,1788376403873,3191,3191,0,0,0,155947.3797607422,0,0,4112314368,0,857378816,0
200,1788376404073,3191,3191,0,0,0,155947.3797607422,0,0,4112314368,0,857378816,0
200,1788376404273,3191,3191,0,0,0,155947.3797607422,0,0,4112314368,0,857378816,0
200,1788376404473,3191,3191,0,0,0,155947.3797607422,0,0,4112314368,0,857378816,0
200,1788376404674,3191,3191,0,0,0,155947.3797607422,0,0,4112314368,0,857378816,0
200,1788376404874,3191,3191,0,0,0,155947.3797607422,0,0,4112314368,0,857378816,0
200,1788376405074,3191,3191,0,0,0,155947.3797607422,0,0,4112314368,0,857378816,0
200,1788376405275,3191,3191,0,0,0,155947.3941040039,0,0,4112314368,0,857378816,0
200,1788376405475,3191,3191,0,0,0,155947.3941040039,0,0,4112314368,0,857378816,0
200,1788376405675,3191,3191,0,0,0,155947.3941040039,0,0,4112314368,0,857378816,0
200,1788376405875,3191,3191,0,0,0,155947.3941040039,0,0,4112314368,0,857378816,0
200,1788376406075,3191,3191,4.761904716491699,0,0,155947.3941040039,0,0,4112314368,0,857378816,0
200,1788376406276,3191,3191,0,0,0,155947.3941040039,0,0,4112314368,0,857378816,0
200,1788376406476,3191,3191,0,0,0,155947.3941040039,0,0,4112314368,0,857378816,0
200,1788376406676,3191,3191,0,0,0,155947.3941040039,0,0,4112314368,0,857378816,0
200,1788376406876,3191,3191,0,0,0,155947.3941040039,0,0,4112314368,0,857378816,0
200,1788376407076,3191,3191,0,0,0,155947.3941040039,0,0,4112314368,0,857378816,0
200,1788376407277,3191,3191,0,0,0,155947.3941040039,0,0,4112314368,0,857378816,0
200,1788376407477,3191,3191,0,0,0,155947.3941040039,0,0,4112314368,0,857378816,0
200,1788376407677,3191,3191,0,0,0,155947.3941040039,0,0,4112314368,0,857378816,0
200,1788376407877,3191,3191,0,0,0,155947.3941040039,0,0,4112314368,0,857378816,0
200,1788376408077,3191,3191,0,0,0,155947.3941040039,0,0,4112314368,0,857378816,0
200,1788376408278,3191,3191,0,0,0,155947.43377685547,0,0,4112314368,0,857378816,0
200,1788376408478,3191,3191,0,0,0,155947.43377685547,0,0,4112314368,0,857378816,0
200,1788376408679,3191,3191,0,0,0,155947.43377685547,0,0,4112314368,0,857378816,0
200,1788376408879,3191,3191,0,0,0,155947.43377685547,0,0,4112314368,0,857378816,0
200,1788376409079,3191,3191,0,0,0,155947.43377685547,0,0,4112314368,0,857378816,0
200,1788376409280,3191,3191,0,0,0,155947.43377685547,0,0,4112314368,0,857378816,0
200,1788376409480,3191,3191,0,0,0,155947.43377685547,0,0,4112314368,0,857378816,0
200,1788376409680,3191,3191,0,0,0,155947.43377685547,0,0,4112314368,0,857378816,0
200,1788376409880,3191,3191,0,0,0,155947.43377685547,0,0,4112314368,0,857378816,0
200,1788376410081,3191,3191,0,0,0,155947.43377685547,0,0,4112314368,0,857378816,0
200,1788376410281,3191,3191,0,0,0,155947.4462890625,0,0,4112314368,0,857378816,0
200,1788376410481,3191,3191,0,0,0,155947.4462890625,0,0,4112314368,0,857378816,0
200,1788376410681,3191,3191,0,0,0,155947.4462890625,0,0,4112314368,0,857378816,0
200,1788376410881,3191,3191,0,0,0,155947.4462890625,0,0,4112314368,0,857378816,0
200,1788376411082,3191,3191,0,0,0,155947.4462890625,0,0,4112314368,0,857378816,0
200,1788376411282,3191,3191,0,0,0,155947.4462890625,0,0,4112314368,0,857378816,0
200,1788376411483,3191,3191,0,0,0,155947.4462890625,0,0,4112314368,0,857378816,0
200,1788376411683,3191,3191,0,0,0,155947.4462890625,0,0,4112314368,0,857378816,0
200,1788376411883,3191,3191,4.761904716491699,0,0,155947.4462890625,0,0,4112314368,0,857378816,0
200,1788376412084,3191,3191,0,0,0,155947.4462890625,0,0,4112314368,0,857378816,0
200,1788376412284,3191,3191,0,0,0,155947.458984375,0,0,4112314368,0,857378816,0
0,1788376412484,3191,3191,0,0,0,155947.458984375,0,0,4112314368,0,857587712,0
