Delta,Time,CPU_FREQUENCY_0,CPU_FREQUENCY_1,CPU_USAGE_0,CPU_USAGE_1,DRAM_ENERGY (J),PACKAGE_ENERGY (J),PP0_ENERGY (J),PP1_ENERGY (J),TOTAL_MEMORY,TOTAL_SWAP,USED_MEMORY,USED_SWAP
0,1788378129140,3191,3191,13.636363983154297,9.523809432983398,0,156208.8833618164,0,0,4112314368,0,937193472,0
200,1788378129140,3191,3191,13.636363983154297,9.523809432983398,0,156208.8833618164,0,0,4112314368,0,937193472,0
200,1788378129340,3191,3191,19.047618865966797,21.7391300201416,0,156208.8833618164,0,0,4112314368,0,937193472,0
200,1788378129540,3191,3191,14.285715103149414,15.000000953674316,0,156208.8833618164,0,0,4112314368,0,937193472,0
200,1788378129740,3191,3191,15.000000953674316,10,0,156208.8833618164,0,0,4112314368,0,938323968,0
200,1788378129940,3191,3191,22.72727394104004,10,0,156209.28479003906,0,0,4112314368,0,938323968,0
200,1788378130140,3191,3191,10.526315689086914,26.3157901763916,0,156209.28479003906,0,0,4112314368,0,938323968,0
200,1788378130340,3191,3191,18.18181800842285,14.285715103149414,0,156209.28479003906,0,0,4112314368,0,938323968,0
200,1788378130541,3191,3191,5.263157844543457,10,0,156209.28479003906,0,0,4112314368,0,938323968,0
200,1788378130741,3191,3191,10.526315689086914,26.086956024169922,0,156209.28479003906,0,0,4112314368,0,938323968,0
200,1788378130941,3191,3191,15.000000953674316,10,0,156209.86877441406,0,0,4112314368,0,938323968,0
200,1788378131141,3191,3191,19.047618865966797,14.285715103149414,0,156209.86877441406,0,0,4112314368,0,938323968,0
200,1788378131341,3191,3191,14.285715103149414,0,0,156209.86877441406,0,0,4112314368,0,938323968,0
200,1788378131541,3191,3191,9.523809432983398,18.18181800842285,0,156209.86877441406,0,0,4112314368,0,938323968,0
200,1788378131742,3191,3191,15.789472579956055,23.809524536132813,0,156209.86877441406,0,0,4112314368,0,938323968,0
200,1788378131942,3191,3191,9.523809432983398,5.263157844543457,0,156210.22595214844,0,0,4112314368,0,938323968,0
200,1788378132142,3191,3191,10.526315689086914,15.000000953674316,0,156210.22595214844,0,0,4112314368,0,938323968,0
200,1788378132342,3191,3191,18.18181800842285,5.555555820465088,0,156210.22595214844,0,0,4112314368,0,938323968,0
200,1788378132543,3191,3191,5.263157844543457,17.39130401611328,0,156210.22595214844,0,0,4112314368,0,938323968,0
200,1788378132743,3191,3191,10.526315689086914,10.526315689086914,0,156210.22595214844,0,0,4112314368,0,938323968,0
200,1788378132943,3191,3191,19.047618865966797,15.000000953674316,0,156210.6358642578,0,0,4112314368,0,938323968,0
200,1788378133143,3191,3191,10,10.526315689086914,0,156210.6358642578,0,0,4112314368,0,938323968,0
200,1788378133343,3191,3191,5,10,0,156210.6358642578,0,0,4112314368,0,938323968,0
200,1788378133543,3191,3191,5.263157844543457,19.047618865966797,0,156210.6358642578,0,0,4112314368,0,938323968,0
200,1788378133743,3191,3191,14.285715103149414,25,0,156210.6358642578,0,0,4112314368,0,938323968,0
200,1788378133944,3191,3191,15.000000953674316,20,0,156211.12658691406,0,0,4112314368,0,938323968,0
200,1788378134144,3191,3191,10.526315689086914,19.047618865966797,0,156211.12658691406,0,0,4112314368,0,938323968,0
200,1788378134344,3191,3191,5,5.263157844543457,0,156211.12658691406,0,0,4112314368,0,938323968,0
200,1788378134544,3191,3191,15.000000953674316,15.789472579956055,0,156211.12658691406,0,0,4112314368,0,938323968,0
200,1788378134744,3191,3191,20,22.72727394104004,0,156211.12658691406,0,0,4112314368,0,938323968,0
200,1788378134944,3191,3191,9.523809432983398,9.523809432983398,0,156211.5587158203,0,0,4112314368,0,938323968,0
200,1788378135144,3191,3191,19.047618865966797,0,0,156211.5587158203,0,0,4112314368,0,938323968,0
200,1788378135344,3191,3191,15.000000953674316,14.285715103149414,0,156211.5587158203,0,0,4112314368,0,938323968,0
200,1788378135544,3191,3191,21.7391300201416,14.285715103149414,0,156211.5587158203,0,0,4112314368,0,938323968,0
200,1788378135744,3191,3191,15.000000953674316,5.263157844543457,0,156211.5587158203,0,0,4112314368,0,938323968,0
200,1788378135945,3191,3191,14.285715103149414,19.047618865966797,0,156211.93267822266,0,0,4112314368,0,938323968,0
200,1788378136145,3191,3191,5.263157844543457,10,0,156211.93267822266,0,0,4112314368,0,938323968,0
200,1788378136345,3191,3191,14.285715103149414,18.18181800842285,0,156211.93267822266,0,0,4112314368,0,938323968,0
200,1788378136545,3191,3191,15.000000953674316,15.789472579956055,0,156211.93267822266,0,0,4112314368,0,938323968,0
200,1788378136745,3191,3191,10,14.285715103149414,0,156211.93267822266,0,0,4112314368,0,938323968,0
200,1788378136945,3191,3191,18.18181800842285,14.285715103149414,0,156212.63720703125,0,0,4112314368,0,938323968,0
200,1788378137146,3191,3191,15.000000953674316,10.526315689086914,0,156212.63720703125,0,0,4112314368,0,938323968,0
200,1788378137346,3191,3191,19.047618865966797,95,0,156212.63720703125,0,0,4112314368,0,938323968,0
200,1788378137546,3191,3191,23.809524536132813,80.95238494873047,0,156212.63720703125,0,0,4112314368,0,938323968,0
200,1788378137746,3191,3191,10,5.263157844543457,0,156212.63720703125,0,0,4112314368,0,938323968,0
200,1788378137946,3191,3191,10,15.000000953674316,0,156213.88671875,0,0,4112314368,0,938323968,0
200,1788378138147,3191,3191,9.523809432983398,14.285715103149414,0,156213.88671875,0,0,4112314368,0,938323968,0
200,1788378138347,3191,3191,23.809524536132813,19.047618865966797,0,156213.88671875,0,0,4112314368,0,938323968,0
200,1788378138547,3191,3191,15.000000953674316,19.047618865966797,0,156213.88671875,0,0,4112314368,0,938323968,0
200,1788378138747,3191,3191,10,5,0,156213.88671875,0,0,4112314368,0,938323968,0
200,1788378138947,3191,3191,40.90909194946289,66.66667175292969,0,156214.58337402344,0,0,4112314368,0,938323968,0
200,1788378139147,3191,3191,5.263157844543457,9.523809432983398,0,156214.58337402344,0,0,4112314368,0,938323968,0
200,1788378139347,3191,3191,5.263157844543457,14.285715103149414,0,156214.58337402344,0,0,4112314368,0,938323968,0
200,1788378139548,3191,3191,18.18181800842285,15.000000953674316,0,156214.58337402344,0,0,4112314368,0,938323968,0
200,1788378139748,3191,3191,10.526315689086914,14.285715103149414,0,156214.58337402344,0,0,4112314368,0,938323968,0
200,1788378139948,3191,3191,9.523809432983398,5.263157844543457,0,156214.880859375,0,0,4112314368,0,938323968,0
200,1788378140148,3191,3191,19.047618865966797,15.000000953674316,0,156214.880859375,0,0,4112314368,0,938323968,0
200,1788378140348,3191,3191,15.000000953674316,14.285715103149414,0,156214.880859375,0,0,4112314368,0,938323968,0
200,1788378140548,3191,3191,14.285715103149414,10,0,156214.880859375,0,0,4112314368,0,938323968,0
200,1788378140748,3191,3191,15.000000953674316,15.000000953674316,0,156214.880859375,0,0,4112314368,0,938323968,0
200,1788378140949,3191,3191,15.000000953674316,10,0,156215.28454589844,0,0,4112314368,0,938323968,0
200,1788378141149,3191,3191,9.523809432983398,15.000000953674316,0,156215.28454589844,0,0,4112314368,0,938323968,0
200,1788378141349,3191,3191,23.809524536132813,18.18181800842285,0,156215.28454589844,0,0,4112314368,0,938323968,0
200,1788378141549,3191,3191,22.72727394104004,15.000000953674316,0,156215.28454589844,0,0,4112314368,0,938323968,0
200,1788378141749,3191,3191,10,15.000000953674316,0,156215.28454589844,0,0,4112314368,0,938323968,0
200,1788378141950,3191,3191,14.285715103149414,10,0,156215.6782836914,0,0,4112314368,0,938323968,0
200,1788378142150,3191,3191,20,19.047618865966797,0,156215.6782836914,0,0,4112314368,0,938323968,0
200,1788378142350,3191,3191,4.761904716491699,10,0,156215.6782836914,0,0,4112314368,0,938323968,0
200,1788378142550,3191,3191,10.526315689086914,10.526315689086914,0,156215.6782836914,0,0,4112314368,0,938323968,0
200,1788378142751,3191,3191,5.263157844543457,15.000000953674316,0,156215.6782836914,0,0,4112314368,0,938323968,0
200,1788378142951,3191,3191,18.18181800842285,21.7391300201416,0,156216.0933227539,0,0,4112314368,0,938323968,0
200,1788378143151,3191,3191,18.18181800842285,21.7391300201416,0,156216.0933227539,0,0,4112314368,0,938323968,0
200,1788378143351,3191,3191,17.073171615600586,12.5,0,156216.0933227539,0,0,4112314368,0,938323968,0
200,1788378143551,3191,3191,9.523809432983398,5.263157844543457,0,156216.0933227539,0,0,4112314368,0,938323968,0
200,1788378143752,3191,3191,15.000000953674316,14.285715103149414,0,156216.0933227539,0,0,4112314368,0,938323968,0
200,1788378143952,3191,3191,22.72727394104004,20,0,156216.57537841797,0,0,4112314368,0,938323968,0
200,1788378144152,3191,3191,5,5,0,156216.57537841797,0,0,4112314368,0,938323968,0
200,1788378144352,3191,3191,19.047618865966797,10,0,156216.57537841797,0,0,4112314368,0,938323968,0
200,1788378144552,3191,3191,5.555555820465088,27.272727966308594,0,156216.57537841797,0,0,4112314368,0,938323968,0
200,1788378144752,3191,3191,9.523809432983398,5,0,156216.57537841797,0,0,4112314368,0,938323968,0
200,1788378144952,3191,3191,19.047618865966797,15.000000953674316,0,156216.92156982422,0,0,4112314368,0,938323968,0
200,1788378145152,3191,3191,19.047618865966797,10.526315689086914,0,156216.92156982422,0,0,4112314368,0,938323968,0
200,1788378145353,3191,3191,10,15.000000953674316,0,156216.92156982422,0,0,4112314368,0,938323968,0
200,1788378145553,3191,3191,10,14.285715103149414,0,156216.92156982422,0,0,4112314368,0,938323968,0
200,1788378145753,3191,3191,15.000000953674316,10,0,156216.92156982422,0,0,4112314368,0,938323968,0
200,1788378145953,3191,3191,14.285715103149414,10.526315689086914,0,156217.3920288086,0,0,4112314368,0,938323968,0
200,1788378146153,3191,3191,15.000000953674316,14.285715103149414,0,156217.3920288086,0,0,4112314368,0,938323968,0
200,1788378146353,3191,3191,10,15.000000953674316,0,156217.3920288086,0,0,4112314368,0,938323968,0
200,1788378146553,3191,3191,10.526315689086914,14.285715103149414,0,156217.3920288086,0,0,4112314368,0,938323968,0
200,1788378146754,3191,3191,10,5.263157844543457,0,156217.3920288086,0,0,4112314368,0,938323968,0
200,1788378146954,3191,3191,5.263157844543457,14.285715103149414,0,156217.9945678711,0,0,4112314368,0,938323968,0
200,1788378147154,3191,3191,14.285715103149414,15.000000953674316,0,156217.9945678711,0,0,4112314368,0,938323968,0
200,1788378147354,3191,3191,20,19.047618865966797,0,156217.9945678711,0,0,4112314368,0,938323968,0
200,1788378147554,3191,3191,18.18181800842285,10.526315689086914,0,156217.9945678711,0,0,4112314368,0,938323968,0
200,1788378147754,3191,3191,10,14.285715103149414,0,156217.9945678711,0,0,4112314368,0,938323968,0
200,1788378147955,3191,3191,15.000000953674316,10.526315689086914,0,156218.39373779297,0,0,4112314368,0,938323968,0
200,1788378148155,3191,3191,15.000000953674316,14.285715103149414,0,156218.39373779297,0,0,4112314368,0,938323968,0
200,1788378148355,3191,3191,14.285715103149414,14.285715103149414,0,156218.39373779297,0,0,4112314368,0,938323968,0
200,1788378148555,3191,3191,18.18181800842285,10.526315689086914,0,156218.39373779297,0,0,4112314368,0,938323968,0
200,1788378148755,3191,3191,15.789472579956055,27.272727966308594,0,156218.39373779297,0,0,4112314368,0,938323968,0
200,1788378148955,3191,3191,5.263157844543457,5.263157844543457,0,156218.87017822266,0,0,4112314368,0,938323968,0
200,1788378149156,3191,3191,14.285715103149414,19.047618865966797,0,156218.87017822266,0,0,4112314368,0,938323968,0
200,1788378149356,3191,3191,14.285715103149414,15.000000953674316,0,156218.87017822266,0,0,4112314368,0,938323968,0
200,1788378149556,3191,3191,9.523809432983398,13.636363983154297,0,156218.87017822266,0,0,4112314368,0,938323968,0
200,1788378149756,3191,3191,14.285715103149414,14.285715103149414,0,156218.87017822266,0,0,4112314368,0,938323968,0
200,1788378149956,3191,3191,15.000000953674316,10.526315689086914,0,156219.21588134766,0,0,4112314368,0,938323968,0
200,1788378150156,3191,3191,5,10,0,156219.21588134766,0,0,4112314368,0,938323968,0
200,1788378150357,3191,3191,15.000000953674316,14.285715103149414,0,156219.21588134766,0,0,4112314368,0,938323968,0
200,1788378150557,3191,3191,15.000000953674316,15.789472579956055,0,156219.21588134766,0,0,4112314368,0,938315776,0
200,1788378150757,3191,3191,9.523809432983398,10,0,156219.21588134766,0,0,4112314368,0,938315776,0
200,1788378150957,3191,3191,10.526315689086914,14.285715103149414,0,156219.59307861328,0,0,4112314368,0,938315776,0
200,1788378151158,3191,3191,19.047618865966797,15.000000953674316,0,156219.59307861328,0,0,4112314368,0,938315776,0
200,1788378151358,3191,3191,0,10,0,156219.59307861328,0,0,4112314368,0,938315776,0
200,1788378151558,3191,3191,15.000000953674316,25,0,156219.59307861328,0,0,4112314368,0,938315776,0
200,1788378151758,3191,3191,34.78260803222656,40,0,156219.59307861328,0,0,4112314368,0,938315776,0
200,1788378151958,3191,3191,10,14.285715103149414,0,156220.19952392578,0,0,4112314368,0,938315776,0
200,1788378152158,3191,3191,10.526315689086914,10,0,156220.19952392578,0,0,4112314368,0,938315776,0
200,1788378152359,3191,3191,21.7391300201416,5.263157844543457,0,156220.19952392578,0,0,4112314368,0,938315776,0
200,1788378152559,3191,3191,10.526315689086914,22.72727394104004,0,156220.19952392578,0,0,4112314368,0,938315776,0
200,1788378152759,3191,3191,10,5.263157844543457,0,156220.19952392578,0,0,4112314368,0,938315776,0
200,1788378152959,3191,3191,10.526315689086914,23.809524536132813,0,156220.56549072266,0,0,4112314368,0,938315776,0
200,1788378153159,3191,3191,10,21.7391300201416,0,156220.56549072266,0,0,4112314368,0,938315776,0
200,1788378153360,3191,3191,10.526315689086914,15.000000953674316,0,156220.56549072266,0,0,4112314368,0,938315776,0
200,1788378153560,3191,3191,5,5,0,156220.56549072266,0,0,4112314368,0,938315776,0
200,1788378153760,3191,3191,10,10,0,156220.56549072266,0,0,4112314368,0,938315776,0
200,1788378153960,3191,3191,10,5,0,156220.94482421875,0,0,4112314368,0,938315776,0
200,1788378154161,3191,3191,22.72727394104004,27.272727966308594,0,156220.94482421875,0,0,4112314368,0,938315776,0
200,1788378154361,3191,3191,14.285715103149414,5.263157844543457,0,156220.94482421875,0,0,4112314368,0,938315776,0
200,1788378154561,3191,3191,5.263157844543457,10,0,156220.94482421875,0,0,4112314368,0,938315776,0
200,1788378154761,3191,3191,19.047618865966797,10.526315689086914,0,156220.94482421875,0,0,4112314368,0,938315776,0
200,1788378154962,3191,3191,14.285715103149414,10,0,156221.3623046875,0,0,4112314368,0,938315776,0
200,1788378155162,3191,3191,15.000000953674316,5.263157844543457,0,156221.3623046875,0,0,4112314368,0,938315776,0
200,1788378155362,3191,3191,15.000000953674316,5.263157844543457,0,156221.3623046875,0,0,4112314368,0,938315776,0
200,1788378155562,3191,3191,19.047618865966797,10.526315689086914,0,156221.3623046875,0,0,4112314368,0,938315776,0
200,1788378155762,3191,3191,10,14.285715103149414,0,156221.3623046875,0,0,4112314368,0,938315776,0
200,1788378155963,3191,3191,19.047618865966797,22.22222328186035,0,156222.0650024414,0,0,4112314368,0,938315776,0
200,1788378156163,3191,3191,22.72727394104004,19.047618865966797,0,156222.0650024414,0,0,4112314368,0,938315776,0
200,1788378156363,3191,3191,9.523809432983398,5,0,156222.0650024414,0,0,4112314368,0,938315776,0
200,1788378156563,3191,3191,15.789472579956055,11.111111640930176,0,156222.0650024414,0,0,4112314368,0,938315776,0
200,1788378156763,3191,3191,15.000000953674316,10,0,156222.0650024414,0,0,4112314368,0,938315776,0
200,1788378156963,3191,3191,14.285715103149414,0,0,156222.5551147461,0,0,4112314368,0,938315776,0
200,1788378157164,3191,3191,0,9.523809432983398,0,156222.5551147461,0,0,4112314368,0,938315776,0
200,1788378157364,3191,3191,22.72727394104004,18.18181800842285,0,156222.5551147461,0,0,4112314368,0,938315776,0
200,1788378157564,3191,3191,5.263157844543457,10.526315689086914,0,156222.5551147461,0,0,4112314368,0,938315776,0
200,1788378157764,3191,3191,14.285715103149414,5,0,156222.5551147461,0,0,4112314368,0,938315776,0
200,1788378157964,3191,3191,10.526315689086914,15.789472579956055,0,156222.90631103516,0,0,4112314368,0,938315776,0
200,1788378158164,3191,3191,5.263157844543457,10,0,156222.90631103516,0,0,4112314368,0,938315776,0
200,1788378158365,3191,3191,5.263157844543457,5,0,156222.90631103516,0,0,4112314368,0,938315776,0
200,1788378158565,3191,3191,15.000000953674316,15.000000953674316,0,156222.90631103516,0,0,4112314368,0,938315776,0
200,1788378158765,3191,3191,10,10,0,156222.90631103516,0,0,4112314368,0,938315776,0
200,1788378158965,3191,3191,5.263157844543457,10.526315689086914,0,156223.23510742188,0,0,4112314368,0,938315776,0
200,1788378159166,3191,3191,10,10,0,156223.23510742188,0,0,4112314368,0,938315776,0
199,1788378159366,3191,3191,15.000000953674316,19.047618865966797,0,156223.23510742188,0,0,4112314368,0,938315776,0
200,1788378159566,3191,3191,15.000000953674316,19.047618865966797,0,156223.23510742188,0,0,4112314368,0,938315776,0
200,1788378159766,3191,3191,12.195121765136719,7.894736289978027,0,156223.23510742188,0,0,4112314368,0,938315776,0
200,1788378159966,3191,3191,14.285715103149414,10,0,156223.60705566406,0,0,4112314368,0,938315776,0
200,1788378160167,3191,3191,5.555555820465088,14.285715103149414,0,156223.60705566406,0,0,4112314368,0,938315776,0
200,1788378160367,3191,3191,15.000000953674316,23.809524536132813,0,156223.60705566406,0,0,4112314368,0,938315776,0
200,1788378160567,3191,3191,14.285715103149414,5.263157844543457,0,156223.60705566406,0,0,4112314368,0,938315776,0
200,1788378160768,3191,3191,19.047618865966797,5.555555820465088,0,156223.60705566406,0,0,4112314368,0,938315776,0
200,1788378160968,3191,3191,22.72727394104004,5.555555820465088,0,156224.0615234375,0,0,4112314368,0,938315776,0
200,1788378161168,3191,3191,9.523809432983398,10,0,156224.0615234375,0,0,4112314368,0,938315776,0
200,1788378161368,3191,3191,15.000000953674316,10,0,156224.0615234375,0,0,4112314368,0,938315776,0
200,1788378161568,3191,3191,0,13.636363983154297,0,156224.0615234375,0,0,4112314368,0,938315776,0
200,1788378161768,3191,3191,19.047618865966797,15.789472579956055,0,156224.0615234375,0,0,4112314368,0,938315776,0
200,1788378161969,3191,3191,10.526315689086914,14.285715103149414,0,156224.3705444336,0,0,4112314368,0,938315776,0
200,1788378162169,3191,3191,17.39130401611328,9.523809432983398,0,156224.3705444336,0,0,4112314368,0,938315776,0
200,1788378162369,3191,3191,10,15.789472579956055,0,156224.3705444336,0,0,4112314368,0,938315776,0
200,1788378162569,3191,3191,5.555555820465088,5.263157844543457,0,156224.3705444336,0,0,4112314368,0,938315776,0
200,1788378162769,3191,3191,10,18.18181800842285,0,156224.3705444336,0,0,4112314368,0,938315776,0
200,1788378162970,3191,3191,21.7391300201416,15.000000953674316,0,156224.73431396484,0,0,4112314368,0,938315776,0
200,1788378163170,3191,3191,15.000000953674316,15.000000953674316,0,156224.73431396484,0,0,4112314368,0,938315776,0
200,1788378163370,3191,3191,15.000000953674316,10,0,156224.73431396484,0,0,4112314368,0,938315776,0
200,1788378163570,3191,3191,0,18.18181800842285,0,156224.73431396484,0,0,4112314368,0,938315776,0
200,1788378163770,3191,3191,10.526315689086914,14.285715103149414,0,156224.73431396484,0,0,4112314368,0,938315776,0
200,1788378163971,3191,3191,9.523809432983398,14.285715103149414,0,156225.11169433594,0,0,4112314368,0,938315776,0
200,1788378164171,3191,3191,10.526315689086914,18.18181800842285,0,156225.11169433594,0,0,4112314368,0,938315776,0
200,1788378164371,3191,3191,19.047618865966797,11.111111640930176,0,156225.11169433594,0,0,4112314368,0,938315776,0
200,1788378164571,3191,3191,14.285715103149414,23.809524536132813,0,156225.11169433594,0,0,4112314368,0,938315776,0
200,1788378164771,3191,3191,22.72727394104004,45,0,156225.11169433594,0,0,4112314368,0,938315776,0
200,1788378164972,3191,3191,15.000000953674316,15.000000953674316,0,156225.7739868164,0,0,4112314368,0,938315776,0
200,1788378165172,3191,3191,15.000000953674316,19.047618865966797,0,156225.7739868164,0,0,4112314368,0,938315776,0
200,1788378165372,3191,3191,18.18181800842285,5.263157844543457,0,156225.7739868164,0,0,4112314368,0,938315776,0
200,1788378165572,3191,3191,14.285715103149414,15.000000953674316,0,156225.7739868164,0,0,4112314368,0,938315776,0
200,1788378165772,3191,3191,10.526315689086914,19.047618865966797,0,156225.7739868164,0,0,4112314368,0,938315776,0
200,1788378165972,3191,3191,5.263157844543457,14.285715103149414,0,156226.4467163086,0,0,4112314368,0,938315776,0
200,1788378166172,3191,3191,18.18181800842285,10,0,156226.4467163086,0,0,4112314368,0,938315776,0
200,1788378166372,3191,3191,10,10,0,156226.4467163086,0,0,4112314368,0,938315776,0
200,1788378166572,3191,3191,15.000000953674316,14.285715103149414,0,156226.4467163086,0,0,4112314368,0,938315776,0
200,1788378166773,3191,3191,14.285715103149414,10.526315689086914,0,156226.4467163086,0,0,4112314368,0,938315776,0
200,1788378166973,3191,3191,14.285715103149414,15.000000953674316,0,156226.88415527344,0,0,4112314368,0,938315776,0
200,1788378167173,3191,3191,9.523809432983398,9.523809432983398,0,156226.88415527344,0,0,4112314368,0,938315776,0
200,1788378167373,3191,3191,15.000000953674316,15.000000953674316,0,156226.88415527344,0,0,4112314368,0,938315776,0
200,1788378167573,3191,3191,10.526315689086914,23.809524536132813,0,156226.88415527344,0,0,4112314368,0,938315776,0
200,1788378167774,3191,3191,14.285715103149414,10,0,156226.88415527344,0,0,4112314368,0,938315776,0
200,1788378167974,3191,3191,10,10,0,156227.23486328125,0,0,4112314368,0,938315776,0
200,1788378168174,3191,3191,22.72727394104004,15.000000953674316,0,156227.23486328125,0,0,4112314368,0,938315776,0
200,1788378168374,3191,3191,10,14.285715103149414,0,156227.23486328125,0,0,4112314368,0,938315776,0
200,1788378168575,3191,3191,14.285715103149414,5,0,156227.23486328125,0,0,4112314368,0,938315776,0
200,1788378168775,3191,3191,15.000000953674316,19.047618865966797,0,156227.23486328125,0,0,4112314368,0,938315776,0
200,1788378168975,3191,3191,20,20,0,156227.609375,0,0,4112314368,0,938315776,0
200,1788378169175,3191,3191,5.263157844543457,9.523809432983398,0,156227.609375,0,0,4112314368,0,938315776,0
200,1788378169375,3191,3191,15.000000953674316,22.72727394104004,0,156227.609375,0,0,4112314368,0,938315776,0
200,1788378169575,3191,3191,22.72727394104004,22.72727394104004,0,156227.609375,0,0,4112314368,0,938315776,0
200,1788378169776,3191,3191,10,10,0,156227.609375,0,0,4112314368,0,938315776,0
200,1788378169976,3191,3191,10.526315689086914,15.000000953674316,0,156228.0926513672,0,0,4112314368,0,938315776,0
200,1788378170176,3191,3191,5.263157844543457,18.18181800842285,0,156228.0926513672,0,0,4112314368,0,938315776,0
200,1788378170376,3191,3191,15.000000953674316,14.285715103149414,0,156228.0926513672,0,0,4112314368,0,938315776,0
200,1788378170576,3191,3191,10,14.285715103149414,0,156228.0926513672,0,0,4112314368,0,938315776,0
200,1788378170776,3191,3191,15.000000953674316,5.555555820465088,0,156228.0926513672,0,0,4112314368,0,938315776,0
200,1788378170976,3191,3191,15.000000953674316,18.18181800842285,0,156228.4783935547,0,0,4112314368,0,938315776,0
200,1788378171177,3191,3191,18.18181800842285,15.000000953674316,0,156228.4783935547,0,0,4112314368,0,938315776,0
200,1788378171377,3191,3191,15.000000953674316,5.263157844543457,0,156228.4783935547,0,0,4112314368,0,938315776,0
200,1788378171577,3191,3191,14.285715103149414,14.285715103149414,0,156228.4783935547,0,0,4112314368,0,938315776,0
200,1788378171777,3191,3191,14.285715103149414,5.263157844543457,0,156228.4783935547,0,0,4112314368,0,938315776,0
200,1788378171977,3191,3191,15.000000953674316,19.047618865966797,0,156228.85131835938,0,0,4112314368,0,938315776,0
200,1788378172178,3191,3191,5.263157844543457,5.263157844543457,0,156228.85131835938,0,0,4112314368,0,938315776,0
200,1788378172378,3191,3191,13.636363983154297,10.526315689086914,0,156228.85131835938,0,0,4112314368,0,938315776,0
200,1788378172578,3191,3191,18.18181800842285,15.000000953674316,0,156228.85131835938,0,0,4112314368,0,938315776,0
200,1788378172778,3191,3191,10,18.18181800842285,0,156228.85131835938,0,0,4112314368,0,938315776,0
203,1788378172978,3191,3191,10.526315689086914,10,0,156229.19049072266,0,0,4112314368,0,938315776,0
200,1788378173182,3191,3191,18.18181800842285,19.047618865966797,0,156229.19049072266,0,0,4112314368,0,938315776,0
200,1788378173382,3191,3191,10.526315689086914,14.285715103149414,0,156229.19049072266,0,0,4112314368,0,938315776,0
200,1788378173582,3191,3191,10.526315689086914,23.809524536132813,0,156229.19049072266,0,0,4112314368,0,938315776,0
200,1788378173782,3191,3191,14.285715103149414,15.000000953674316,0,156229.19049072266,0,0,4112314368,0,938315776,0
200,1788378173982,3191,3191,9.523809432983398,5,0,156229.69360351563,0,0,4112314368,0,938315776,0
200,1788378174182,3191,3191,15.000000953674316,10.526315689086914,0,156229.69360351563,0,0,4112314368,0,938315776,0
200,1788378174383,3191,3191,10,22.72727394104004,0,156229.69360351563,0,0,4112314368,0,938315776,0
200,1788378174583,3191,3191,10,14.285715103149414,0,156229.69360351563,0,0,4112314368,0,938315776,0
200,1788378174783,3191,3191,15.000000953674316,11.111111640930176,0,156229.69360351563,0,0,4112314368,0,938315776,0
200,1788378174984,3191,3191,10,10,0,156230.05572509766,0,0,4112314368,0,938315776,0
200,1788378175184,3191,3191,18.18181800842285,10,0,156230.05572509766,0,0,4112314368,0,938315776,0
200,1788378175384,3191,3191,14.285715103149414,14.285715103149414,0,156230.05572509766,0,0,4112314368,0,938315776,0
200,1788378175584,3191,3191,10.526315689086914,15.000000953674316,0,156230.05572509766,0,0,4112314368,0,938315776,0
200,1788378175784,3191,3191,10,10.526315689086914,0,156230.05572509766,0,0,4112314368,0,938315776,0
200,1788378175984,3191,3191,15.000000953674316,17.39130401611328,0,156230.84344482422,0,0,4112314368,0,938315776,0
200,1788378176184,3191,3191,10.526315689086914,10.526315689086914,0,156230.84344482422,0,0,4112314368,0,938315776,0
200,1788378176384,3191,3191,9.523809432983398,18.18181800842285,0,156230.84344482422,0,0,4112314368,0,938315776,0
200,1788378176585,3191,3191,18.18181800842285,20,0,156230.84344482422,0,0,4112314368,0,938573824,0
200,1788378176785,3191,3191,10.526315689086914,5.263157844543457,0,156230.84344482422,0,0,4112314368,0,938573824,0
200,1788378176985,3191,3191,10,14.285715103149414,0,156231.2518310547,0,0,4112314368,0,938573824,0
200,1788378177185,3191,3191,21.7391300201416,15.000000953674316,0,156231.2518310547,0,0,4112314368,0,938573824,0
200,1788378177385,3191,3191,31.57894515991211,28.571430206298828,0,156231.2518310547,0,0,4112314368,0,938573824,0
200,1788378177586,3191,3191,15.000000953674316,45,0,156231.2518310547,0,0,4112314368,0,938573824,0
200,1788378177786,3191,3191,19.047618865966797,10.526315689086914,0,156231.2518310547,0,0,4112314368,0,938573824,0
200,1788378177986,3191,3191,19.047618865966797,10.526315689086914,0,156231.95727539063,0,0,4112314368,0,938573824,0
200,1788378178186,3191,3191,5.263157844543457,14.285715103149414,0,156231.95727539063,0,0,4112314368,0,938573824,0
200,1788378178386,3191,3191,5,5,0,156231.95727539063,0,0,4112314368,0,938573824,0
200,1788378178586,3191,3191,19.047618865966797,10.526315689086914,0,156231.95727539063,0,0,4112314368,0,938573824,0
200,1788378178786,3191,3191,22.72727394104004,15.000000953674316,0,156231.95727539063,0,0,4112314368,0,938573824,0
200,1788378178986,3191,3191,10,5.263157844543457,0,156232.28607177734,0,0,4112314368,0,938573824,0
200,1788378179187,3191,3191,18.18181800842285,10.526315689086914,0,156232.28607177734,0,0,4112314368,0,938573824,0
200,1788378179387,3191,3191,15.000000953674316,14.285715103149414,0,156232.28607177734,0,0,4112314368,0,938573824,0
200,1788378179587,3191,3191,10,18.18181800842285,0,156232.28607177734,0,0,4112314368,0,938573824,0
200,1788378179787,3191,3191,15.000000953674316,15.000000953674316,0,156232.28607177734,0,0,4112314368,0,938573824,0
200,1788378179987,3191,3191,10.526315689086914,22.72727394104004,0,156232.6739501953,0,0,4112314368,0,938573824,0
200,1788378180188,3191,3191,10,9.523809432983398,0,156232.6739501953,0,0,4112314368,0,938573824,0
200,1788378180388,3191,3191,10,18.18181800842285,0,156232.6739501953,0,0,4112314368,0,938573824,0
200,1788378180588,3191,3191,13.636363983154297,10,0,156232.6739501953,0,0,4112314368,0,938573824,0
200,1788378180788,3191,3191,5.263157844543457,10,0,156232.6739501953,0,0,4112314368,0,938573824,0
200,1788378180988,3191,3191,15.000000953674316,10.526315689086914,0,156233.06323242188,0,0,4112314368,0,938573824,0
200,1788378181189,3191,3191,5.263157844543457,15.000000953674316,0,156233.06323242188,0,0,4112314368,0,938573824,0
200,1788378181389,3191,3191,22.72727394104004,18.18181800842285,0,156233.06323242188,0,0,4112314368,0,938573824,0
200,1788378181589,3191,3191,10.526315689086914,5.555555820465088,0,156233.06323242188,0,0,4112314368,0,938573824,0
200,1788378181789,3191,3191,14.285715103149414,14.285715103149414,0,156233.06323242188,0,0,4112314368,0,938573824,0
200,1788378181989,3191,3191,14.285715103149414,10,0,156233.4510498047,0,0,4112314368,0,938573824,0
200,1788378182189,3191,3191,19.047618865966797,20,0,156233.4510498047,0,0,4112314368,0,938573824,0
200,1788378182390,3191,3191,5.555555820465088,10,0,156233.4510498047,0,0,4112314368,0,938573824,0
200,1788378182590,3191,3191,14.285715103149414,10,0,156233.4510498047,0,0,4112314368,0,938573824,0
200,1788378182790,3191,3191,10,10.526315689086914,0,156233.4510498047,0,0,4112314368,0,938573824,0
200,1788378182990,3191,3191,15.000000953674316,15.000000953674316,0,156233.83978271484,0,0,4112314368,0,938573824,0
200,1788378183191,3191,3191,14.285715103149414,5.263157844543457,0,156233.83978271484,0,0,4112314368,0,938573824,0
200,1788378183391,3191,3191,15.000000953674316,19.047618865966797,0,156233.83978271484,0,0,4112314368,0,938573824,0
200,1788378183591,3191,3191,14.285715103149414,15.000000953674316,0,156233.83978271484,0,0,4112314368,0,938573824,0
200,1788378183791,3191,3191,5.555555820465088,18.18181800842285,0,156233.83978271484,0,0,4112314368,0,938573824,0
200,1788378183991,3191,3191,10,10,0,156234.29748535156,0,0,4112314368,0,938573824,0
200,1788378184192,3191,3191,19.047618865966797,18.18181800842285,0,156234.29748535156,0,0,4112314368,0,938573824,0
200,1788378184392,3191,3191,13.636363983154297,10,0,156234.29748535156,0,0,4112314368,0,938573824,0
200,1788378184592,3191,3191,15.000000953674316,15.000000953674316,0,156234.29748535156,0,0,4112314368,0,938573824,0
200,1788378184792,3191,3191,10,14.285715103149414,0,156234.29748535156,0,0,4112314368,0,938573824,0
200,1788378184992,3191,3191,5.263157844543457,14.285715103149414,0,156234.68139648438,0,0,4112314368,0,938573824,0
200,1788378185192,3191,3191,15.000000953674316,10.526315689086914,0,156234.68139648438,0,0,4112314368,0,938573824,0
200,1788378185392,3191,3191,18.18181800842285,14.285715103149414,0,156234.68139648438,0,0,4112314368,0,938573824,0
200,1788378185592,3191,3191,10,5.263157844543457,0,156234.68139648438,0,0,4112314368,0,938573824,0
200,1788378185793,3191,3191,15.000000953674316,15.000000953674316,0,156234.68139648438,0,0,4112314368,0,938573824,0
200,1788378185993,3191,3191,14.285715103149414,15.000000953674316,0,156235.0994873047,0,0,4112314368,0,938573824,0
200,1788378186193,3191,3191,19.047618865966797,19.047618865966797,0,156235.0994873047,0,0,4112314368,0,938573824,0
200,1788378186393,3191,3191,15.000000953674316,5.555555820465088,0,156235.0994873047,0,0,4112314368,0,938573824,0
200,1788378186593,3191,3191,19.047618865966797,14.285715103149414,0,156235.0994873047,0,0,4112314368,0,938573824,0
200,1788378186794,3191,3191,15.000000953674316,15.000000953674316,0,156235.0994873047,0,0,4112314368,0,938573824,0
200,1788378186994,3191,3191,9.523809432983398,0,0,156235.8790283203,0,0,4112314368,0,938573824,0
200,1788378187194,3191,3191,10.526315689086914,14.285715103149414,0,156235.8790283203,0,0,4112314368,0,938573824,0
200,1788378187394,3191,3191,10.526315689086914,14.285715103149414,0,156235.8790283203,0,0,4112314368,0,938573824,0
200,1788378187594,3191,3191,5,5.263157844543457,0,156235.8790283203,0,0,4112314368,0,938573824,0
200,1788378187794,3191,3191,5.263157844543457,14.285715103149414,0,156235.8790283203,0,0,4112314368,0,938573824,0
200,1788378187994,3191,3191,19.047618865966797,23.809524536132813,0,156236.2485961914,0,0,4112314368,0,938573824,0
200,1788378188194,3191,3191,11.111111640930176,10.526315689086914,0,156236.2485961914,0,0,4112314368,0,938573824,0
200,1788378188394,3191,3191,11.111111640930176,10.526315689086914,0,156236.2485961914,0,0,4112314368,0,938573824,0
200,1788378188595,3191,3191,16.279069900512695,10,0,156236.2485961914,0,0,4112314368,0,938573824,0
200,1788378188795,3191,3191,5.263157844543457,9.523809432983398,0,156236.2485961914,0,0,4112314368,0,938573824,0
200,1788378188995,3191,3191,10,15.000000953674316,0,156236.6088256836,0,0,4112314368,0,938573824,0
200,1788378189195,3191,3191,19.047618865966797,15.000000953674316,0,156236.6088256836,0,0,4112314368,0,938573824,0
200,1788378189395,3191,3191,10,18.18181800842285,0,156236.6088256836,0,0,4112314368,0,938573824,0
200,1788378189596,3191,3191,10,5.263157844543457,0,156236.6088256836,0,0,4112314368,0,938573824,0
200,1788378189796,3191,3191,10.526315689086914,15.000000953674316,0,156236.6088256836,0,0,4112314368,0,938573824,0
200,1788378189996,3191,3191,22.72727394104004,15.000000953674316,0,156237.09674072266,0,0,4112314368,0,938573824,0
200,1788378190196,3191,3191,5,5.263157844543457,0,156237.09674072266,0,0,4112314368,0,938573824,0
200,1788378190396,3191,3191,10.526315689086914,19.047618865966797,0,156237.09674072266,0,0,4112314368,0,938573824,0
200,1788378190596,3191,3191,36.842105865478516,59.09090805053711,0,156237.09674072266,0,0,4112314368,0,938573824,0
200,1788378190796,3191,3191,14.285715103149414,10,0,156237.09674072266,0,0,4112314368,0,938573824,0
200,1788378190996,3191,3191,10,14.285715103149414,0,156237.7367553711,0,0,4112314368,0,938573824,0
200,1788378191197,3191,3191,15.000000953674316,19.047618865966797,0,156237.7367553711,0,0,4112314368,0,938573824,0
200,1788378191397,3191,3191,14.285715103149414,10.526315689086914,0,156237.7367553711,0,0,4112314368,0,938573824,0
200,1788378191597,3191,3191,10.526315689086914,14.285715103149414,0,156237.7367553711,0,0,4112314368,0,938573824,0
200,1788378191797,3191,3191,10.526315689086914,10,0,156237.7367553711,0,0,4112314368,0,938573824,0
200,1788378191997,3191,3191,14.285715103149414,5.263157844543457,0,156238.1417236328,0,0,4112314368,0,938573824,0
200,1788378192198,3191,3191,14.285715103149414,14.285715103149414,0,156238.1417236328,0,0,4112314368,0,938573824,0
200,1788378192398,3191,3191,5.555555820465088,18.18181800842285,0,156238.1417236328,0,0,4112314368,0,938573824,0
200,1788378192598,3191,3191,10.526315689086914,19.047618865966797,0,156238.1417236328,0,0,4112314368,0,938573824,0
200,1788378192798,3191,3191,9.523809432983398,10.526315689086914,0,156238.1417236328,0,0,4112314368,0,938573824,0
200,1788378192998,3191,3191,19.047618865966797,14.285715103149414,0,156238.5225830078,0,0,4112314368,0,938573824,0
200,1788378193198,3191,3191,18.18181800842285,11.111111640930176,0,156238.5225830078,0,0,4112314368,0,938573824,0
200,1788378193398,3191,3191,14.285715103149414,10,0,156238.5225830078,0,0,4112314368,0,938573824,0
200,1788378193599,3191,3191,14.285715103149414,5.263157844543457,0,156238.5225830078,0,0,4112314368,0,938573824,0
200,1788378193799,3191,3191,10.526315689086914,23.809524536132813,0,156238.5225830078,0,0,4112314368,0,938573824,0
200,1788378193999,3191,3191,14.285715103149414,5,0,156239.0643310547,0,0,4112314368,0,938573824,0
200,1788378194199,3191,3191,14.285715103149414,19.047618865966797,0,156239.0643310547,0,0,4112314368,0,938573824,0
200,1788378194399,3191,3191,19.047618865966797,10,0,156239.0643310547,0,0,4112314368,0,938573824,0
200,1788378194600,3191,3191,14.285715103149414,10.526315689086914,0,156239.0643310547,0,0,4112314368,0,938573824,0
200,1788378194800,3191,3191,15.000000953674316,10.526315689086914,0,156239.0643310547,0,0,4112314368,0,938573824,0
200,1788378195000,3191,3191,14.285715103149414,15.000000953674316,0,156239.49017333984,0,0,4112314368,0,938573824,0
200,1788378195200,3191,3191,19.047618865966797,14.285715103149414,0,156239.49017333984,0,0,4112314368,0,938573824,0
200,1788378195400,3191,3191,9.523809432983398,10,0,156239.49017333984,0,0,4112314368,0,938573824,0
200,1788378195601,3191,3191,19.047618865966797,10.526315689086914,0,156239.49017333984,0,0,4112314368,0,938573824,0
200,1788378195801,3191,3191,10.526315689086914,15.000000953674316,0,156239.49017333984,0,0,4112314368,0,938573824,0
200,1788378196001,3191,3191,10,5.263157844543457,0,156239.95043945313,0,0,4112314368,0,938573824,0
200,1788378196201,3191,3191,14.285715103149414,19.047618865966797,0,156239.95043945313,0,0,4112314368,0,938573824,0
200,1788378196401,3191,3191,10.526315689086914,5.555555820465088,0,156239.95043945313,0,0,4112314368,0,938573824,0
200,1788378196602,3191,3191,10,10,0,156239.95043945313,0,0,4112314368,0,938573824,0
200,1788378196802,3191,3191,19.047618865966797,19.047618865966797,0,156239.95043945313,0,0,4112314368,0,938573824,0
200,1788378197002,3191,3191,13.636363983154297,5.263157844543457,0,156240.55926513672,0,0,4112314368,0,938573824,0
200,1788378197202,3191,3191,10.526315689086914,10.526315689086914,0,156240.55926513672,0,0,4112314368,0,938573824,0
200,1788378197402,3191,3191,19.047618865966797,19.047618865966797,0,156240.55926513672,0,0,4112314368,0,938573824,0
200,1788378197602,3191,3191,15.000000953674316,14.285715103149414,0,156240.55926513672,0,0,4112314368,0,938573824,0
200,1788378197802,3191,3191,5.263157844543457,15.000000953674316,0,156240.55926513672,0,0,4112314368,0,938573824,0
200,1788378198002,3191,3191,15.000000953674316,10,0,156241.02252197266,0,0,4112314368,0,938573824,0
200,1788378198203,3191,3191,21.7391300201416,19.047618865966797,0,156241.02252197266,0,0,4112314368,0,938573824,0
200,1788378198403,3191,3191,10,9.523809432983398,0,156241.02252197266,0,0,4112314368,0,938573824,0
200,1788378198603,3191,3191,5.263157844543457,22.72727394104004,0,156241.02252197266,0,0,4112314368,0,938573824,0
200,1788378198803,3191,3191,15.000000953674316,14.285715103149414,0,156241.02252197266,0,0,4112314368,0,938573824,0
200,1788378199003,3191,3191,20,18.18181800842285,0,156241.46600341797,0,0,4112314368,0,938573824,0
200,1788378199203,3191,3191,19.047618865966797,0,0,156241.46600341797,0,0,4112314368,0,938573824,0
203,1788378199404,3191,3191,15.789472579956055,20,0,156241.46600341797,0,0,4112314368,0,938573824,0
200,1788378199607,3191,3191,18.18181800842285,60.000003814697266,0,156241.46600341797,0,0,4112314368,0,938573824,0
200,1788378199808,3191,3191,61.904762268066406,45,0,156241.46600341797,0,0,4112314368,0,938573824,0
200,1788378200008,3191,3191,11.111111640930176,19.047618865966797,0,156242.62884521484,0,0,4112314368,0,938573824,0
200,1788378200208,3191,3191,13.636363983154297,0,0,156242.62884521484,0,0,4112314368,0,938573824,0
200,1788378200408,3191,3191,27.272727966308594,19.047618865966797,0,156242.62884521484,0,0,4112314368,0,938573824,0
200,1788378200608,3191,3191,14.285715103149414,10.526315689086914,0,156242.62884521484,0,0,4112314368,0,938573824,0
200,1788378200808,3191,3191,5.263157844543457,14.285715103149414,0,156242.62884521484,0,0,4112314368,0,938573824,0
200,1788378201009,3191,3191,10,19.047618865966797,0,156243.02709960938,0,0,4112314368,0,938573824,0
200,1788378201209,3191,3191,0,5,0,156243.02709960938,0,0,4112314368,0,938573824,0
200,1788378201409,3191,3191,10.526315689086914,19.047618865966797,0,156243.02709960938,0,0,4112314368,0,938573824,0
200,1788378201609,3191,3191,14.285715103149414,10.526315689086914,0,156243.02709960938,0,0,4112314368,0,938573824,0
200,1788378201809,3191,3191,14.285715103149414,10,0,156243.02709960938,0,0,4112314368,0,938573824,0
200,1788378202009,3191,3191,22.72727394104004,10.526315689086914,0,156243.3857421875,0,0,4112314368,0,938573824,0
200,1788378202210,3191,3191,10,14.285715103149414,0,156243.3857421875,0,0,4112314368,0,938573824,0
200,1788378202410,3191,3191,14.285715103149414,10.526315689086914,0,156243.3857421875,0,0,4112314368,0,938573824,0
200,1788378202610,3191,3191,5.263157844543457,21.7391300201416,0,156243.3857421875,0,0,4112314368,0,938573824,0
200,1788378202810,3191,3191,19.047618865966797,11.111111640930176,0,156243.3857421875,0,0,4112314368,0,938573824,0
200,1788378203010,3191,3191,15.000000953674316,10.526315689086914,0,156243.80670166016,0,0,4112314368,0,938573824,0
200,1788378203210,3191,3191,14.285715103149414,18.18181800842285,0,156243.80670166016,0,0,4112314368,0,938573824,0
200,1788378203411,3191,3191,60.000003814697266,30.000001907348633,0,156243.80670166016,0,0,4112314368,0,938573824,0
200,1788378203611,3191,3191,5.263157844543457,0,0,156243.80670166016,0,0,4112314368,0,938573824,0
200,1788378203811,3191,3191,10,22.72727394104004,0,156243.80670166016,0,0,4112314368,0,938573824,0
200,1788378204011,3191,3191,19.047618865966797,15.000000953674316,0,156244.53088378906,0,0,4112314368,0,938573824,0
200,1788378204211,3191,3191,14.285715103149414,10,0,156244.53088378906,0,0,4112314368,0,938573824,0
200,1788378204411,3191,3191,10,15.000000953674316,0,156244.53088378906,0,0,4112314368,0,938573824,0
200,1788378204612,3191,3191,22.72727394104004,10.526315689086914,0,156244.53088378906,0,0,4112314368,0,938573824,0
200,1788378204812,3191,3191,19.047618865966797,14.285715103149414,0,156244.53088378906,0,0,4112314368,0,938573824,0
200,1788378205012,3191,3191,10,10,0,156244.9320678711,0,0,4112314368,0,938573824,0
200,1788378205212,3191,3191,14.285715103149414,10,0,156244.9320678711,0,0,4112314368,0,938573824,0
200,1788378205412,3191,3191,15.000000953674316,15.000000953674316,0,156244.9320678711,0,0,4112314368,0,938573824,0
200,1788378205612,3191,3191,5.263157844543457,10,0,156244.9320678711,0,0,4112314368,0,938573824,0
200,1788378205813,3191,3191,14.285715103149414,15.000000953674316,0,156244.9320678711,0,0,4112314368,0,938573824,0
200,1788378206013,3191,3191,15.000000953674316,15.000000953674316,0,156245.45635986328,0,0,4112314368,0,938573824,0
200,1788378206213,3191,3191,10,5.263157844543457,0,156245.45635986328,0,0,4112314368,0,938573824,0
200,1788378206413,3191,3191,5.263157844543457,22.72727394104004,0,156245.45635986328,0,0,4112314368,0,938573824,0
200,1788378206613,3191,3191,5.263157844543457,14.285715103149414,0,156245.45635986328,0,0,4112314368,0,938573824,0
200,1788378206813,3191,3191,5,10,0,156245.45635986328,0,0,4112314368,0,938573824,0
200,1788378207014,3191,3191,19.047618865966797,15.000000953674316,0,156245.9888305664,0,0,4112314368,0,938573824,0
200,1788378207214,3191,3191,15.000000953674316,15.000000953674316,0,156245.9888305664,0,0,4112314368,0,938573824,0
200,1788378207414,3191,3191,0,14.285715103149414,0,156245.9888305664,0,0,4112314368,0,938573824,0
200,1788378207614,3191,3191,33.333335876464844,5.555555820465088,0,156245.9888305664,0,0,4112314368,0,938573824,0
200,1788378207814,3191,3191,10,22.72727394104004,0,156245.9888305664,0,0,4112314368,0,938573824,0
200,1788378208014,3191,3191,5.263157844543457,10,0,156246.39715576172,0,0,4112314368,0,938573824,0
200,1788378208215,3191,3191,9.523809432983398,5,0,156246.39715576172,0,0,4112314368,0,938573824,0
200,1788378208415,3191,3191,20,15.789472579956055,0,156246.39715576172,0,0,4112314368,0,938573824,0
200,1788378208615,3191,3191,14.285715103149414,15.000000953674316,0,156246.39715576172,0,0,4112314368,0,938573824,0
199,1788378208815,3191,3191,5.263157844543457,9.523809432983398,0,156246.39715576172,0,0,4112314368,0,938573824,0
200,1788378209015,3191,3191,22.72727394104004,5.263157844543457,0,156246.75714111328,0,0,4112314368,0,938573824,0
200,1788378209216,3191,3191,10,19.047618865966797,0,156246.75714111328,0,0,4112314368,0,938573824,0
200,1788378209416,3191,3191,10,15.000000953674316,0,156246.75714111328,0,0,4112314368,0,938573824,0
200,1788378209616,3191,3191,22.72727394104004,15.000000953674316,0,156246.75714111328,0,0,4112314368,0,938573824,0
200,1788378209817,3191,3191,15.000000953674316,10,0,156246.75714111328,0,0,4112314368,0,938573824,0
200,1788378210017,3191,3191,10,14.285715103149414,0,156247.18115234375,0,0,4112314368,0,938573824,0
200,1788378210217,3191,3191,14.285715103149414,10,0,156247.18115234375,0,0,4112314368,0,938573824,0
200,1788378210418,3191,3191,14.285715103149414,10.526315689086914,0,156247.18115234375,0,0,4112314368,0,938573824,0
200,1788378210618,3191,3191,10,10,0,156247.18115234375,0,0,4112314368,0,938573824,0
200,1788378210818,3191,3191,15.000000953674316,14.285715103149414,0,156247.18115234375,0,0,4112314368,0,938573824,0
200,1788378211018,3191,3191,10.526315689086914,15.000000953674316,0,156247.54168701172,0,0,4112314368,0,938573824,0
200,1788378211218,3191,3191,14.285715103149414,10.526315689086914,0,156247.54168701172,0,0,4112314368,0,938573824,0
200,1788378211418,3191,3191,14.285715103149414,14.285715103149414,0,156247.54168701172,0,0,4112314368,0,938573824,0
200,1788378211619,3191,3191,10.526315689086914,10.526315689086914,0,156247.54168701172,0,0,4112314368,0,938573824,0
200,1788378211819,3191,3191,15.000000953674316,10,0,156247.54168701172,0,0,4112314368,0,938573824,0
200,1788378212019,3191,3191,57.142860412597656,40,0,156248.1884765625,0,0,4112314368,0,938573824,0
199,1788378212219,3191,3191,9.523809432983398,13.636363983154297,0,156248.1884765625,0,0,4112314368,0,938573824,0
200,1788378212419,3191,3191,19.047618865966797,15.789472579956055,0,156248.1884765625,0,0,4112314368,0,938573824,0
200,1788378212620,3191,3191,17.39130401611328,5.263157844543457,0,156248.1884765625,0,0,4112314368,0,938573824,0
200,1788378212820,3191,3191,5.263157844543457,9.523809432983398,0,156248.1884765625,0,0,4112314368,0,938573824,0
200,1788378213020,3191,3191,15.000000953674316,15.000000953674316,0,156248.6195678711,0,0,4112314368,0,938573824,0
200,1788378213220,3191,3191,15.000000953674316,10,0,156248.6195678711,0,0,4112314368,0,938573824,0
200,1788378213421,3191,3191,15.000000953674316,15.000000953674316,0,156248.6195678711,0,0,4112314368,0,938573824,0
200,1788378213621,3191,3191,15.000000953674316,15.000000953674316,0,156248.6195678711,0,0,4112314368,0,938573824,0
200,1788378213821,3191,3191,14.634145736694336,12.5,0,156248.6195678711,0,0,4112314368,0,938573824,0
200,1788378214021,3191,3191,15.000000953674316,26.086956024169922,0,156249.06536865234,0,0,4112314368,0,938573824,0
200,1788378214221,3191,3191,10,10.526315689086914,0,156249.06536865234,0,0,4112314368,0,938573824,0
200,1788378214421,3191,3191,15.000000953674316,14.285715103149414,0,156249.06536865234,0,0,4112314368,0,938573824,0
200,1788378214622,3191,3191,5.263157844543457,14.285715103149414,0,156249.06536865234,0,0,4112314368,0,938573824,0
200,1788378214822,3191,3191,14.285715103149414,14.285715103149414,0,156249.06536865234,0,0,4112314368,0,938573824,0
200,1788378215022,3191,3191,14.285715103149414,10.526315689086914,0,156249.41131591797,0,0,4112314368,0,938573824,0
200,1788378215222,3191,3191,22.72727394104004,19.047618865966797,0,156249.41131591797,0,0,4112314368,0,938573824,0
200,1788378215422,3191,3191,10,10,0,156249.41131591797,0,0,4112314368,0,938573824,0
200,1788378215622,3191,3191,10,9.523809432983398,0,156249.41131591797,0,0,4112314368,0,938573824,0
200,1788378215823,3191,3191,15.789472579956055,22.72727394104004,0,156249.41131591797,0,0,4112314368,0,938573824,0
200,1788378216023,3191,3191,22.72727394104004,5.263157844543457,0,156250.17645263672,0,0,4112314368,0,938573824,0
200,1788378216223,3191,3191,14.285715103149414,5.263157844543457,0,156250.17645263672,0,0,4112314368,0,938573824,0
200,1788378216423,3191,3191,18.18181800842285,15.000000953674316,0,156250.17645263672,0,0,4112314368,0,938573824,0
200,1788378216624,3191,3191,18.18181800842285,14.285715103149414,0,156250.17645263672,0,0,4112314368,0,938573824,0
200,1788378216824,3191,3191,10.526315689086914,14.285715103149414,0,156250.17645263672,0,0,4112314368,0,938573824,0
200,1788378217024,3191,3191,15.000000953674316,15.000000953674316,0,156250.59967041016,0,0,4112314368,0,938573824,0
200,1788378217224,3191,3191,14.285715103149414,14.285715103149414,0,156250.59967041016,0,0,4112314368,0,938573824,0
200,1788378217424,3191,3191,19.047618865966797,5.263157844543457,0,156250.59967041016,0,0,4112314368,0,938573824,0
200,1788378217624,3191,3191,10,10.526315689086914,0,156250.59967041016,0,0,4112314368,0,938573824,0
200,1788378217825,3191,3191,22.72727394104004,10.526315689086914,0,156250.59967041016,0,0,4112314368,0,938573824,0
200,1788378218025,3191,3191,10,13.636363983154297,0,156250.97326660156,0,0,4112314368,0,938573824,0
200,1788378218225,3191,3191,10.526315689086914,19.047618865966797,0,156250.97326660156,0,0,4112314368,0,938573824,0
200,1788378218425,3191,3191,10,10,0,156250.97326660156,0,0,4112314368,0,938573824,0
200,1788378218625,3191,3191,10,15.000000953674316,0,156250.97326660156,0,0,4112314368,0,938573824,0
200,1788378218826,3191,3191,15.000000953674316,20.833332061767578,0,156250.97326660156,0,0,4112314368,0,938573824,0
200,1788378219026,3191,3191,14.285715103149414,15.000000953674316,0,156251.4242553711,0,0,4112314368,0,938573824,0
200,1788378219226,3191,3191,5.263157844543457,14.285715103149414,0,156251.4242553711,0,0,4112314368,0,938573824,0
200,1788378219426,3191,3191,14.285715103149414,10,0,156251.4242553711,0,0,4112314368,0,938573824,0
200,1788378219626,3191,3191,15.000000953674316,23.809524536132813,0,156251.4242553711,0,0,4112314368,0,938573824,0
200,1788378219826,3191,3191,5.263157844543457,9.523809432983398,0,156251.4242553711,0,0,4112314368,0,938573824,0
200,1788378220026,3191,3191,15.000000953674316,10.526315689086914,0,156251.7367553711,0,0,4112314368,0,938573824,0
200,1788378220226,3191,3191,18.18181800842285,22.72727394104004,0,156251.7367553711,0,0,4112314368,0,938573824,0
200,1788378220427,3191,3191,10,5,0,156251.7367553711,0,0,4112314368,0,938573824,0
200,1788378220627,3191,3191,15.000000953674316,10,0,156251.7367553711,0,0,4112314368,0,938573824,0
200,1788378220827,3191,3191,30.000001907348633,55,0,156251.7367553711,0,0,4112314368,0,938573824,0
200,1788378221027,3191,3191,10.526315689086914,5.263157844543457,0,156252.47564697266,0,0,4112314368,0,938573824,0
200,1788378221227,3191,3191,17.39130401611328,10.526315689086914,0,156252.47564697266,0,0,4112314368,0,938573824,0
200,1788378221427,3191,3191,23.809524536132813,10.526315689086914,0,156252.47564697266,0,0,4112314368,0,938573824,0
200,1788378221628,3191,3191,0,5.263157844543457,0,156252.47564697266,0,0,4112314368,0,938573824,0
200,1788378221828,3191,3191,14.285715103149414,5.263157844543457,0,156252.47564697266,0,0,4112314368,0,938573824,0
200,1788378222028,3191,3191,15.000000953674316,18.18181800842285,0,156252.82061767578,0,0,4112314368,0,938573824,0
200,1788378222228,3191,3191,10,15.000000953674316,0,156252.82061767578,0,0,4112314368,0,938573824,0
200,1788378222428,3191,3191,10,14.285715103149414,0,156252.82061767578,0,0,4112314368,0,938573824,0
200,1788378222628,3191,3191,19.047618865966797,15.000000953674316,0,156252.82061767578,0,0,4112314368,0,938565632,0
200,1788378222828,3191,3191,14.285715103149414,14.285715103149414,0,156252.82061767578,0,0,4112314368,0,938565632,0
200,1788378223029,3191,3191,10,10,0,156253.18865966797,0,0,4112314368,0,938565632,0
200,1788378223229,3191,3191,5.555555820465088,19.047618865966797,0,156253.18865966797,0,0,4112314368,0,938565632,0
200,1788378223430,3191,3191,5.263157844543457,18.18181800842285,0,156253.18865966797,0,0,4112314368,0,938565632,0
200,1788378223630,3191,3191,22.72727394104004,15.000000953674316,0,156253.18865966797,0,0,4112314368,0,938565632,0
200,1788378223830,3191,3191,10,5.263157844543457,0,156253.18865966797,0,0,4112314368,0,938565632,0
200,1788378224030,3191,3191,10,18.18181800842285,0,156253.68365478516,0,0,4112314368,0,938565632,0
200,1788378224230,3191,3191,15.000000953674316,19.047618865966797,0,156253.68365478516,0,0,4112314368,0,938565632,0
200,1788378224431,3191,3191,5.263157844543457,5.263157844543457,0,156253.68365478516,0,0,4112314368,0,938565632,0
200,1788378224631,3191,3191,15.000000953674316,19.047618865966797,0,156253.68365478516,0,0,4112314368,0,938565632,0
200,1788378224831,3191,3191,10.526315689086914,19.047618865966797,0,156253.68365478516,0,0,4112314368,0,938565632,0
200,1788378225031,3191,3191,18.18181800842285,15.000000953674316,0,156254.09020996094,0,0,4112314368,0,938565632,0
200,1788378225231,3191,3191,9.523809432983398,15.000000953674316,0,156254.09020996094,0,0,4112314368,0,938565632,0
200,1788378225431,3191,3191,19.047618865966797,15.000000953674316,0,156254.09020996094,0,0,4112314368,0,938565632,0
200,1788378225631,3191,3191,10.526315689086914,14.285715103149414,0,156254.09020996094,0,0,4112314368,0,938565632,0
199,1788378225832,3191,3191,9.523809432983398,14.285715103149414,0,156254.09020996094,0,0,4112314368,0,938565632,0
200,1788378226032,3191,3191,9.523809432983398,14.285715103149414,0,156254.8865966797,0,0,4112314368,0,938565632,0
200,1788378226232,3191,3191,10,12.195121765136719,0,156254.8865966797,0,0,4112314368,0,938565632,0
200,1788378226432,3191,3191,10.526315689086914,15.000000953674316,0,156254.8865966797,0,0,4112314368,0,938565632,0
200,1788378226632,3191,3191,10,10,0,156254.8865966797,0,0,4112314368,0,938565632,0
200,1788378226832,3191,3191,15.000000953674316,13.636363983154297,0,156254.8865966797,0,0,4112314368,0,938565632,0
200,1788378227032,3191,3191,14.285715103149414,14.285715103149414,0,156255.212890625,0,0,4112314368,0,938565632,0
200,1788378227232,3191,3191,20,15.000000953674316,0,156255.212890625,0,0,4112314368,0,938565632,0
200,1788378227433,3191,3191,10,10,0,156255.212890625,0,0,4112314368,0,938565632,0
200,1788378227633,3191,3191,14.285715103149414,14.285715103149414,0,156255.212890625,0,0,4112314368,0,938565632,0
200,1788378227833,3191,3191,19.047618865966797,10.526315689086914,0,156255.212890625,0,0,4112314368,0,938565632,0
200,1788378228033,3191,3191,10.526315689086914,14.285715103149414,0,156255.59985351563,0,0,4112314368,0,938565632,0
200,1788378228233,3191,3191,10,15.000000953674316,0,156255.59985351563,0,0,4112314368,0,938565632,0
200,1788378228433,3191,3191,10,10.526315689086914,0,156255.59985351563,0,0,4112314368,0,938565632,0
200,1788378228634,3191,3191,10,14.285715103149414,0,156255.59985351563,0,0,4112314368,0,938565632,0
200,1788378228834,3191,3191,10,10,0,156255.59985351563,0,0,4112314368,0,938565632,0
200,1788378229034,3191,3191,10.526315689086914,15.000000953674316,0,156255.99768066406,0,0,4112314368,0,938565632,0
200,1788378229234,3191,3191,14.285715103149414,14.285715103149414,0,156255.99768066406,0,0,4112314368,0,938565632,0
200,1788378229434,3191,3191,14.285715103149414,14.285715103149414,0,156255.99768066406,0,0,4112314368,0,938565632,0
200,1788378229634,3191,3191,21.428571701049805,35,0,156255.99768066406,0,0,4112314368,0,938565632,0
200,1788378229834,3191,3191,10,14.285715103149414,0,156255.99768066406,0,0,4112314368,0,938565632,0
200,1788378230034,3191,3191,10.526315689086914,22.72727394104004,0,156256.61431884766,0,0,4112314368,0,938565632,0
200,1788378230234,3191,3191,10,10,0,156256.61431884766,0,0,4112314368,0,938565632,0
200,1788378230435,3191,3191,10.526315689086914,15.000000953674316,0,156256.61431884766,0,0,4112314368,0,938565632,0
200,1788378230635,3191,3191,14.285715103149414,14.285715103149414,0,156256.61431884766,0,0,4112314368,0,938565632,0
200,1788378230835,3191,3191,14.285715103149414,10,0,156256.61431884766,0,0,4112314368,0,938565632,0
200,1788378231035,3191,3191,10,15.000000953674316,0,156256.97344970703,0,0,4112314368,0,938565632,0
200,1788378231236,3191,3191,10.526315689086914,15.000000953674316,0,156256.97344970703,0,0,4112314368,0,938565632,0
200,1788378231436,3191,3191,10,14.285715103149414,0,156256.97344970703,0,0,4112314368,0,938565632,0
200,1788378231636,3191,3191,14.285715103149414,10.526315689086914,0,156256.97344970703,0,0,4112314368,0,938565632,0
200,1788378231836,3191,3191,10.526315689086914,19.047618865966797,0,156256.97344970703,0,0,4112314368,0,938565632,0
200,1788378232036,3191,3191,14.285715103149414,14.285715103149414,0,156257.40155029297,0,0,4112314368,0,938565632,0
200,1788378232236,3191,3191,15.000000953674316,18.18181800842285,0,156257.40155029297,0,0,4112314368,0,938565632,0
200,1788378232436,3191,3191,10,15.789472579956055,0,156257.40155029297,0,0,4112314368,0,938565632,0
200,1788378232636,3191,3191,5,9.523809432983398,0,156257.40155029297,0,0,4112314368,0,938565632,0
200,1788378232837,3191,3191,19.047618865966797,10.526315689086914,0,156257.40155029297,0,0,4112314368,0,938565632,0
200,1788378233037,3191,3191,15.000000953674316,10,0,156257.8038330078,0,0,4112314368,0,938565632,0
200,1788378233237,3191,3191,5.263157844543457,5.555555820465088,0,156257.8038330078,0,0,4112314368,0,938565632,0
200,1788378233437,3191,3191,10,14.285715103149414,0,156257.8038330078,0,0,4112314368,0,938565632,0
200,1788378233637,3191,3191,14.285715103149414,10.526315689086914,0,156257.8038330078,0,0,4112314368,0,938565632,0
200,1788378233837,3191,3191,19.047618865966797,10,0,156257.8038330078,0,0,4112314368,0,938565632,0
200,1788378234038,3191,3191,15.000000953674316,15.000000953674316,0,156258.2296142578,0,0,4112314368,0,938565632,0
200,1788378234238,3191,3191,15.000000953674316,14.285715103149414,0,156258.2296142578,0,0,4112314368,0,938565632,0
200,1788378234438,3191,3191,9.523809432983398,10.526315689086914,0,156258.2296142578,0,0,4112314368,0,938565632,0
200,1788378234638,3191,3191,10.526315689086914,18.18181800842285,0,156258.2296142578,0,0,4112314368,0,938565632,0
200,1788378234838,3191,3191,14.285715103149414,10,0,156258.2296142578,0,0,4112314368,0,938565632,0
200,1788378235038,3191,3191,14.285715103149414,10,0,156258.63330078125,0,0,4112314368,0,938565632,0
200,1788378235238,3191,3191,10.526315689086914,5.555555820465088,0,156258.63330078125,0,0,4112314368,0,938565632,0
200,1788378235439,3191,3191,28.571430206298828,15.000000953674316,0,156258.63330078125,0,0,4112314368,0,938565632,0
200,1788378235639,3191,3191,57.142860412597656,15.000000953674316,0,156258.63330078125,0,0,4112314368,0,938565632,0
200,1788378235839,3191,3191,15.000000953674316,15.000000953674316,0,156258.63330078125,0,0,4112314368,0,938565632,0
200,1788378236039,3191,3191,10,5,0,156259.33380126953,0,0,4112314368,0,938565632,0
200,1788378236239,3191,3191,10.526315689086914,20,0,156259.33380126953,0,0,4112314368,0,938565632,0
200,1788378236439,3191,3191,15.000000953674316,10,0,156259.33380126953,0,0,4112314368,0,938565632,0
200,1788378236639,3191,3191,10,10.526315689086914,0,156259.33380126953,0,0,4112314368,0,938565632,0
200,1788378236839,3191,3191,10.526315689086914,14.285715103149414,0,156259.33380126953,0,0,4112314368,0,938565632,0
200,1788378237040,3191,3191,18.18181800842285,14.285715103149414,0,156260.02465820313,0,0,4112314368,0,938565632,0
200,1788378237241,3191,3191,5.263157844543457,15.000000953674316,0,156260.02465820313,0,0,4112314368,0,938565632,0
200,1788378237441,3191,3191,14.285715103149414,15.000000953674316,0,156260.02465820313,0,0,4112314368,0,938565632,0
200,1788378237641,3191,3191,14.285715103149414,10,0,156260.02465820313,0,0,4112314368,0,938565632,0
200,1788378237841,3191,3191,15.000000953674316,10.526315689086914,0,156260.02465820313,0,0,4112314368,0,938565632,0
200,1788378238041,3191,3191,20,33.333335876464844,0,156260.40197753906,0,0,4112314368,0,938565632,0
200,1788378238241,3191,3191,19.047618865966797,36.3636360168457,0,156260.40197753906,0,0,4112314368,0,938565632,0
200,1788378238441,3191,3191,14.285715103149414,10,0,156260.40197753906,0,0,4112314368,0,938565632,0
200,1788378238642,3191,3191,15.000000953674316,10.526315689086914,0,156260.40197753906,0,0,4112314368,0,938565632,0
200,1788378238842,3191,3191,9.523809432983398,10,0,156260.40197753906,0,0,4112314368,0,938565632,0
200,1788378239042,3191,3191,10,5.555555820465088,0,156261.03216552734,0,0,4112314368,0,938565632,0
200,1788378239242,3191,3191,15.789472579956055,19.047618865966797,0,156261.03216552734,0,0,4112314368,0,938565632,0
200,1788378239442,3191,3191,13.636363983154297,14.285715103149414,0,156261.03216552734,0,0,4112314368,0,938565632,0
200,1788378239643,3191,3191,0,10,0,156261.03216552734,0,0,4112314368,0,938565632,0
200,1788378239843,3191,3191,15.000000953674316,22.72727394104004,0,156261.03216552734,0,0,4112314368,0,938565632,0
200,1788378240043,3191,3191,15.000000953674316,10,0,156261.4337158203,0,0,4112314368,0,938565632,0
200,1788378240243,3191,3191,9.523809432983398,0,0,156261.4337158203,0,0,4112314368,0,938565632,0
200,1788378240443,3191,3191,15.000000953674316,19.047618865966797,0,156261.4337158203,0,0,4112314368,0,938565632,0
200,1788378240643,3191,3191,14.285715103149414,22.72727394104004,0,156261.4337158203,0,0,4112314368,0,938565632,0
200,1788378240843,3191,3191,10.526315689086914,5.263157844543457,0,156261.4337158203,0,0,4112314368,0,938565632,0
200,1788378241044,3191,3191,18.18181800842285,10.526315689086914,0,156261.78295898438,0,0,4112314368,0,938565632,0
200,1788378241244,3191,3191,14.285715103149414,10,0,156261.78295898438,0,0,4112314368,0,938565632,0
200,1788378241444,3191,3191,15.000000953674316,19.047618865966797,0,156261.78295898438,0,0,4112314368,0,938565632,0
200,1788378241644,3191,3191,5.263157844543457,18.18181800842285,0,156261.78295898438,0,0,4112314368,0,938565632,0
200,1788378241844,3191,3191,5.555555820465088,19.047618865966797,0,156261.78295898438,0,0,4112314368,0,938565632,0
200,1788378242044,3191,3191,14.285715103149414,0,0,156262.18994140625,0,0,4112314368,0,938565632,0
200,1788378242244,3191,3191,14.285715103149414,10,0,156262.18994140625,0,0,4112314368,0,938565632,0
200,1788378242445,3191,3191,10.526315689086914,10.526315689086914,0,156262.18994140625,0,0,4112314368,0,938565632,0
200,1788378242645,3191,3191,14.285715103149414,15.000000953674316,0,156262.18994140625,0,0,4112314368,0,938565632,0
200,1788378242845,3191,3191,19.047618865966797,14.285715103149414,0,156262.18994140625,0,0,4112314368,0,938565632,0
200,1788378243045,3191,3191,15.000000953674316,10,0,156262.65014648438,0,0,4112314368,0,938565632,0
200,1788378243245,3191,3191,10.526315689086914,14.285715103149414,0,156262.65014648438,0,0,4112314368,0,938565632,0
200,1788378243445,3191,3191,0,10,0,156262.65014648438,0,0,4112314368,0,938565632,0
200,1788378243645,3191,3191,18.18181800842285,10.526315689086914,0,156262.65014648438,0,0,4112314368,0,938565632,0
200,1788378243846,3191,3191,15.000000953674316,18.18181800842285,0,156262.65014648438,0,0,4112314368,0,938565632,0
200,1788378244046,3191,3191,15.000000953674316,10,0,156263.09765625,0,0,4112314368,0,938565632,0
200,1788378244246,3191,3191,10,15.000000953674316,0,156263.09765625,0,0,4112314368,0,938565632,0
200,1788378244446,3191,3191,9.523809432983398,14.285715103149414,0,156263.09765625,0,0,4112314368,0,938565632,0
200,1788378244646,3191,3191,10.526315689086914,15.000000953674316,0,156263.09765625,0,0,4112314368,0,938565632,0
200,1788378244846,3191,3191,18.18181800842285,5.555555820465088,0,156263.09765625,0,0,4112314368,0,938565632,0
200,1788378245046,3191,3191,5.555555820465088,10,0,156263.50018310547,0,0,4112314368,0,938565632,0
200,1788378245246,3191,3191,18.18181800842285,15.000000953674316,0,156263.50018310547,0,0,4112314368,0,938565632,0
200,1788378245447,3191,3191,10,5.263157844543457,0,156263.50018310547,0,0,4112314368,0,938565632,0
200,1788378245647,3191,3191,5.263157844543457,14.285715103149414,0,156263.50018310547,0,0,4112314368,0,938565632,0
200,1788378245847,3191,3191,15.000000953674316,10,0,156263.50018310547,0,0,4112314368,0,938565632,0
200,1788378246047,3191,3191,5.555555820465088,14.285715103149414,0,156264.00616455078,0,0,4112314368,0,938565632,0
200,1788378246247,3191,3191,19.047618865966797,14.285715103149414,0,156264.00616455078,0,0,4112314368,0,938565632,0
200,1788378246447,3191,3191,10,10,0,156264.00616455078,0,0,4112314368,0,938565632,0
200,1788378246648,3191,3191,15.000000953674316,14.285715103149414,0,156264.00616455078,0,0,4112314368,0,938565632,0
200,1788378246848,3191,3191,28.571430206298828,57.894737243652344,0,156264.00616455078,0,0,4112314368,0,938565632,0
200,1788378247048,3191,3191,10.526315689086914,14.285715103149414,0,156264.8936767578,0,0,4112314368,0,938565632,0
200,1788378247248,3191,3191,5,18.18181800842285,0,156264.8936767578,0,0,4112314368,0,938565632,0
200,1788378247448,3191,3191,10.526315689086914,15.000000953674316,0,156264.8936767578,0,0,4112314368,0,938565632,0
200,1788378247649,3191,3191,10,19.047618865966797,0,156264.8936767578,0,0,4112314368,0,938565632,0
200,1788378247849,3191,3191,14.285715103149414,10,0,156264.8936767578,0,0,4112314368,0,938565632,0
200,1788378248049,3191,3191,15.000000953674316,15.000000953674316,0,156265.2901611328,0,0,4112314368,0,938565632,0
200,1788378248249,3191,3191,10,10,0,156265.2901611328,0,0,4112314368,0,938565632,0
200,1788378248449,3191,3191,20,15.000000953674316,0,156265.2901611328,0,0,4112314368,0,938565632,0
200,1788378248650,3191,3191,10,17.39130401611328,0,156265.2901611328,0,0,4112314368,0,938565632,0
200,1788378248850,3191,3191,14.285715103149414,5.263157844543457,0,156265.2901611328,0,0,4112314368,0,938565632,0
200,1788378249050,3191,3191,5.555555820465088,22.72727394104004,0,156265.66552734375,0,0,4112314368,0,938565632,0
200,1788378249250,3191,3191,10,10,0,156265.66552734375,0,0,4112314368,0,938565632,0
200,1788378249451,3191,3191,10,21.7391300201416,0,156265.66552734375,0,0,4112314368,0,938565632,0
200,1788378249651,3191,3191,15.000000953674316,10.526315689086914,0,156265.66552734375,0,0,4112314368,0,938565632,0
200,1788378249851,3191,3191,10,15.000000953674316,0,156265.66552734375,0,0,4112314368,0,938565632,0
200,1788378250051,3191,3191,14.285715103149414,10.526315689086914,0,156266.0606689453,0,0,4112314368,0,938565632,0
200,1788378250251,3191,3191,18.18181800842285,18.18181800842285,0,156266.0606689453,0,0,4112314368,0,938565632,0
200,1788378250452,3191,3191,10,15.000000953674316,0,156266.0606689453,0,0,4112314368,0,938565632,0
200,1788378250652,3191,3191,10,14.285715103149414,0,156266.0606689453,0,0,4112314368,0,938565632,0
200,1788378250852,3191,3191,10,5.263157844543457,0,156266.0606689453,0,0,4112314368,0,938565632,0
200,1788378251053,3191,3191,19.047618865966797,23.809524536132813,0,156266.47772216797,0,0,4112314368,0,938565632,0
200,1788378251253,3191,3191,15.000000953674316,18.18181800842285,0,156266.47772216797,0,0,4112314368,0,938565632,0
200,1788378251453,3191,3191,5.263157844543457,10,0,156266.47772216797,0,0,4112314368,0,938565632,0
200,1788378251653,3191,3191,15.000000953674316,10.526315689086914,0,156266.47772216797,0,0,4112314368,0,938565632,0
200,1788378251853,3191,3191,14.285715103149414,10,0,156266.47772216797,0,0,4112314368,0,938565632,0
200,1788378252054,3191,3191,14.285715103149414,19.047618865966797,0,156266.85662841797,0,0,4112314368,0,938565632,0
200,1788378252254,3191,3191,15.000000953674316,10,0,156266.85662841797,0,0,4112314368,0,938565632,0
200,1788378252454,3191,3191,15.000000953674316,10.526315689086914,0,156266.85662841797,0,0,4112314368,0,938565632,0
200,1788378252654,3191,3191,14.285715103149414,18.18181800842285,0,156266.85662841797,0,0,4112314368,0,938565632,0
200,1788378252854,3191,3191,5.263157844543457,5.263157844543457,0,156266.85662841797,0,0,4112314368,0,938565632,0
200,1788378253055,3191,3191,15.000000953674316,19.047618865966797,0,156267.2456665039,0,0,4112314368,0,938565632,0
200,1788378253255,3191,3191,10,10,0,156267.2456665039,0,0,4112314368,0,938565632,0
200,1788378253455,3191,3191,15.000000953674316,15.000000953674316,0,156267.2456665039,0,0,4112314368,0,938565632,0
200,1788378253655,3191,3191,14.285715103149414,5.263157844543457,0,156267.2456665039,0,0,4112314368,0,938565632,0
200,1788378253856,3191,3191,14.285715103149414,10,0,156267.2456665039,0,0,4112314368,0,938565632,0
200,1788378254056,3191,3191,20,20,0,156267.69305419922,0,0,4112314368,0,938565632,0
200,1788378254256,3191,3191,5,10,0,156267.69305419922,0,0,4112314368,0,938565632,0
200,1788378254456,3191,3191,5.263157844543457,5.263157844543457,0,156267.69305419922,0,0,4112314368,0,938565632,0
200,1788378254657,3191,3191,20,15.000000953674316,0,156267.69305419922,0,0,4112314368,0,938565632,0
200,1788378254857,3191,3191,10,14.285715103149414,0,156267.69305419922,0,0,4112314368,0,938565632,0
202,1788378255057,3191,3191,18.18181800842285,10,0,156268.1089477539,0,0,4112314368,0,938565632,0
200,1788378255259,3191,3191,31.81818199157715,50,0,156268.1089477539,0,0,4112314368,0,938565632,0
200,1788378255460,3191,3191,35,25,0,156268.1089477539,0,0,4112314368,0,938565632,0
200,1788378255660,3191,3191,19.047618865966797,14.285715103149414,0,156268.1089477539,0,0,4112314368,0,938565632,0
200,1788378255860,3191,3191,18.18181800842285,10.526315689086914,0,156268.1089477539,0,0,4112314368,0,938565632,0
200,1788378256060,3191,3191,15.000000953674316,20,0,156269.25518798828,0,0,4112314368,0,938565632,0
200,1788378256260,3191,3191,5,9.523809432983398,0,156269.25518798828,0,0,4112314368,0,938565632,0
200,1788378256460,3191,3191,10,10,0,156269.25518798828,0,0,4112314368,0,938565632,0
200,1788378256660,3191,3191,10,15.000000953674316,0,156269.25518798828,0,0,4112314368,0,938565632,0
200,1788378256860,3191,3191,10,15.000000953674316,0,156269.25518798828,0,0,4112314368,0,938565632,0
200,1788378257061,3191,3191,14.285715103149414,18.18181800842285,0,156269.68884277344,0,0,4112314368,0,938565632,0
200,1788378257261,3191,3191,15.789472579956055,20,0,156269.68884277344,0,0,4112314368,0,938565632,0
200,1788378257461,3191,3191,5,9.523809432983398,0,156269.68884277344,0,0,4112314368,0,938565632,0
200,1788378257661,3191,3191,15.000000953674316,14.285715103149414,0,156269.68884277344,0,0,4112314368,0,938565632,0
200,1788378257861,3191,3191,15.000000953674316,15.000000953674316,0,156269.68884277344,0,0,4112314368,0,938565632,0
200,1788378258061,3191,3191,14.285715103149414,10,0,156270.07971191406,0,0,4112314368,0,938565632,0
200,1788378258262,3191,3191,15.000000953674316,10,0,156270.07971191406,0,0,4112314368,0,938565632,0
200,1788378258462,3191,3191,15.000000953674316,5.555555820465088,0,156270.07971191406,0,0,4112314368,0,938565632,0
200,1788378258662,3191,3191,10,14.285715103149414,0,156270.07971191406,0,0,4112314368,0,938565632,0
200,1788378258862,3191,3191,10,10.526315689086914,0,156270.07971191406,0,0,4112314368,0,938565632,0
200,1788378259062,3191,3191,5.263157844543457,10.526315689086914,0,156270.490234375,0,0,4112314368,0,938565632,0
200,1788378259262,3191,3191,18.18181800842285,13.636363983154297,0,156270.490234375,0,0,4112314368,0,938565632,0
200,1788378259463,3191,3191,10.526315689086914,10.526315689086914,0,156270.490234375,0,0,4112314368,0,938565632,0
200,1788378259663,3191,3191,10.526315689086914,19.047618865966797,0,156270.490234375,0,0,4112314368,0,938565632,0
200,1788378259863,3191,3191,10,14.285715103149414,0,156270.490234375,0,0,4112314368,0,938565632,0
200,1788378260063,3191,3191,18.18181800842285,10.526315689086914,0,156270.92694091797,0,0,4112314368,0,938565632,0
200,1788378260264,3191,3191,10,14.285715103149414,0,156270.92694091797,0,0,4112314368,0,938565632,0
200,1788378260464,3191,3191,5,14.285715103149414,0,156270.92694091797,0,0,4112314368,0,938565632,0
200,1788378260664,3191,3191,10.526315689086914,14.285715103149414,0,156270.92694091797,0,0,4112314368,0,938565632,0
200,1788378260864,3191,3191,19.047618865966797,23.809524536132813,0,156270.92694091797,0,0,4112314368,0,938565632,0
200,1788378261064,3191,3191,5.263157844543457,9.523809432983398,0,156271.2530517578,0,0,4112314368,0,938565632,0
200,1788378261265,3191,3191,14.285715103149414,19.047618865966797,0,156271.2530517578,0,0,4112314368,0,938565632,0
200,1788378261465,3191,3191,22.72727394104004,15.000000953674316,0,156271.2530517578,0,0,4112314368,0,938565632,0
200,1788378261665,3191,3191,9.523809432983398,0,0,156271.2530517578,0,0,4112314368,0,938565632,0
200,1788378261865,3191,3191,10.526315689086914,19.047618865966797,0,156271.2530517578,0,0,4112314368,0,938565632,0
200,1788378262065,3191,3191,19.047618865966797,19.047618865966797,0,156271.64666748047,0,0,4112314368,0,938565632,0
200,1788378262265,3191,3191,10,0,0,156271.64666748047,0,0,4112314368,0,938565632,0
200,1788378262465,3191,3191,10,13.636363983154297,0,156271.64666748047,0,0,4112314368,0,938565632,0
200,1788378262666,3191,3191,15.789472579956055,10.526315689086914,0,156271.64666748047,0,0,4112314368,0,938565632,0
200,1788378262866,3191,3191,5.263157844543457,22.72727394104004,0,156271.64666748047,0,0,4112314368,0,938565632,0
200,1788378263066,3191,3191,23.809524536132813,5,0,156272.04974365234,0,0,4112314368,0,938565632,0
200,1788378263266,3191,3191,18.18181800842285,15.000000953674316,0,156272.04974365234,0,0,4112314368,0,938565632,0
200,1788378263466,3191,3191,10.526315689086914,14.285715103149414,0,156272.04974365234,0,0,4112314368,0,938565632,0
200,1788378263666,3191,3191,10.526315689086914,14.285715103149414,0,156272.04974365234,0,0,4112314368,0,938565632,0
200,1788378263866,3191,3191,14.634145736694336,10.256410598754883,0,156272.04974365234,0,0,4112314368,0,938565632,0
200,1788378264067,3191,3191,20,50,0,156272.76141357422,0,0,4112314368,0,938565632,0
200,1788378264267,3191,3191,10.526315689086914,19.047618865966797,0,156272.76141357422,0,0,4112314368,0,938565632,0
200,1788378264467,3191,3191,15.000000953674316,19.047618865966797,0,156272.76141357422,0,0,4112314368,0,938565632,0
200,1788378264667,3191,3191,13.636363983154297,5,0,156272.76141357422,0,0,4112314368,0,938565632,0
200,1788378264867,3191,3191,15.000000953674316,10.526315689086914,0,156272.76141357422,0,0,4112314368,0,938565632,0
200,1788378265068,3191,3191,14.285715103149414,18.18181800842285,0,156273.14544677734,0,0,4112314368,0,938565632,0
200,1788378265268,3191,3191,14.285715103149414,14.285715103149414,0,156273.14544677734,0,0,4112314368,0,938565632,0
200,1788378265468,3191,3191,15.000000953674316,10.526315689086914,0,156273.14544677734,0,0,4112314368,0,938565632,0
200,1788378265668,3191,3191,0,5,0,156273.14544677734,0,0,4112314368,0,938565632,0
200,1788378265868,3191,3191,14.285715103149414,10.526315689086914,0,156273.14544677734,0,0,4112314368,0,938565632,0
200,1788378266068,3191,3191,18.18181800842285,5.263157844543457,0,156273.77587890625,0,0,4112314368,0,938565632,0
200,1788378266269,3191,3191,19.047618865966797,20,0,156273.77587890625,0,0,4112314368,0,938565632,0
200,1788378266469,3191,3191,10,10,0,156273.77587890625,0,0,4112314368,0,938565632,0
200,1788378266669,3191,3191,10.526315689086914,15.000000953674316,0,156273.77587890625,0,0,4112314368,0,938565632,0
200,1788378266869,3191,3191,14.285715103149414,14.285715103149414,0,156273.77587890625,0,0,4112314368,0,938565632,0
200,1788378267069,3191,3191,10,10,0,156274.22399902344,0,0,4112314368,0,938565632,0
200,1788378267269,3191,3191,18.18181800842285,10,0,156274.22399902344,0,0,4112314368,0,938565632,0
200,1788378267469,3191,3191,5.555555820465088,15.000000953674316,0,156274.22399902344,0,0,4112314368,0,938565632,0
200,1788378267670,3191,3191,10,15.000000953674316,0,156274.22399902344,0,0,4112314368,0,938565632,0
200,1788378267870,3191,3191,14.285715103149414,14.285715103149414,0,156274.22399902344,0,0,4112314368,0,938565632,0
200,1788378268070,3191,3191,5.263157844543457,10.526315689086914,0,156274.5874633789,0,0,4112314368,0,938565632,0
200,1788378268270,3191,3191,10.526315689086914,19.047618865966797,0,156274.5874633789,0,0,4112314368,0,938565632,0
200,1788378268471,3191,3191,10,10,0,156274.5874633789,0,0,4112314368,0,938565632,0
200,1788378268671,3191,3191,19.047618865966797,10.526315689086914,0,156274.5874633789,0,0,4112314368,0,938565632,0
200,1788378268871,3191,3191,10,10.526315689086914,0,156274.5874633789,0,0,4112314368,0,938565632,0
200,1788378269071,3191,3191,5.263157844543457,21.7391300201416,0,156275.00061035156,0,0,4112314368,0,938565632,0
200,1788378269271,3191,3191,22.72727394104004,19.047618865966797,0,156275.00061035156,0,0,4112314368,0,938565632,0
200,1788378269471,3191,3191,15.000000953674316,10.526315689086914,0,156275.00061035156,0,0,4112314368,0,938565632,0
200,1788378269672,3191,3191,10,10,0,156275.00061035156,0,0,4112314368,0,938565632,0
200,1788378269872,3191,3191,9.523809432983398,15.000000953674316,0,156275.00061035156,0,0,4112314368,0,938565632,0
200,1788378270072,3191,3191,14.285715103149414,5.263157844543457,0,156275.42626953125,0,0,4112314368,0,938565632,0
200,1788378270272,3191,3191,5.263157844543457,13.636363983154297,0,156275.42626953125,0,0,4112314368,0,938565632,0
200,1788378270472,3191,3191,5.555555820465088,14.285715103149414,0,156275.42626953125,0,0,4112314368,0,938565632,0
200,1788378270672,3191,3191,19.047618865966797,10.526315689086914,0,156275.42626953125,0,0,4112314368,0,938565632,0
200,1788378270872,3191,3191,14.285715103149414,15.000000953674316,0,156275.42626953125,0,0,4112314368,0,938565632,0
200,1788378271073,3191,3191,14.285715103149414,18.18181800842285,0,156275.798828125,0,0,4112314368,0,938565632,0
200,1788378271273,3191,3191,15.000000953674316,15.000000953674316,0,156275.798828125,0,0,4112314368,0,938565632,0
200,1788378271473,3191,3191,5.263157844543457,5.263157844543457,0,156275.798828125,0,0,4112314368,0,938565632,0
200,1788378271673,3191,3191,10,10,0,156275.798828125,0,0,4112314368,0,938565632,0
200,1788378271873,3191,3191,5.882352828979492,19.047618865966797,0,156275.798828125,0,0,4112314368,0,938565632,0
200,1788378272073,3191,3191,10,10,0,156276.169921875,0,0,4112314368,0,938565632,0
200,1788378272274,3191,3191,5.263157844543457,18.18181800842285,0,156276.169921875,0,0,4112314368,0,938565632,0
200,1788378272474,3191,3191,15.000000953674316,15.000000953674316,0,156276.169921875,0,0,4112314368,0,938565632,0
200,1788378272674,3191,3191,9.523809432983398,10,0,156276.169921875,0,0,4112314368,0,938565632,0
200,1788378272875,3191,3191,25,55,0,156276.169921875,0,0,4112314368,0,938565632,0
200,1788378273075,3191,3191,19.047618865966797,10,0,156276.7808227539,0,0,4112314368,0,938565632,0
200,1788378273275,3191,3191,18.18181800842285,5.263157844543457,0,156276.7808227539,0,0,4112314368,0,938565632,0
200,1788378273475,3191,3191,5.555555820465088,19.047618865966797,0,156276.7808227539,0,0,4112314368,0,938565632,0
200,1788378273676,3191,3191,18.18181800842285,14.285715103149414,0,156276.7808227539,0,0,4112314368,0,938565632,0
200,1788378273876,3191,3191,11.111111640930176,20,0,156276.7808227539,0,0,4112314368,0,938565632,0
200,1788378274076,3191,3191,5,5.263157844543457,0,156277.24090576172,0,0,4112314368,0,938565632,0
200,1788378274276,3191,3191,10,10,0,156277.24090576172,0,0,4112314368,0,938565632,0
200,1788378274476,3191,3191,5.555555820465088,10,0,156277.24090576172,0,0,4112314368,0,938565632,0
200,1788378274677,3191,3191,14.285715103149414,19.047618865966797,0,156277.24090576172,0,0,4112314368,0,938565632,0
200,1788378274877,3191,3191,14.285715103149414,5.263157844543457,0,156277.24090576172,0,0,4112314368,0,938565632,0
200,1788378275077,3191,3191,15.000000953674316,15.000000953674316,0,156277.57733154297,0,0,4112314368,0,938565632,0
200,1788378275277,3191,3191,5.263157844543457,15.000000953674316,0,156277.57733154297,0,0,4112314368,0,938565632,0
200,1788378275477,3191,3191,15.000000953674316,14.285715103149414,0,156277.57733154297,0,0,4112314368,0,938565632,0
200,1788378275677,3191,3191,15.000000953674316,15.000000953674316,0,156277.57733154297,0,0,4112314368,0,938565632,0
200,1788378275878,3191,3191,15.000000953674316,15.000000953674316,0,156277.57733154297,0,0,4112314368,0,938565632,0
200,1788378276078,3191,3191,10.256410598754883,10,0,156278.36517333984,0,0,4112314368,0,938565632,0
200,1788378276278,3191,3191,10,10,0,156278.36517333984,0,0,4112314368,0,938565632,0
200,1788378276478,3191,3191,22.72727394104004,14.285715103149414,0,156278.36517333984,0,0,4112314368,0,938565632,0
200,1788378276678,3191,3191,9.523809432983398,5.555555820465088,0,156278.36517333984,0,0,4112314368,0,938565632,0
200,1788378276878,3191,3191,22.72727394104004,19.047618865966797,0,156278.36517333984,0,0,4112314368,0,938565632,0
200,1788378277078,3191,3191,10,18.18181800842285,0,156278.74993896484,0,0,4112314368,0,938565632,0
200,1788378277278,3191,3191,15.000000953674316,15.000000953674316,0,156278.74993896484,0,0,4112314368,0,938565632,0
200,1788378277479,3191,3191,9.523809432983398,5.263157844543457,0,156278.74993896484,0,0,4112314368,0,938565632,0
200,1788378277679,3191,3191,10.526315689086914,19.047618865966797,0,156278.74993896484,0,0,4112314368,0,938565632,0
200,1788378277879,3191,3191,19.047618865966797,14.285715103149414,0,156278.74993896484,0,0,4112314368,0,938565632,0
200,1788378278079,3191,3191,10,5.555555820465088,0,156279.1572265625,0,0,4112314368,0,938565632,0
200,1788378278279,3191,3191,19.047618865966797,14.285715103149414,0,156279.1572265625,0,0,4112314368,0,938565632,0
200,1788378278479,3191,3191,5.263157844543457,10,0,156279.1572265625,0,0,4112314368,0,938565632,0
200,1788378278680,3191,3191,14.285715103149414,14.285715103149414,0,156279.1572265625,0,0,4112314368,0,938565632,0
200,1788378278880,3191,3191,10.526315689086914,15.000000953674316,0,156279.1572265625,0,0,4112314368,0,938565632,0
200,1788378279080,3191,3191,9.523809432983398,10,0,156279.49365234375,0,0,4112314368,0,938565632,0
200,1788378279280,3191,3191,22.72727394104004,10,0,156279.49365234375,0,0,4112314368,0,938565632,0
200,1788378279480,3191,3191,10.526315689086914,15.000000953674316,0,156279.49365234375,0,0,4112314368,0,938565632,0
200,1788378279681,3191,3191,10,14.285715103149414,0,156279.49365234375,0,0,4112314368,0,938565632,0
200,1788378279881,3191,3191,18.18181800842285,15.000000953674316,0,156279.49365234375,0,0,4112314368,0,938565632,0
200,1788378280081,3191,3191,10.526315689086914,19.047618865966797,0,156279.8699951172,0,0,4112314368,0,938565632,0
200,1788378280281,3191,3191,14.285715103149414,10,0,156279.8699951172,0,0,4112314368,0,938565632,0
200,1788378280481,3191,3191,10.526315689086914,19.047618865966797,0,156279.8699951172,0,0,4112314368,0,938565632,0
200,1788378280681,3191,3191,10,10,0,156279.8699951172,0,0,4112314368,0,938565632,0
200,1788378280882,3191,3191,14.285715103149414,10,0,156279.8699951172,0,0,4112314368,0,938565632,0
200,1788378281082,3191,3191,14.285715103149414,15.000000953674316,0,156280.26696777344,0,0,4112314368,0,938565632,0
200,1788378281282,3191,3191,21.052631378173828,55,0,156280.26696777344,0,0,4112314368,0,938565632,0
200,1788378281482,3191,3191,10,5.555555820465088,0,156280.26696777344,0,0,4112314368,0,938565632,0
200,1788378281682,3191,3191,10,17.39130401611328,0,156280.26696777344,0,0,4112314368,0,938565632,0
200,1788378281882,3191,3191,19.047618865966797,5.263157844543457,0,156280.26696777344,0,0,4112314368,0,938565632,0
200,1788378282083,3191,3191,10,10,0,156280.87377929688,0,0,4112314368,0,938565632,0
200,1788378282283,3191,3191,15.000000953674316,5.555555820465088,0,156280.87377929688,0,0,4112314368,0,938565632,0
200,1788378282483,3191,3191,14.285715103149414,15.000000953674316,0,156280.87377929688,0,0,4112314368,0,938565632,0
200,1788378282683,3191,3191,14.285715103149414,10,0,156280.87377929688,0,0,4112314368,0,938565632,0
200,1788378282884,3191,3191,5.263157844543457,18.18181800842285,0,156280.87377929688,0,0,4112314368,0,938565632,0
200,1788378283084,3191,3191,19.047618865966797,10.526315689086914,0,156281.26599121094,0,0,4112314368,0,938565632,0
200,1788378283284,3191,3191,5.263157844543457,14.285715103149414,0,156281.26599121094,0,0,4112314368,0,938565632,0
200,1788378283484,3191,3191,10,10.526315689086914,0,156281.26599121094,0,0,4112314368,0,938565632,0
200,1788378283684,3191,3191,19.047618865966797,19.047618865966797,0,156281.26599121094,0,0,4112314368,0,938565632,0
200,1788378283885,3191,3191,5.263157844543457,15.000000953674316,0,156281.26599121094,0,0,4112314368,0,938565632,0
200,1788378284085,3191,3191,15.000000953674316,14.285715103149414,0,156281.70635986328,0,0,4112314368,0,938565632,0
200,1788378284285,3191,3191,10,10.526315689086914,0,156281.70635986328,0,0,4112314368,0,938565632,0
200,1788378284485,3191,3191,15.000000953674316,15.000000953674316,0,156281.70635986328,0,0,4112314368,0,938565632,0
200,1788378284686,3191,3191,14.285715103149414,0,0,156281.70635986328,0,0,4112314368,0,938565632,0
200,1788378284886,3191,3191,19.047618865966797,18.18181800842285,0,156281.70635986328,0,0,4112314368,0,938565632,0
200,1788378285086,3191,3191,10,5.263157844543457,0,156282.12451171875,0,0,4112314368,0,938565632,0
200,1788378285286,3191,3191,5,18.18181800842285,0,156282.12451171875,0,0,4112314368,0,938565632,0
200,1788378285487,3191,3191,18.18181800842285,10.526315689086914,0,156282.12451171875,0,0,4112314368,0,938565632,0
200,1788378285687,3191,3191,15.000000953674316,5.263157844543457,0,156282.12451171875,0,0,4112314368,0,938565632,0
200,1788378285887,3191,3191,5.263157844543457,10.526315689086914,0,156282.12451171875,0,0,4112314368,0,938565632,0
200,1788378286087,3191,3191,19.047618865966797,19.047618865966797,0,156282.54107666016,0,0,4112314368,0,938565632,0
200,1788378286287,3191,3191,10,14.285715103149414,0,156282.54107666016,0,0,4112314368,0,938565632,0
202,1788378286487,3191,3191,10,14.285715103149414,0,156282.54107666016,0,0,4112314368,0,938565632,0
200,1788378286690,3191,3191,14.285715103149414,10,0,156282.54107666016,0,0,4112314368,0,938565632,0
200,1788378286890,3191,3191,5.555555820465088,21.7391300201416,0,156282.54107666016,0,0,4112314368,0,938565632,0
200,1788378287090,3191,3191,10.526315689086914,15.000000953674316,0,156283.25311279297,0,0,4112314368,0,938565632,0
200,1788378287290,3191,3191,14.285715103149414,5.263157844543457,0,156283.25311279297,0,0,4112314368,0,938565632,0
200,1788378287491,3191,3191,15.000000953674316,10.526315689086914,0,156283.25311279297,0,0,4112314368,0,938565632,0
200,1788378287691,3191,3191,14.285715103149414,9.523809432983398,0,156283.25311279297,0,0,4112314368,0,938565632,0
200,1788378287891,3191,3191,14.285715103149414,0,0,156283.25311279297,0,0,4112314368,0,938565632,0
200,1788378288091,3191,3191,23.809524536132813,23.809524536132813,0,156283.63482666016,0,0,4112314368,0,938565632,0
200,1788378288291,3191,3191,0,13.636363983154297,0,156283.63482666016,0,0,4112314368,0,938565632,0
200,1788378288492,3191,3191,14.285715103149414,0,0,156283.63482666016,0,0,4112314368,0,938565632,0
200,1788378288692,3191,3191,20,27.272727966308594,0,156283.63482666016,0,0,4112314368,0,938565632,0
200,1788378288892,3191,3191,5,9.523809432983398,0,156283.63482666016,0,0,4112314368,0,938565632,0
200,1788378289092,3191,3191,14.285715103149414,5.263157844543457,0,156283.96405029297,0,0,4112314368,0,938565632,0
200,1788378289292,3191,3191,15.000000953674316,23.809524536132813,0,156283.96405029297,0,0,4112314368,0,938565632,0
200,1788378289493,3191,3191,15.000000953674316,5.263157844543457,0,156283.96405029297,0,0,4112314368,0,938565632,0
200,1788378289693,3191,3191,9.523809432983398,10,0,156283.96405029297,0,0,4112314368,0,938565632,0
200,1788378289893,3191,3191,23.809524536132813,20,0,156283.96405029297,0,0,4112314368,0,938565632,0
200,1788378290093,3191,3191,19.047618865966797,45,0,156284.62042236328,0,0,4112314368,0,938565632,0
200,1788378290293,3191,3191,19.047618865966797,10.526315689086914,0,156284.62042236328,0,0,4112314368,0,938565632,0
200,1788378290493,3191,3191,10,10,0,156284.62042236328,0,0,4112314368,0,938565632,0
200,1788378290694,3191,3191,10.526315689086914,21.7391300201416,0,156284.62042236328,0,0,4112314368,0,938565632,0
200,1788378290894,3191,3191,5.263157844543457,14.285715103149414,0,156284.62042236328,0,0,4112314368,0,938565632,0
200,1788378291094,3191,3191,15.000000953674316,15.000000953674316,0,156285.01141357422,0,0,4112314368,0,938565632,0
200,1788378291294,3191,3191,10,10,0,156285.01141357422,0,0,4112314368,0,938565632,0
200,1788378291494,3191,3191,10.526315689086914,10,0,156285.01141357422,0,0,4112314368,0,938565632,0
200,1788378291694,3191,3191,15.000000953674316,19.047618865966797,0,156285.01141357422,0,0,4112314368,0,938565632,0
200,1788378291894,3191,3191,5,10,0,156285.01141357422,0,0,4112314368,0,938565632,0
200,1788378292095,3191,3191,15.000000953674316,14.285715103149414,0,156285.39251708984,0,0,4112314368,0,938565632,0
200,1788378292295,3191,3191,10,5.263157844543457,0,156285.39251708984,0,0,4112314368,0,938565632,0
200,1788378292495,3191,3191,19.047618865966797,18.18181800842285,0,156285.39251708984,0,0,4112314368,0,938565632,0
200,1788378292696,3191,3191,5.263157844543457,10.526315689086914,0,156285.39251708984,0,0,4112314368,0,938565632,0
200,1788378292896,3191,3191,19.047618865966797,22.72727394104004,0,156285.39251708984,0,0,4112314368,0,938565632,0
200,1788378293096,3191,3191,14.285715103149414,5.263157844543457,0,156285.751953125,0,0,4112314368,0,938565632,0
200,1788378293296,3191,3191,15.000000953674316,14.285715103149414,0,156285.751953125,0,0,4112314368,0,938565632,0
200,1788378293497,3191,3191,14.285715103149414,0,0,156285.751953125,0,0,4112314368,0,938565632,0
200,1788378293697,3191,3191,10,14.285715103149414,0,156285.751953125,0,0,4112314368,0,938557440,0
200,1788378293897,3191,3191,18.18181800842285,10,0,156285.751953125,0,0,4112314368,0,938557440,0
200,1788378294097,3191,3191,5.555555820465088,23.809524536132813,0,156286.17840576172,0,0,4112314368,0,938557440,0
200,1788378294297,3191,3191,10.526315689086914,14.285715103149414,0,156286.17840576172,0,0,4112314368,0,938557440,0
200,1788378294497,3191,3191,14.285715103149414,10,0,156286.17840576172,0,0,4112314368,0,938557440,0
200,1788378294697,3191,3191,10,10.526315689086914,0,156286.17840576172,0,0,4112314368,0,938557440,0
200,1788378294898,3191,3191,14.285715103149414,14.285715103149414,0,156286.17840576172,0,0,4112314368,0,938557440,0
200,1788378295098,3191,3191,10,15.000000953674316,0,156286.56512451172,0,0,4112314368,0,938557440,0
200,1788378295298,3191,3191,10.526315689086914,14.285715103149414,0,156286.56512451172,0,0,4112314368,0,938557440,0
200,1788378295498,3191,3191,14.285715103149414,14.285715103149414,0,156286.56512451172,0,0,4112314368,0,938557440,0
200,1788378295698,3191,3191,10.526315689086914,15.000000953674316,0,156286.56512451172,0,0,4112314368,0,938557440,0
200,1788378295898,3191,3191,18.18181800842285,14.285715103149414,0,156286.56512451172,0,0,4112314368,0,938557440,0
200,1788378296098,3191,3191,10,5.263157844543457,0,156287.1082763672,0,0,4112314368,0,938557440,0
200,1788378296298,3191,3191,14.285715103149414,15.000000953674316,0,156287.1082763672,0,0,4112314368,0,938557440,0
200,1788378296499,3191,3191,22.72727394104004,10.526315689086914,0,156287.1082763672,0,0,4112314368,0,938557440,0
200,1788378296699,3191,3191,15.000000953674316,0,0,156287.1082763672,0,0,4112314368,0,938557440,0
200,1788378296899,3191,3191,9.523809432983398,14.285715103149414,0,156287.1082763672,0,0,4112314368,0,938557440,0
200,1788378297099,3191,3191,5.263157844543457,14.285715103149414,0,156287.67541503906,0,0,4112314368,0,938557440,0
200,1788378297300,3191,3191,5,0,0,156287.67541503906,0,0,4112314368,0,938557440,0
200,1788378297500,3191,3191,0,0,0,156287.67541503906,0,0,4112314368,0,938557440,0
200,1788378297701,3191,3191,30.000001907348633,40,0,156287.67541503906,0,0,4112314368,0,938754048,0
200,1788378297901,3191,3191,10,9.523809432983398,0,156287.67541503906,0,0,4112314368,0,938754048,0
200,1788378298101,3191,3191,0,0,0,156287.89971923828,0,0,4112314368,0,938754048,0
200,1788378298301,3191,3191,23.809524536132813,28.571430206298828,0,156287.89971923828,0,0,4112314368,0,938754048,0
200,1788378298501,3191,3191,23.809524536132813,26.3157901763916,0,156287.89971923828,0,0,4112314368,0,938754048,0
200,1788378298701,3191,3191,0,40.90909194946289,0,156287.89971923828,0,0,4112314368,0,938786816,0
200,1788378298901,3191,3191,19.047618865966797,19.047618865966797,0,156287.89971923828,0,0,4112314368,0,938786816,0
200,1788378299101,3191,3191,22.72727394104004,20,0,156288.58038330078,0,0,4112314368,0,938786816,0
200,1788378299302,3191,3191,0,0,0,156288.58038330078,0,0,4112314368,0,938786816,0
200,1788378299502,3191,3191,22.72727394104004,14.285715103149414,0,156288.58038330078,0,0,4112314368,0,938786816,0
200,1788378299702,3191,3191,10.526315689086914,20,0,156288.58038330078,0,0,4112314368,0,938786816,0
200,1788378299902,3191,3191,0,9.090909004211426,0,156288.58038330078,0,0,4112314368,0,938786816,0
200,1788378300102,3191,3191,18.18181800842285,10.526315689086914,0,156288.89080810547,0,0,4112314368,0,938786816,0
200,1788378300303,3191,3191,5.555555820465088,26.086956024169922,0,156288.89080810547,0,0,4112314368,0,938786816,0
200,1788378300503,3191,3191,5,10,0,156288.89080810547,0,0,4112314368,0,938786816,0
200,1788378300703,3191,3191,10,14.285715103149414,0,156288.89080810547,0,0,4112314368,0,938786816,0
200,1788378300903,3191,3191,9.523809432983398,10.526315689086914,0,156288.89080810547,0,0,4112314368,0,938786816,0
200,1788378301103,3191,3191,23.809524536132813,15.000000953674316,0,156289.2879638672,0,0,4112314368,0,938786816,0
200,1788378301304,3191,3191,10,14.285715103149414,0,156289.2879638672,0,0,4112314368,0,938786816,0
200,1788378301504,3191,3191,14.285715103149414,19.047618865966797,0,156289.2879638672,0,0,4112314368,0,938786816,0
200,1788378301704,3191,3191,14.285715103149414,15.000000953674316,0,156289.2879638672,0,0,4112314368,0,938786816,0
200,1788378301904,3191,3191,5.263157844543457,14.285715103149414,0,156289.2879638672,0,0,4112314368,0,938786816,0
200,1788378302104,3191,3191,10.526315689086914,15.000000953674316,0,156289.64404296875,0,0,4112314368,0,938786816,0
200,1788378302304,3191,3191,19.047618865966797,11.111111640930176,0,156289.64404296875,0,0,4112314368,0,938786816,0
200,1788378302504,3191,3191,10,9.523809432983398,0,156289.64404296875,0,0,4112314368,0,938786816,0
200,1788378302704,3191,3191,20,20,0,156289.64404296875,0,0,4112314368,0,938786816,0
200,1788378302905,3191,3191,10,14.285715103149414,0,156289.64404296875,0,0,4112314368,0,938786816,0
200,1788378303105,3191,3191,5.263157844543457,5.263157844543457,0,156290.07482910156,0,0,4112314368,0,938786816,0
200,1788378303305,3191,3191,15.000000953674316,18.18181800842285,0,156290.07482910156,0,0,4112314368,0,938786816,0
200,1788378303505,3191,3191,9.523809432983398,5.263157844543457,0,156290.07482910156,0,0,4112314368,0,938786816,0
200,1788378303705,3191,3191,10.526315689086914,14.285715103149414,0,156290.07482910156,0,0,4112314368,0,938786816,0
200,1788378303905,3191,3191,15.000000953674316,19.047618865966797,0,156290.07482910156,0,0,4112314368,0,938786816,0
200,1788378304105,3191,3191,10,10,0,156290.48309326172,0,0,4112314368,0,938786816,0
200,1788378304305,3191,3191,10,15.000000953674316,0,156290.48309326172,0,0,4112314368,0,938786816,0
200,1788378304505,3191,3191,14.285715103149414,15.000000953674316,0,156290.48309326172,0,0,4112314368,0,938786816,0
200,1788378304706,3191,3191,10.526315689086914,19.047618865966797,0,156290.48309326172,0,0,4112314368,0,938786816,0
200,1788378304906,3191,3191,10,10,0,156290.48309326172,0,0,4112314368,0,938786816,0
200,1788378305106,3191,3191,15.000000953674316,18.18181800842285,0,156290.94012451172,0,0,4112314368,0,938786816,0
200,1788378305306,3191,3191,10,15.000000953674316,0,156290.94012451172,0,0,4112314368,0,938786816,0
200,1788378305506,3191,3191,9.523809432983398,15.000000953674316,0,156290.94012451172,0,0,4112314368,0,938786816,0
200,1788378305707,3191,3191,10.526315689086914,15.789472579956055,0,156290.94012451172,0,0,4112314368,0,938786816,0
200,1788378305907,3191,3191,19.047618865966797,10.526315689086914,0,156290.94012451172,0,0,4112314368,0,938786816,0
200,1788378306107,3191,3191,10,9.523809432983398,0,156291.60913085938,0,0,4112314368,0,938786816,0
200,1788378306307,3191,3191,5.263157844543457,14.285715103149414,0,156291.60913085938,0,0,4112314368,0,938786816,0
200,1788378306507,3191,3191,14.285715103149414,15.000000953674316,0,156291.60913085938,0,0,4112314368,0,938786816,0
200,1788378306708,3191,3191,22.72727394104004,15.000000953674316,0,156291.60913085938,0,0,4112314368,0,938786816,0
200,1788378306908,3191,3191,10.526315689086914,10.526315689086914,0,156291.60913085938,0,0,4112314368,0,938786816,0
200,1788378307108,3191,3191,22.72727394104004,11.111111640930176,0,156292.08227539063,0,0,4112314368,0,938786816,0
200,1788378307308,3191,3191,45,20,0,156292.08227539063,0,0,4112314368,0,938786816,0
200,1788378307508,3191,3191,10,14.285715103149414,0,156292.08227539063,0,0,4112314368,0,938786816,0
200,1788378307708,3191,3191,15.000000953674316,10,0,156292.08227539063,0,0,4112314368,0,938786816,0
200,1788378307909,3191,3191,10,10,0,156292.08227539063,0,0,4112314368,0,938786816,0
200,1788378308109,3191,3191,26.086956024169922,10.526315689086914,0,156292.61199951172,0,0,4112314368,0,938786816,0
200,1788378308309,3191,3191,5.263157844543457,15.000000953674316,0,156292.61199951172,0,0,4112314368,0,938786816,0
200,1788378308509,3191,3191,15.000000953674316,14.285715103149414,0,156292.61199951172,0,0,4112314368,0,938786816,0
200,1788378308709,3191,3191,14.285715103149414,5,0,156292.61199951172,0,0,4112314368,0,938786816,0
200,1788378308909,3191,3191,10,10.526315689086914,0,156292.61199951172,0,0,4112314368,0,938786816,0
200,1788378309109,3191,3191,10.526315689086914,18.18181800842285,0,156293.03497314453,0,0,4112314368,0,938786816,0
200,1788378309309,3191,3191,9.523809432983398,15.000000953674316,0,156293.03497314453,0,0,4112314368,0,938786816,0
200,1788378309510,3191,3191,15.000000953674316,5.263157844543457,0,156293.03497314453,0,0,4112314368,0,938786816,0
200,1788378309710,3191,3191,10,10.526315689086914,0,156293.03497314453,0,0,4112314368,0,938786816,0
200,1788378309910,3191,3191,13.636363983154297,4.761904716491699,0,156293.03497314453,0,0,4112314368,0,938786816,0
200,1788378310110,3191,3191,5.555555820465088,14.285715103149414,0,156293.32415771484,0,0,4112314368,0,938786816,0
200,1788378310311,3191,3191,10.526315689086914,15.000000953674316,0,156293.32415771484,0,0,4112314368,0,938786816,0
200,1788378310511,3191,3191,18.18181800842285,5.555555820465088,0,156293.32415771484,0,0,4112314368,0,938786816,0
200,1788378310711,3191,3191,5.263157844543457,10,0,156293.32415771484,0,0,4112314368,0,938786816,0
200,1788378310911,3191,3191,15.000000953674316,15.000000953674316,0,156293.32415771484,0,0,4112314368,0,938786816,0
200,1788378311111,3191,3191,18.18181800842285,18.18181800842285,0,156293.75994873047,0,0,4112314368,0,938786816,0
200,1788378311312,3191,3191,10.526315689086914,18.18181800842285,0,156293.75994873047,0,0,4112314368,0,938786816,0
200,1788378311512,3191,3191,19.047618865966797,15.000000953674316,0,156293.75994873047,0,0,4112314368,0,938786816,0
200,1788378311712,3191,3191,10,18.18181800842285,0,156293.75994873047,0,0,4112314368,0,938786816,0
200,1788378311912,3191,3191,10,19.047618865966797,0,156293.75994873047,0,0,4112314368,0,938786816,0
200,1788378312112,3191,3191,10.526315689086914,15.000000953674316,0,156294.1512451172,0,0,4112314368,0,938786816,0
200,1788378312312,3191,3191,14.285715103149414,10,0,156294.1512451172,0,0,4112314368,0,938786816,0
200,1788378312512,3191,3191,10.526315689086914,19.047618865966797,0,156294.1512451172,0,0,4112314368,0,938786816,0
200,1788378312713,3191,3191,14.285715103149414,10,0,156294.1512451172,0,0,4112314368,0,938786816,0
200,1788378312913,3191,3191,22.72727394104004,10,0,156294.1512451172,0,0,4112314368,0,938786816,0
200,1788378313113,3191,3191,14.285715103149414,14.285715103149414,0,156294.5574951172,0,0,4112314368,0,938786816,0
200,1788378313313,3191,3191,10,5.555555820465088,0,156294.5574951172,0,0,4112314368,0,938786816,0
200,1788378313513,3191,3191,15.000000953674316,10.526315689086914,0,156294.5574951172,0,0,4112314368,0,938786816,0
200,1788378313713,3191,3191,10,14.285715103149414,0,156294.5574951172,0,0,4112314368,0,938786816,0
200,1788378313914,3191,3191,10.526315689086914,19.047618865966797,0,156294.5574951172,0,0,4112314368,0,938786816,0
200,1788378314114,3191,3191,21.7391300201416,10,0,156294.98083496094,0,0,4112314368,0,938786816,0
200,1788378314314,3191,3191,10.526315689086914,10,0,156294.98083496094,0,0,4112314368,0,938786816,0
200,1788378314514,3191,3191,14.285715103149414,10,0,156294.98083496094,0,0,4112314368,0,938786816,0
200,1788378314715,3191,3191,15.000000953674316,15.000000953674316,0,156294.98083496094,0,0,4112314368,0,938786816,0
200,1788378314915,3191,3191,14.285715103149414,13.636363983154297,0,156294.98083496094,0,0,4112314368,0,938786816,0
200,1788378315115,3191,3191,14.285715103149414,10.526315689086914,0,156295.33374023438,0,0,4112314368,0,938786816,0
200,1788378315315,3191,3191,15.000000953674316,10,0,156295.33374023438,0,0,4112314368,0,938786816,0
200,1788378315515,3191,3191,5.555555820465088,15.000000953674316,0,156295.33374023438,0,0,4112314368,0,938786816,0
200,1788378315715,3191,3191,5,10,0,156295.33374023438,0,0,4112314368,0,938786816,0
200,1788378315915,3191,3191,33.333335876464844,61.904762268066406,0,156295.33374023438,0,0,4112314368,0,938786816,0
200,1788378316116,3191,3191,10,5.263157844543457,0,156296.43334960938,0,0,4112314368,0,938786816,0
200,1788378316316,3191,3191,19.047618865966797,15.000000953674316,0,156296.43334960938,0,0,4112314368,0,938786816,0
200,1788378316516,3191,3191,17.39130401611328,21.7391300201416,0,156296.43334960938,0,0,4112314368,0,938786816,0
200,1788378316716,3191,3191,10.526315689086914,15.000000953674316,0,156296.43334960938,0,0,4112314368,0,938786816,0
200,1788378316917,3191,3191,9.523809432983398,5.263157844543457,0,156296.43334960938,0,0,4112314368,0,938786816,0
200,1788378317117,3191,3191,15.000000953674316,10,0,156296.82843017578,0,0,4112314368,0,938786816,0
200,1788378317317,3191,3191,15.000000953674316,15.000000953674316,0,156296.82843017578,0,0,4112314368,0,938786816,0
200,1788378317517,3191,3191,20,14.285715103149414,0,156296.82843017578,0,0,4112314368,0,938786816,0
200,1788378317717,3191,3191,10.526315689086914,19.047618865966797,0,156296.82843017578,0,0,4112314368,0,938786816,0
200,1788378317917,3191,3191,14.285715103149414,14.285715103149414,0,156296.82843017578,0,0,4112314368,0,938786816,0
200,1788378318117,3191,3191,15.000000953674316,10.526315689086914,0,156297.28497314453,0,0,4112314368,0,938786816,0
200,1788378318317,3191,3191,5.263157844543457,14.285715103149414,0,156297.28497314453,0,0,4112314368,0,938786816,0
200,1788378318518,3191,3191,18.18181800842285,5.263157844543457,0,156297.28497314453,0,0,4112314368,0,938786816,0
200,1788378318718,3191,3191,19.047618865966797,20,0,156297.28497314453,0,0,4112314368,0,938786816,0
200,1788378318918,3191,3191,10.526315689086914,19.047618865966797,0,156297.28497314453,0,0,4112314368,0,938786816,0
200,1788378319118,3191,3191,15.000000953674316,14.285715103149414,0,156297.66760253906,0,0,4112314368,0,938786816,0
200,1788378319318,3191,3191,14.285715103149414,10,0,156297.66760253906,0,0,4112314368,0,938786816,0
200,1788378319518,3191,3191,15.000000953674316,15.000000953674316,0,156297.66760253906,0,0,4112314368,0,938786816,0
200,1788378319718,3191,3191,9.523809432983398,13.636363983154297,0,156297.66760253906,0,0,4112314368,0,938786816,0
200,1788378319919,3191,3191,15.000000953674316,19.047618865966797,0,156297.66760253906,0,0,4112314368,0,938786816,0
200,1788378320119,3191,3191,15.000000953674316,5.555555820465088,0,156298.11767578125,0,0,4112314368,0,938786816,0
200,1788378320319,3191,3191,15.000000953674316,22.72727394104004,0,156298.11767578125,0,0,4112314368,0,938786816,0
200,1788378320519,3191,3191,10,5.263157844543457,0,156298.11767578125,0,0,4112314368,0,938786816,0
200,1788378320719,3191,3191,14.285715103149414,22.72727394104004,0,156298.11767578125,0,0,4112314368,0,938786816,0
200,1788378320919,3191,3191,14.285715103149414,5.263157844543457,0,156298.11767578125,0,0,4112314368,0,938786816,0
200,1788378321119,3191,3191,10.526315689086914,15.000000953674316,0,156298.4559326172,0,0,4112314368,0,938786816,0
200,1788378321320,3191,3191,5.263157844543457,14.285715103149414,0,156298.4559326172,0,0,4112314368,0,938786816,0
200,1788378321520,3191,3191,19.047618865966797,20,0,156298.4559326172,0,0,4112314368,0,938786816,0
200,1788378321720,3191,3191,14.285715103149414,20,0,156298.4559326172,0,0,4112314368,0,938786816,0
200,1788378321920,3191,3191,10.526315689086914,15.000000953674316,0,156298.4559326172,0,0,4112314368,0,938786816,0
200,1788378322120,3191,3191,14.285715103149414,10,0,156298.93823242188,0,0,4112314368,0,938786816,0
200,1788378322320,3191,3191,14.285715103149414,0,0,156298.93823242188,0,0,4112314368,0,938786816,0
200,1788378322520,3191,3191,15.000000953674316,15.000000953674316,0,156298.93823242188,0,0,4112314368,0,938786816,0
200,1788378322721,3191,3191,10,18.18181800842285,0,156298.93823242188,0,0,4112314368,0,938786816,0
200,1788378322921,3191,3191,15.000000953674316,10,0,156298.93823242188,0,0,4112314368,0,938786816,0
200,1788378323121,3191,3191,18.18181800842285,15.000000953674316,0,156299.30139160156,0,0,4112314368,0,938786816,0
200,1788378323321,3191,3191,13.636363983154297,14.285715103149414,0,156299.30139160156,0,0,4112314368,0,938786816,0
200,1788378323521,3191,3191,10,14.285715103149414,0,156299.30139160156,0,0,4112314368,0,938786816,0
200,1788378323721,3191,3191,23.809524536132813,5.555555820465088,0,156299.30139160156,0,0,4112314368,0,938786816,0
200,1788378323921,3191,3191,5,9.523809432983398,0,156299.30139160156,0,0,4112314368,0,938786816,0
200,1788378324122,3191,3191,5.263157844543457,14.285715103149414,0,156299.65716552734,0,0,4112314368,0,938786816,0
200,1788378324322,3191,3191,57.894737243652344,50,0,156299.65716552734,0,0,4112314368,0,938786816,0
200,1788378324522,3191,3191,19.047618865966797,5.263157844543457,0,156299.65716552734,0,0,4112314368,0,938786816,0
200,1788378324722,3191,3191,10,14.285715103149414,0,156299.65716552734,0,0,4112314368,0,938786816,0
200,1788378324922,3191,3191,19.047618865966797,15.000000953674316,0,156299.65716552734,0,0,4112314368,0,938786816,0
200,1788378325122,3191,3191,19.047618865966797,15.000000953674316,0,156300.46307373047,0,0,4112314368,0,938786816,0
200,1788378325322,3191,3191,12.195121765136719,10,0,156300.46307373047,0,0,4112314368,0,938786816,0
200,1788378325522,3191,3191,35,23.809524536132813,0,156300.46307373047,0,0,4112314368,0,938786816,0
200,1788378325723,3191,3191,10,5.263157844543457,0,156300.46307373047,0,0,4112314368,0,938786816,0
200,1788378325923,3191,3191,10,5.263157844543457,0,156300.46307373047,0,0,4112314368,0,938786816,0
200,1788378326123,3191,3191,12.195121765136719,15.000000953674316,0,156301.18756103516,0,0,4112314368,0,938786816,0
200,1788378326323,3191,3191,19.047618865966797,5.263157844543457,0,156301.18756103516,0,0,4112314368,0,938786816,0
200,1788378326523,3191,3191,10,5.263157844543457,0,156301.18756103516,0,0,4112314368,0,938786816,0
200,1788378326723,3191,3191,15.000000953674316,14.285715103149414,0,156301.18756103516,0,0,4112314368,0,938786816,0
200,1788378326923,3191,3191,26.086956024169922,23.809524536132813,0,156301.18756103516,0,0,4112314368,0,938786816,0
200,1788378327124,3191,3191,5.263157844543457,10,0,156301.6010131836,0,0,4112314368,0,938786816,0
200,1788378327324,3191,3191,5.263157844543457,10,0,156301.6010131836,0,0,4112314368,0,938786816,0
200,1788378327524,3191,3191,19.047618865966797,19.047618865966797,0,156301.6010131836,0,0,4112314368,0,938786816,0
200,1788378327724,3191,3191,10,5.263157844543457,0,156301.6010131836,0,0,4112314368,0,938786816,0
200,1788378327924,3191,3191,5.263157844543457,14.285715103149414,0,156301.6010131836,0,0,4112314368,0,938786816,0
200,1788378328124,3191,3191,20,11.111111640930176,0,156301.98309326172,0,0,4112314368,0,938786816,0
200,1788378328324,3191,3191,10,10,0,156301.98309326172,0,0,4112314368,0,938786816,0
200,1788378328525,3191,3191,9.523809432983398,5.263157844543457,0,156301.98309326172,0,0,4112314368,0,938786816,0
200,1788378328725,3191,3191,10,18.18181800842285,0,156301.98309326172,0,0,4112314368,0,938786816,0
200,1788378328925,3191,3191,5.263157844543457,14.285715103149414,0,156301.98309326172,0,0,4112314368,0,938786816,0
200,1788378329125,3191,3191,14.285715103149414,10.526315689086914,0,156302.34246826172,0,0,4112314368,0,938786816,0
200,1788378329325,3191,3191,15.000000953674316,14.285715103149414,0,156302.34246826172,0,0,4112314368,0,938786816,0
200,1788378329525,3191,3191,15.000000953674316,10,0,156302.34246826172,0,0,4112314368,0,938786816,0
200,1788378329726,3191,3191,15.000000953674316,15.000000953674316,0,156302.34246826172,0,0,4112314368,0,938786816,0
200,1788378329926,3191,3191,10,14.285715103149414,0,156302.34246826172,0,0,4112314368,0,938786816,0
200,1788378330126,3191,3191,5.263157844543457,14.285715103149414,0,156302.7601928711,0,0,4112314368,0,938786816,0
200,1788378330326,3191,3191,15.000000953674316,9.523809432983398,0,156302.7601928711,0,0,4112314368,0,938786816,0
200,1788378330527,3191,3191,14.285715103149414,10.526315689086914,0,156302.7601928711,0,0,4112314368,0,938786816,0
200,1788378330727,3191,3191,15.789472579956055,26.086956024169922,0,156302.7601928711,0,0,4112314368,0,938786816,0
200,1788378330927,3191,3191,15.000000953674316,19.047618865966797,0,156302.7601928711,0,0,4112314368,0,938786816,0
200,1788378331128,3191,3191,5.263157844543457,10.526315689086914,0,156303.19653320313,0,0,4112314368,0,938786816,0
200,1788378331328,3191,3191,14.285715103149414,5.263157844543457,0,156303.19653320313,0,0,4112314368,0,938786816,0
200,1788378331528,3191,3191,0,0,0,156303.19653320313,0,0,4112314368,0,938786816,0
200,1788378331728,3191,3191,20,27.272727966308594,0,156303.19653320313,0,0,4112314368,0,938786816,0
200,1788378331928,3191,3191,10,5,0,156303.19653320313,0,0,4112314368,0,938786816,0
200,1788378332129,3191,3191,0,0,0,156303.43090820313,0,0,4112314368,0,938786816,0
200,1788378332329,3191,3191,0,0,0,156303.43090820313,0,0,4112314368,0,938786816,0
200,1788378332529,3191,3191,0,0,0,156303.43090820313,0,0,4112314368,0,938786816,0
200,1788378332729,3191,3191,59.09090805053711,45,0,156303.43090820313,0,0,4112314368,0,939503616,0
200,1788378332930,3191,3191,0,0,0,156303.43090820313,0,0,4112314368,0,939503616,0
200,1788378333130,3191,3191,0,5.263157844543457,0,156303.6717529297,0,0,4112314368,0,939503616,0
200,1788378333330,3191,3191,65,60.000003814697266,0,156303.6717529297,0,0,4112314368,0,939503616,0
200,1788378333530,3191,3191,0,0,0,156303.6717529297,0,0,4112314368,0,939503616,0
200,1788378333731,3191,3191,10,14.285715103149414,0,156303.6717529297,0,0,4112314368,0,939503616,0
200,1788378333931,3191,3191,25,15.000000953674316,0,156303.6717529297,0,0,4112314368,0,939503616,0
200,1788378334131,3191,3191,10,13.636363983154297,0,156304.4995727539,0,0,4112314368,0,939503616,0
200,1788378334331,3191,3191,14.285715103149414,10,0,156304.4995727539,0,0,4112314368,0,939503616,0
200,1788378334531,3191,3191,26.086956024169922,10.526315689086914,0,156304.4995727539,0,0,4112314368,0,939503616,0
200,1788378334731,3191,3191,14.285715103149414,14.285715103149414,0,156304.4995727539,0,0,4112314368,0,939503616,0
200,1788378334932,3191,3191,0,10,0,156304.4995727539,0,0,4112314368,0,939503616,0
200,1788378335132,3191,3191,20,27.272727966308594,0,156304.88861083984,0,0,4112314368,0,939503616,0
200,1788378335332,3191,3191,10,10,0,156304.88861083984,0,0,4112314368,0,939503616,0
200,1788378335532,3191,3191,5,0,0,156304.88861083984,0,0,4112314368,0,939503616,0
200,1788378335732,3191,3191,23.809524536132813,23.809524536132813,0,156304.88861083984,0,0,4112314368,0,939503616,0
200,1788378335932,3191,3191,14.285715103149414,14.285715103149414,0,156304.88861083984,0,0,4112314368,0,939503616,0
200,1788378336133,3191,3191,5,5.263157844543457,0,156305.29235839844,0,0,4112314368,0,939503616,0
200,1788378336333,3191,3191,18.18181800842285,10,0,156305.29235839844,0,0,4112314368,0,939503616,0
200,1788378336533,3191,3191,18.18181800842285,10,0,156305.29235839844,0,0,4112314368,0,939503616,0
200,1788378336733,3191,3191,17.073171615600586,14.634145736694336,0,156305.29235839844,0,0,4112314368,0,939503616,0
200,1788378336933,3191,3191,10.526315689086914,10,0,156305.29235839844,0,0,4112314368,0,939503616,0
200,1788378337133,3191,3191,15.000000953674316,15.000000953674316,0,156305.94018554688,0,0,4112314368,0,939503616,0
200,1788378337333,3191,3191,18.18181800842285,19.047618865966797,0,156305.94018554688,0,0,4112314368,0,939503616,0
200,1788378337533,3191,3191,10.526315689086914,10,0,156305.94018554688,0,0,4112314368,0,939503616,0
200,1788378337734,3191,3191,15.000000953674316,15.000000953674316,0,156305.94018554688,0,0,4112314368,0,939503616,0
200,1788378337934,3191,3191,10,10,0,156305.94018554688,0,0,4112314368,0,939503616,0
200,1788378338134,3191,3191,10,10,0,156306.36450195313,0,0,4112314368,0,939503616,0
200,1788378338334,3191,3191,19.047618865966797,10.526315689086914,0,156306.36450195313,0,0,4112314368,0,939503616,0
200,1788378338534,3191,3191,10,5.263157844543457,0,156306.36450195313,0,0,4112314368,0,939503616,0
200,1788378338735,3191,3191,9.523809432983398,9.523809432983398,0,156306.36450195313,0,0,4112314368,0,939503616,0
200,1788378338935,3191,3191,14.285715103149414,9.523809432983398,0,156306.36450195313,0,0,4112314368,0,939503616,0
200,1788378339135,3191,3191,10.526315689086914,15.000000953674316,0,156306.6947631836,0,0,4112314368,0,939503616,0
200,1788378339335,3191,3191,10,19.047618865966797,0,156306.6947631836,0,0,4112314368,0,939503616,0
200,1788378339536,3191,3191,10,14.285715103149414,0,156306.6947631836,0,0,4112314368,0,939503616,0
200,1788378339736,3191,3191,20,20,0,156306.6947631836,0,0,4112314368,0,939503616,0
200,1788378339936,3191,3191,10,10,0,156306.6947631836,0,0,4112314368,0,939503616,0
200,1788378340136,3191,3191,10,14.285715103149414,0,156307.0938720703,0,0,4112314368,0,939503616,0
200,1788378340336,3191,3191,19.047618865966797,11.111111640930176,0,156307.0938720703,0,0,4112314368,0,939503616,0
200,1788378340536,3191,3191,18.18181800842285,5.263157844543457,0,156307.0938720703,0,0,4112314368,0,939503616,0
200,1788378340737,3191,3191,5,18.18181800842285,0,156307.0938720703,0,0,4112314368,0,939503616,0
200,1788378340937,3191,3191,5.882352828979492,15.000000953674316,0,156307.0938720703,0,0,4112314368,0,939503616,0
200,1788378341137,3191,3191,9.523809432983398,10.526315689086914,0,156307.5053100586,0,0,4112314368,0,939503616,0
200,1788378341337,3191,3191,14.285715103149414,10,0,156307.5053100586,0,0,4112314368,0,939503616,0
200,1788378341537,3191,3191,19.047618865966797,15.000000953674316,0,156307.5053100586,0,0,4112314368,0,939503616,0
200,1788378341738,3191,3191,28.571430206298828,55,0,156307.5053100586,0,0,4112314368,0,939503616,0
200,1788378341938,3191,3191,5.263157844543457,5.263157844543457,0,156307.5053100586,0,0,4112314368,0,939503616,0
200,1788378342138,3191,3191,20,10.526315689086914,0,156308.08502197266,0,0,4112314368,0,939503616,0
200,1788378342339,3191,3191,14.285715103149414,13.636363983154297,0,156308.08502197266,0,0,4112314368,0,939503616,0
200,1788378342539,3191,3191,14.285715103149414,5.263157844543457,0,156308.08502197266,0,0,4112314368,0,939503616,0
200,1788378342739,3191,3191,28.571430206298828,10,0,156308.08502197266,0,0,4112314368,0,939503616,0
200,1788378342940,3191,3191,5.263157844543457,5.263157844543457,0,156308.08502197266,0,0,4112314368,0,939503616,0
200,1788378343140,3191,3191,18.18181800842285,5.555555820465088,0,156308.50408935547,0,0,4112314368,0,939503616,0
200,1788378343340,3191,3191,5.263157844543457,10,0,156308.50408935547,0,0,4112314368,0,939503616,0
200,1788378343540,3191,3191,15.000000953674316,15.000000953674316,0,156308.50408935547,0,0,4112314368,0,939503616,0
200,1788378343740,3191,3191,10,14.285715103149414,0,156308.50408935547,0,0,4112314368,0,939503616,0
200,1788378343940,3191,3191,9.523809432983398,14.285715103149414,0,156308.50408935547,0,0,4112314368,0,939503616,0
200,1788378344141,3191,3191,23.809524536132813,10.526315689086914,0,156308.86779785156,0,0,4112314368,0,939503616,0
200,1788378344341,3191,3191,10,15.000000953674316,0,156308.86779785156,0,0,4112314368,0,939503616,0
200,1788378344541,3191,3191,15.000000953674316,14.285715103149414,0,156308.86779785156,0,0,4112314368,0,939503616,0
200,1788378344741,3191,3191,10,14.285715103149414,0,156308.86779785156,0,0,4112314368,0,939503616,0
200,1788378344941,3191,3191,19.047618865966797,19.047618865966797,0,156308.86779785156,0,0,4112314368,0,939503616,0
200,1788378345141,3191,3191,14.285715103149414,5.555555820465088,0,156309.33099365234,0,0,4112314368,0,939503616,0
200,1788378345341,3191,3191,18.18181800842285,0,0,156309.33099365234,0,0,4112314368,0,939503616,0
200,1788378345542,3191,3191,5.555555820465088,18.18181800842285,0,156309.33099365234,0,0,4112314368,0,939503616,0
200,1788378345742,3191,3191,18.18181800842285,10,0,156309.33099365234,0,0,4112314368,0,939503616,0
200,1788378345942,3191,3191,10,15.000000953674316,0,156309.33099365234,0,0,4112314368,0,939503616,0
200,1788378346142,3191,3191,15.000000953674316,18.18181800842285,0,156309.94744873047,0,0,4112314368,0,939503616,0
200,1788378346342,3191,3191,10,10,0,156309.94744873047,0,0,4112314368,0,939503616,0
200,1788378346543,3191,3191,19.047618865966797,15.000000953674316,0,156309.94744873047,0,0,4112314368,0,939503616,0
200,1788378346743,3191,3191,15.789472579956055,10.526315689086914,0,156309.94744873047,0,0,4112314368,0,939503616,0
200,1788378346943,3191,3191,14.285715103149414,14.285715103149414,0,156309.94744873047,0,0,4112314368,0,939503616,0
200,1788378347143,3191,3191,10,10,0,156310.4849243164,0,0,4112314368,0,939503616,0
200,1788378347343,3191,3191,19.047618865966797,15.000000953674316,0,156310.4849243164,0,0,4112314368,0,939503616,0
200,1788378347544,3191,3191,5.263157844543457,14.285715103149414,0,156310.4849243164,0,0,4112314368,0,939503616,0
200,1788378347744,3191,3191,15.000000953674316,10,0,156310.4849243164,0,0,4112314368,0,939503616,0
200,1788378347944,3191,3191,18.18181800842285,5.263157844543457,0,156310.4849243164,0,0,4112314368,0,939503616,0
200,1788378348144,3191,3191,5.263157844543457,19.047618865966797,0,156310.9017944336,0,0,4112314368,0,939503616,0
200,1788378348345,3191,3191,23.809524536132813,5.263157844543457,0,156310.9017944336,0,0,4112314368,0,939503616,0
200,1788378348545,3191,3191,22.72727394104004,10.526315689086914,0,156310.9017944336,0,0,4112314368,0,939503616,0
200,1788378348745,3191,3191,15.000000953674316,22.72727394104004,0,156310.9017944336,0,0,4112314368,0,939503616,0
200,1788378348945,3191,3191,5,0,0,156310.9017944336,0,0,4112314368,0,939503616,0
200,1788378349145,3191,3191,10,15.789472579956055,0,156311.29425048828,0,0,4112314368,0,939503616,0
200,1788378349345,3191,3191,20,22.72727394104004,0,156311.29425048828,0,0,4112314368,0,939503616,0
200,1788378349546,3191,3191,9.523809432983398,10,0,156311.29425048828,0,0,4112314368,0,939503616,0
200,1788378349746,3191,3191,15.000000953674316,14.285715103149414,0,156311.29425048828,0,0,4112314368,0,939503616,0
200,1788378349946,3191,3191,16.666667938232422,45,0,156311.29425048828,0,0,4112314368,0,939503616,0
200,1788378350146,3191,3191,20,20,0,156311.9849243164,0,0,4112314368,0,939503616,0
200,1788378350346,3191,3191,14.285715103149414,14.285715103149414,0,156311.9849243164,0,0,4112314368,0,939503616,0
200,1788378350546,3191,3191,15.789472579956055,19.047618865966797,0,156311.9849243164,0,0,4112314368,0,939503616,0
200,1788378350746,3191,3191,5,5,0,156311.9849243164,0,0,4112314368,0,939503616,0
200,1788378350947,3191,3191,14.285715103149414,9.523809432983398,0,156311.9849243164,0,0,4112314368,0,939503616,0
200,1788378351147,3191,3191,23.809524536132813,15.789472579956055,0,156312.33026123047,0,0,4112314368,0,939503616,0
200,1788378351347,3191,3191,10,14.285715103149414,0,156312.33026123047,0,0,4112314368,0,939503616,0
200,1788378351547,3191,3191,14.285715103149414,5,0,156312.33026123047,0,0,4112314368,0,939503616,0
200,1788378351747,3191,3191,18.18181800842285,20,0,156312.33026123047,0,0,4112314368,0,939503616,0
200,1788378351948,3191,3191,15.000000953674316,5.263157844543457,0,156312.33026123047,0,0,4112314368,0,939503616,0
200,1788378352148,3191,3191,13.636363983154297,14.285715103149414,0,156312.6844482422,0,0,4112314368,0,939503616,0
200,1788378352348,3191,3191,10.526315689086914,15.000000953674316,0,156312.6844482422,0,0,4112314368,0,939503616,0
200,1788378352548,3191,3191,15.000000953674316,5.263157844543457,0,156312.6844482422,0,0,4112314368,0,939503616,0
200,1788378352748,3191,3191,5,14.285715103149414,0,156312.6844482422,0,0,4112314368,0,939503616,0
200,1788378352949,3191,3191,14.285715103149414,26.086956024169922,0,156312.6844482422,0,0,4112314368,0,939503616,0
200,1788378353149,3191,3191,15.000000953674316,5.555555820465088,0,156313.0887451172,0,0,4112314368,0,939503616,0
200,1788378353349,3191,3191,5,5,0,156313.0887451172,0,0,4112314368,0,939503616,0
200,1788378353549,3191,3191,11.111111640930176,23.809524536132813,0,156313.0887451172,0,0,4112314368,0,939503616,0
200,1788378353749,3191,3191,19.047618865966797,19.047618865966797,0,156313.0887451172,0,0,4112314368,0,939503616,0
200,1788378353949,3191,3191,14.285715103149414,14.285715103149414,0,156313.0887451172,0,0,4112314368,0,939503616,0
200,1788378354149,3191,3191,15.000000953674316,5.555555820465088,0,156313.5186767578,0,0,4112314368,0,939503616,0
200,1788378354350,3191,3191,10.526315689086914,10,0,156313.5186767578,0,0,4112314368,0,939503616,0
200,1788378354550,3191,3191,5.263157844543457,5.263157844543457,0,156313.5186767578,0,0,4112314368,0,939503616,0
200,1788378354750,3191,3191,18.18181800842285,10,0,156313.5186767578,0,0,4112314368,0,939503616,0
200,1788378354950,3191,3191,15.000000953674316,19.047618865966797,0,156313.5186767578,0,0,4112314368,0,939503616,0
200,1788378355150,3191,3191,14.285715103149414,5.263157844543457,0,156313.94018554688,0,0,4112314368,0,939503616,0
200,1788378355350,3191,3191,14.285715103149414,15.000000953674316,0,156313.94018554688,0,0,4112314368,0,939503616,0
200,1788378355550,3191,3191,10,14.285715103149414,0,156313.94018554688,0,0,4112314368,0,939503616,0
200,1788378355750,3191,3191,15.000000953674316,10.526315689086914,0,156313.94018554688,0,0,4112314368,0,939503616,0
200,1788378355950,3191,3191,10,15.000000953674316,0,156313.94018554688,0,0,4112314368,0,939503616,0
200,1788378356151,3191,3191,10.526315689086914,18.18181800842285,0,156314.67083740234,0,0,4112314368,0,939503616,0
200,1788378356351,3191,3191,14.285715103149414,5.263157844543457,0,156314.67083740234,0,0,4112314368,0,939503616,0
200,1788378356551,3191,3191,19.047618865966797,10.526315689086914,0,156314.67083740234,0,0,4112314368,0,939503616,0
200,1788378356751,3191,3191,14.285715103149414,14.285715103149414,0,156314.67083740234,0,0,4112314368,0,939503616,0
199,1788378356952,3191,3191,18.18181800842285,14.285715103149414,0,156314.67083740234,0,0,4112314368,0,939503616,0
200,1788378357152,3191,3191,18.18181800842285,14.285715103149414,0,156315.07403564453,0,0,4112314368,0,939503616,0
200,1788378357352,3191,3191,12.820513725280762,11.904762268066406,0,156315.07403564453,0,0,4112314368,0,939503616,0
200,1788378357552,3191,3191,13.636363983154297,14.285715103149414,0,156315.07403564453,0,0,4112314368,0,939503616,0
200,1788378357752,3191,3191,23.809524536132813,5.555555820465088,0,156315.07403564453,0,0,4112314368,0,939503616,0
200,1788378357952,3191,3191,14.285715103149414,5.555555820465088,0,156315.07403564453,0,0,4112314368,0,939503616,0
200,1788378358152,3191,3191,19.047618865966797,14.285715103149414,0,156315.44982910156,0,0,4112314368,0,939503616,0
200,1788378358352,3191,3191,36.842105865478516,57.894737243652344,0,156315.44982910156,0,0,4112314368,0,939503616,0
200,1788378358552,3191,3191,0,9.523809432983398,0,156315.44982910156,0,0,4112314368,0,939503616,0
200,1788378358752,3191,3191,19.047618865966797,10,0,156315.44982910156,0,0,4112314368,0,939503616,0
200,1788378358952,3191,3191,10,15.000000953674316,0,156315.44982910156,0,0,4112314368,0,939503616,0
200,1788378359152,3191,3191,10,5.263157844543457,0,156316.0551147461,0,0,4112314368,0,939503616,0
200,1788378359353,3191,3191,10,15.000000953674316,0,156316.0551147461,0,0,4112314368,0,939503616,0
200,1788378359553,3191,3191,22.72727394104004,10.526315689086914,0,156316.0551147461,0,0,4112314368,0,939503616,0
200,1788378359753,3191,3191,5.555555820465088,10,0,156316.0551147461,0,0,4112314368,0,939503616,0
200,1788378359953,3191,3191,17.39130401611328,0,0,156316.0551147461,0,0,4112314368,0,939503616,0
199,1788378360153,3191,3191,15.000000953674316,15.000000953674316,0,156316.44720458984,0,0,4112314368,0,939503616,0
200,1788378360353,3191,3191,10,14.285715103149414,0,156316.44720458984,0,0,4112314368,0,939503616,0
200,1788378360553,3191,3191,15.000000953674316,19.047618865966797,0,156316.44720458984,0,0,4112314368,0,939503616,0
200,1788378360754,3191,3191,18.18181800842285,15.789472579956055,0,156316.44720458984,0,0,4112314368,0,939503616,0
200,1788378360954,3191,3191,10.526315689086914,22.72727394104004,0,156316.44720458984,0,0,4112314368,0,939503616,0
200,1788378361154,3191,3191,0,18.18181800842285,0,156316.89880371094,0,0,4112314368,0,939503616,0
200,1788378361354,3191,3191,18.18181800842285,10,0,156316.89880371094,0,0,4112314368,0,939503616,0
200,1788378361555,3191,3191,14.285715103149414,14.285715103149414,0,156316.89880371094,0,0,4112314368,0,939503616,0
200,1788378361755,3191,3191,15.000000953674316,19.047618865966797,0,156316.89880371094,0,0,4112314368,0,939503616,0
199,1788378361955,3191,3191,14.285715103149414,10,0,156316.89880371094,0,0,4112314368,0,939503616,0
200,1788378362155,3191,3191,5.555555820465088,23.809524536132813,0,156317.22497558594,0,0,4112314368,0,939503616,0
200,1788378362356,3191,3191,5.263157844543457,14.285715103149414,0,156317.22497558594,0,0,4112314368,0,939503616,0
200,1788378362556,3191,3191,18.18181800842285,10,0,156317.22497558594,0,0,4112314368,0,939503616,0
200,1788378362756,3191,3191,10.526315689086914,10.526315689086914,0,156317.22497558594,0,0,4112314368,0,939503616,0
200,1788378362956,3191,3191,10,10,0,156317.22497558594,0,0,4112314368,0,939503616,0
200,1788378363156,3191,3191,14.285715103149414,10,0,156317.65185546875,0,0,4112314368,0,939503616,0
200,1788378363356,3191,3191,19.047618865966797,10.526315689086914,0,156317.65185546875,0,0,4112314368,0,939503616,0
200,1788378363557,3191,3191,10,19.047618865966797,0,156317.65185546875,0,0,4112314368,0,939503616,0
200,1788378363757,3191,3191,15.000000953674316,10,0,156317.65185546875,0,0,4112314368,0,939503616,0
200,1788378363957,3191,3191,14.285715103149414,5.263157844543457,0,156317.65185546875,0,0,4112314368,0,939503616,0
200,1788378364157,3191,3191,14.285715103149414,10,0,156318.1050415039,0,0,4112314368,0,939503616,0
200,1788378364357,3191,3191,19.047618865966797,10,0,156318.1050415039,0,0,4112314368,0,939503616,0
200,1788378364558,3191,3191,14.285715103149414,19.047618865966797,0,156318.1050415039,0,0,4112314368,0,939503616,0
200,1788378364758,3191,3191,15.000000953674316,10,0,156318.1050415039,0,0,4112314368,0,939503616,0
200,1788378364958,3191,3191,14.285715103149414,10,0,156318.1050415039,0,0,4112314368,0,939503616,0
200,1788378365158,3191,3191,23.809524536132813,5.263157844543457,0,156318.51629638672,0,0,4112314368,0,939503616,0
200,1788378365359,3191,3191,5.263157844543457,18.18181800842285,0,156318.51629638672,0,0,4112314368,0,939503616,0
200,1788378365559,3191,3191,10.526315689086914,15.000000953674316,0,156318.51629638672,0,0,4112314368,0,939495424,0
200,1788378365759,3191,3191,14.285715103149414,10.526315689086914,0,156318.51629638672,0,0,4112314368,0,939495424,0
200,1788378365959,3191,3191,15.000000953674316,15.000000953674316,0,156318.51629638672,0,0,4112314368,0,939495424,0
200,1788378366159,3191,3191,21.7391300201416,5.263157844543457,0,156319.25225830078,0,0,4112314368,0,939495424,0
200,1788378366359,3191,3191,5.263157844543457,14.285715103149414,0,156319.25225830078,0,0,4112314368,0,939495424,0
200,1788378366560,3191,3191,13.636363983154297,14.285715103149414,0,156319.25225830078,0,0,4112314368,0,939495424,0
200,1788378366760,3191,3191,31.57894515991211,66.66667175292969,0,156319.25225830078,0,0,4112314368,0,939495424,0
200,1788378366960,3191,3191,5,5.263157844543457,0,156319.25225830078,0,0,4112314368,0,939495424,0
200,1788378367160,3191,3191,19.047618865966797,19.047618865966797,0,156319.88360595703,0,0,4112314368,0,939495424,0
200,1788378367360,3191,3191,15.000000953674316,10,0,156319.88360595703,0,0,4112314368,0,939495424,0
200,1788378367560,3191,3191,15.000000953674316,15.000000953674316,0,156319.88360595703,0,0,4112314368,0,939495424,0
200,1788378367760,3191,3191,14.285715103149414,15.789472579956055,0,156319.88360595703,0,0,4112314368,0,939495424,0
200,1788378367960,3191,3191,10,5.263157844543457,0,156319.88360595703,0,0,4112314368,0,939495424,0
200,1788378368161,3191,3191,10,18.18181800842285,0,156320.2841796875,0,0,4112314368,0,939495424,0
200,1788378368361,3191,3191,10,14.285715103149414,0,156320.2841796875,0,0,4112314368,0,939495424,0
200,1788378368561,3191,3191,15.000000953674316,19.047618865966797,0,156320.2841796875,0,0,4112314368,0,939495424,0
200,1788378368761,3191,3191,10.526315689086914,14.285715103149414,0,156320.2841796875,0,0,4112314368,0,939495424,0
200,1788378368962,3191,3191,10,15.000000953674316,0,156320.2841796875,0,0,4112314368,0,939495424,0
200,1788378369162,3191,3191,19.047618865966797,10.526315689086914,0,156320.67205810547,0,0,4112314368,0,939495424,0
200,1788378369362,3191,3191,10,10,0,156320.67205810547,0,0,4112314368,0,939495424,0
200,1788378369562,3191,3191,10,14.285715103149414,0,156320.67205810547,0,0,4112314368,0,939495424,0
200,1788378369763,3191,3191,15.000000953674316,5.555555820465088,0,156320.67205810547,0,0,4112314368,0,939495424,0
200,1788378369963,3191,3191,15.000000953674316,10.526315689086914,0,156320.67205810547,0,0,4112314368,0,939495424,0
200,1788378370163,3191,3191,13.636363983154297,14.285715103149414,0,156321.06463623047,0,0,4112314368,0,939495424,0
200,1788378370363,3191,3191,5.555555820465088,15.000000953674316,0,156321.06463623047,0,0,4112314368,0,939495424,0
200,1788378370563,3191,3191,19.047618865966797,15.000000953674316,0,156321.06463623047,0,0,4112314368,0,939495424,0
200,1788378370763,3191,3191,14.285715103149414,5.263157844543457,0,156321.06463623047,0,0,4112314368,0,939495424,0
200,1788378370964,3191,3191,14.285715103149414,14.285715103149414,0,156321.06463623047,0,0,4112314368,0,939495424,0
200,1788378371164,3191,3191,14.285715103149414,10,0,156321.45581054688,0,0,4112314368,0,939495424,0
200,1788378371364,3191,3191,19.047618865966797,5.263157844543457,0,156321.45581054688,0,0,4112314368,0,939495424,0
200,1788378371564,3191,3191,14.285715103149414,19.047618865966797,0,156321.45581054688,0,0,4112314368,0,939495424,0
200,1788378371764,3191,3191,10.526315689086914,15.000000953674316,0,156321.45581054688,0,0,4112314368,0,939495424,0
200,1788378371964,3191,3191,14.285715103149414,15.000000953674316,0,156321.45581054688,0,0,4112314368,0,939495424,0
200,1788378372165,3191,3191,9.523809432983398,10,0,156321.82373046875,0,0,4112314368,0,939495424,0
200,1788378372365,3191,3191,5.263157844543457,10,0,156321.82373046875,0,0,4112314368,0,939495424,0
200,1788378372565,3191,3191,10,10.526315689086914,0,156321.82373046875,0,0,4112314368,0,939495424,0
200,1788378372765,3191,3191,19.047618865966797,23.809524536132813,0,156321.82373046875,0,0,4112314368,0,939495424,0
200,1788378372965,3191,3191,5.263157844543457,9.523809432983398,0,156321.82373046875,0,0,4112314368,0,939495424,0
200,1788378373165,3191,3191,10.526315689086914,19.047618865966797,0,156322.19458007813,0,0,4112314368,0,939495424,0
200,1788378373365,3191,3191,19.047618865966797,10,0,156322.19458007813,0,0,4112314368,0,939495424,0
200,1788378373566,3191,3191,9.523809432983398,14.285715103149414,0,156322.19458007813,0,0,4112314368,0,939495424,0
200,1788378373766,3191,3191,15.000000953674316,10,0,156322.19458007813,0,0,4112314368,0,939495424,0
200,1788378373966,3191,3191,15.000000953674316,22.72727394104004,0,156322.19458007813,0,0,4112314368,0,939495424,0
200,1788378374166,3191,3191,5.263157844543457,9.523809432983398,0,156322.64862060547,0,0,4112314368,0,939495424,0
200,1788378374366,3191,3191,10.526315689086914,15.000000953674316,0,156322.64862060547,0,0,4112314368,0,939495424,0
200,1788378374566,3191,3191,22.72727394104004,19.047618865966797,0,156322.64862060547,0,0,4112314368,0,939495424,0
202,1788378374766,3191,3191,15.000000953674316,10.526315689086914,0,156322.64862060547,0,0,4112314368,0,939495424,0
200,1788378374969,3191,3191,33.333335876464844,19.047618865966797,0,156322.64862060547,0,0,4112314368,0,939495424,0
200,1788378375169,3191,3191,30.000001907348633,21.052631378173828,0,156323.35864257813,0,0,4112314368,0,939495424,0
200,1788378375369,3191,3191,10,14.285715103149414,0,156323.35864257813,0,0,4112314368,0,939741184,0
200,1788378375569,3191,3191,10,14.285715103149414,0,156323.35864257813,0,0,4112314368,0,939732992,0
200,1788378375769,3191,3191,15.000000953674316,10.526315689086914,0,156323.35864257813,0,0,4112314368,0,939732992,0
200,1788378375969,3191,3191,10.526315689086914,10,0,156323.35864257813,0,0,4112314368,0,939732992,0
200,1788378376169,3191,3191,13.636363983154297,10,0,156323.9927368164,0,0,4112314368,0,939732992,0
200,1788378376370,3191,3191,19.047618865966797,10,0,156323.9927368164,0,0,4112314368,0,939732992,0
200,1788378376570,3191,3191,5.555555820465088,23.809524536132813,0,156323.9927368164,0,0,4112314368,0,939732992,0
200,1788378376770,3191,3191,0,9.523809432983398,0,156323.9927368164,0,0,4112314368,0,939732992,0
200,1788378376970,3191,3191,18.18181800842285,10.526315689086914,0,156323.9927368164,0,0,4112314368,0,939732992,0
200,1788378377170,3191,3191,19.047618865966797,10.526315689086914,0,156324.40228271484,0,0,4112314368,0,939732992,0
200,1788378377371,3191,3191,9.523809432983398,10,0,156324.40228271484,0,0,4112314368,0,939732992,0
200,1788378377571,3191,3191,23.809524536132813,18.18181800842285,0,156324.40228271484,0,0,4112314368,0,939732992,0
200,1788378377771,3191,3191,5,20,0,156324.40228271484,0,0,4112314368,0,939732992,0
200,1788378377971,3191,3191,15.000000953674316,10,0,156324.40228271484,0,0,4112314368,0,939732992,0
200,1788378378172,3191,3191,13.636363983154297,9.523809432983398,0,156324.82989501953,0,0,4112314368,0,939732992,0
200,1788378378372,3191,3191,5.555555820465088,10.526315689086914,0,156324.82989501953,0,0,4112314368,0,939732992,0
200,1788378378572,3191,3191,14.285715103149414,5,0,156324.82989501953,0,0,4112314368,0,939732992,0
200,1788378378772,3191,3191,10.526315689086914,14.285715103149414,0,156324.82989501953,0,0,4112314368,0,939732992,0
200,1788378378973,3191,3191,10,10,0,156324.82989501953,0,0,4112314368,0,939732992,0
200,1788378379173,3191,3191,15.000000953674316,26.086956024169922,0,156325.16302490234,0,0,4112314368,0,939732992,0
200,1788378379373,3191,3191,14.285715103149414,10,0,156325.16302490234,0,0,4112314368,0,939732992,0
200,1788378379573,3191,3191,10.526315689086914,23.809524536132813,0,156325.16302490234,0,0,4112314368,0,939732992,0
200,1788378379774,3191,3191,14.285715103149414,5.263157844543457,0,156325.16302490234,0,0,4112314368,0,939732992,0
200,1788378379974,3191,3191,10.526315689086914,19.047618865966797,0,156325.16302490234,0,0,4112314368,0,939732992,0
200,1788378380174,3191,3191,19.047618865966797,10,0,156325.59185791016,0,0,4112314368,0,939732992,0
200,1788378380374,3191,3191,14.285715103149414,5.263157844543457,0,156325.59185791016,0,0,4112314368,0,939732992,0
200,1788378380575,3191,3191,10,14.285715103149414,0,156325.59185791016,0,0,4112314368,0,939732992,0
200,1788378380775,3191,3191,20,26.086956024169922,0,156325.59185791016,0,0,4112314368,0,939732992,0
200,1788378380976,3191,3191,5,5.263157844543457,0,156325.59185791016,0,0,4112314368,0,939732992,0
200,1788378381176,3191,3191,10,19.047618865966797,0,156325.96197509766,0,0,4112314368,0,939732992,0
200,1788378381376,3191,3191,10,19.047618865966797,0,156325.96197509766,0,0,4112314368,0,939732992,0
200,1788378381576,3191,3191,10.526315689086914,16.666667938232422,0,156325.96197509766,0,0,4112314368,0,939732992,0
200,1788378381776,3191,3191,18.18181800842285,10.526315689086914,0,156325.96197509766,0,0,4112314368,0,939732992,0
200,1788378381976,3191,3191,15.000000953674316,10.526315689086914,0,156325.96197509766,0,0,4112314368,0,939732992,0
200,1788378382176,3191,3191,5,10,0,156326.3533935547,0,0,4112314368,0,939732992,0
200,1788378382376,3191,3191,13.636363983154297,5.263157844543457,0,156326.3533935547,0,0,4112314368,0,939732992,0
200,1788378382576,3191,3191,15.000000953674316,10.526315689086914,0,156326.3533935547,0,0,4112314368,0,939732992,0
200,1788378382777,3191,3191,18.18181800842285,13.636363983154297,0,156326.3533935547,0,0,4112314368,0,939732992,0
200,1788378382977,3191,3191,15.000000953674316,5.555555820465088,0,156326.3533935547,0,0,4112314368,0,939732992,0
200,1788378383177,3191,3191,15.000000953674316,14.285715103149414,0,156326.73321533203,0,0,4112314368,0,939732992,0
200,1788378383377,3191,3191,14.285715103149414,10.526315689086914,0,156326.73321533203,0,0,4112314368,0,939732992,0
200,1788378383577,3191,3191,52.6315803527832,23.809524536132813,0,156326.73321533203,0,0,4112314368,0,939732992,0
200,1788378383778,3191,3191,18.18181800842285,15.000000953674316,0,156326.73321533203,0,0,4112314368,0,939732992,0
200,1788378383978,3191,3191,15.000000953674316,15.000000953674316,0,156326.73321533203,0,0,4112314368,0,939732992,0
200,1788378384178,3191,3191,15.000000953674316,5.263157844543457,0,156327.35345458984,0,0,4112314368,0,939732992,0
200,1788378384378,3191,3191,15.000000953674316,19.047618865966797,0,156327.35345458984,0,0,4112314368,0,939732992,0
200,1788378384579,3191,3191,14.285715103149414,19.047618865966797,0,156327.35345458984,0,0,4112314368,0,939732992,0
200,1788378384779,3191,3191,10,10.526315689086914,0,156327.35345458984,0,0,4112314368,0,939732992,0
200,1788378384979,3191,3191,18.18181800842285,0,0,156327.35345458984,0,0,4112314368,0,939732992,0
200,1788378385179,3191,3191,15.789472579956055,19.047618865966797,0,156327.77563476563,0,0,4112314368,0,939732992,0
200,1788378385380,3191,3191,14.285715103149414,10,0,156327.77563476563,0,0,4112314368,0,939732992,0
200,1788378385580,3191,3191,9.523809432983398,5,0,156327.77563476563,0,0,4112314368,0,939732992,0
200,1788378385780,3191,3191,42.105262756347656,65,0,156327.77563476563,0,0,4112314368,0,939732992,0
200,1788378385980,3191,3191,15.000000953674316,15.789472579956055,0,156327.77563476563,0,0,4112314368,0,939732992,0
200,1788378386180,3191,3191,14.285715103149414,15.000000953674316,0,156328.7353515625,0,0,4112314368,0,939732992,0
200,1788378386380,3191,3191,15.789472579956055,19.047618865966797,0,156328.7353515625,0,0,4112314368,0,939732992,0
200,1788378386580,3191,3191,5,10,0,156328.7353515625,0,0,4112314368,0,939732992,0
200,1788378386781,3191,3191,14.285715103149414,10,0,156328.7353515625,0,0,4112314368,0,939732992,0
200,1788378386981,3191,3191,22.72727394104004,5.555555820465088,0,156328.7353515625,0,0,4112314368,0,939732992,0
200,1788378387181,3191,3191,19.047618865966797,5,0,156329.3221435547,0,0,4112314368,0,939732992,0
200,1788378387381,3191,3191,14.285715103149414,10.526315689086914,0,156329.3221435547,0,0,4112314368,0,939732992,0
200,1788378387581,3191,3191,19.047618865966797,15.000000953674316,0,156329.3221435547,0,0,4112314368,0,939732992,0
200,1788378387781,3191,3191,14.285715103149414,14.285715103149414,0,156329.3221435547,0,0,4112314368,0,939732992,0
200,1788378387981,3191,3191,10,0,0,156329.3221435547,0,0,4112314368,0,939732992,0
200,1788378388181,3191,3191,15.000000953674316,26.086956024169922,0,156329.70556640625,0,0,4112314368,0,939732992,0
200,1788378388382,3191,3191,10,10,0,156329.70556640625,0,0,4112314368,0,939732992,0
200,1788378388582,3191,3191,14.285715103149414,5.263157844543457,0,156329.70556640625,0,0,4112314368,0,939732992,0
200,1788378388782,3191,3191,15.000000953674316,15.000000953674316,0,156329.70556640625,0,0,4112314368,0,939732992,0
200,1788378388982,3191,3191,10,14.285715103149414,0,156329.70556640625,0,0,4112314368,0,939732992,0
200,1788378389183,3191,3191,15.000000953674316,19.047618865966797,0,156330.09899902344,0,0,4112314368,0,939732992,0
200,1788378389383,3191,3191,15.000000953674316,14.285715103149414,0,156330.09899902344,0,0,4112314368,0,939732992,0
200,1788378389583,3191,3191,9.523809432983398,10.526315689086914,0,156330.09899902344,0,0,4112314368,0,939732992,0
200,1788378389783,3191,3191,10,18.18181800842285,0,156330.09899902344,0,0,4112314368,0,939732992,0
200,1788378389984,3191,3191,5.555555820465088,19.047618865966797,0,156330.09899902344,0,0,4112314368,0,939732992,0
200,1788378390184,3191,3191,5,10,0,156330.44689941406,0,0,4112314368,0,939732992,0
200,1788378390384,3191,3191,19.047618865966797,19.047618865966797,0,156330.44689941406,0,0,4112314368,0,939732992,0
200,1788378390584,3191,3191,19.047618865966797,15.000000953674316,0,156330.44689941406,0,0,4112314368,0,939732992,0
200,1788378390784,3191,3191,14.285715103149414,14.285715103149414,0,156330.44689941406,0,0,4112314368,0,939732992,0
200,1788378390984,3191,3191,5.263157844543457,10.526315689086914,0,156330.44689941406,0,0,4112314368,0,939732992,0
200,1788378391184,3191,3191,19.047618865966797,14.285715103149414,0,156330.8687133789,0,0,4112314368,0,939732992,0
200,1788378391384,3191,3191,5,19.047618865966797,0,156330.8687133789,0,0,4112314368,0,939732992,0
200,1788378391584,3191,3191,5,19.047618865966797,0,156330.8687133789,0,0,4112314368,0,939732992,0
200,1788378391784,3191,3191,36.585365295410156,20,0,156330.8687133789,0,0,4112314368,0,939732992,0
200,1788378391985,3191,3191,10,10,0,156330.8687133789,0,0,4112314368,0,939732992,0
200,1788378392185,3191,3191,15.000000953674316,10.526315689086914,0,156331.43627929688,0,0,4112314368,0,939732992,0
200,1788378392385,3191,3191,14.285715103149414,10,0,156331.43627929688,0,0,4112314368,0,939732992,0
200,1788378392585,3191,3191,10,10,0,156331.43627929688,0,0,4112314368,0,939732992,0
200,1788378392785,3191,3191,14.285715103149414,14.285715103149414,0,156331.43627929688,0,0,4112314368,0,939732992,0
200,1788378392985,3191,3191,14.285715103149414,10.526315689086914,0,156331.43627929688,0,0,4112314368,0,939732992,0
200,1788378393185,3191,3191,10.526315689086914,10,0,156331.82403564453,0,0,4112314368,0,939732992,0
200,1788378393385,3191,3191,28.571430206298828,20,0,156331.82403564453,0,0,4112314368,0,939732992,0
200,1788378393586,3191,3191,9.523809432983398,18.18181800842285,0,156331.82403564453,0,0,4112314368,0,939732992,0
200,1788378393786,3191,3191,10.526315689086914,18.18181800842285,0,156331.82403564453,0,0,4112314368,0,939732992,0
200,1788378393986,3191,3191,5.263157844543457,10.526315689086914,0,156331.82403564453,0,0,4112314368,0,939732992,0
200,1788378394186,3191,3191,19.047618865966797,15.000000953674316,0,156332.3291015625,0,0,4112314368,0,939732992,0
200,1788378394386,3191,3191,14.285715103149414,0,0,156332.3291015625,0,0,4112314368,0,939732992,0
200,1788378394586,3191,3191,5.263157844543457,19.047618865966797,0,156332.3291015625,0,0,4112314368,0,939732992,0
200,1788378394786,3191,3191,19.047618865966797,10.526315689086914,0,156332.3291015625,0,0,4112314368,0,939732992,0
200,1788378394986,3191,3191,14.285715103149414,10,0,156332.3291015625,0,0,4112314368,0,939732992,0
200,1788378395186,3191,3191,10,15.000000953674316,0,156332.71295166016,0,0,4112314368,0,939732992,0
200,1788378395387,3191,3191,19.047618865966797,19.047618865966797,0,156332.71295166016,0,0,4112314368,0,939732992,0
200,1788378395587,3191,3191,10,5.263157844543457,0,156332.71295166016,0,0,4112314368,0,939732992,0
200,1788378395787,3191,3191,15.000000953674316,10,0,156332.71295166016,0,0,4112314368,0,939732992,0
200,1788378395987,3191,3191,22.72727394104004,22.72727394104004,0,156332.71295166016,0,0,4112314368,0,939732992,0
200,1788378396187,3191,3191,5.263157844543457,10,0,156333.32904052734,0,0,4112314368,0,939732992,0
200,1788378396387,3191,3191,19.047618865966797,10.526315689086914,0,156333.32904052734,0,0,4112314368,0,939732992,0
200,1788378396588,3191,3191,13.636363983154297,18.18181800842285,0,156333.32904052734,0,0,4112314368,0,939732992,0
200,1788378396788,3191,3191,10,15.000000953674316,0,156333.32904052734,0,0,4112314368,0,939732992,0
200,1788378396988,3191,3191,0,10,0,156333.32904052734,0,0,4112314368,0,939732992,0
200,1788378397188,3191,3191,15.000000953674316,10,0,156333.8511352539,0,0,4112314368,0,939732992,0
200,1788378397388,3191,3191,10,19.047618865966797,0,156333.8511352539,0,0,4112314368,0,939732992,0
200,1788378397588,3191,3191,18.18181800842285,18.18181800842285,0,156333.8511352539,0,0,4112314368,0,939732992,0
200,1788378397788,3191,3191,10.526315689086914,10.526315689086914,0,156333.8511352539,0,0,4112314368,0,939732992,0
200,1788378397988,3191,3191,10,19.047618865966797,0,156333.8511352539,0,0,4112314368,0,939732992,0
200,1788378398188,3191,3191,5.882352828979492,22.72727394104004,0,156334.2420654297,0,0,4112314368,0,939732992,0
200,1788378398389,3191,3191,9.523809432983398,5.263157844543457,0,156334.2420654297,0,0,4112314368,0,939732992,0
200,1788378398589,3191,3191,22.72727394104004,15.000000953674316,0,156334.2420654297,0,0,4112314368,0,939732992,0
200,1788378398789,3191,3191,10.526315689086914,19.047618865966797,0,156334.2420654297,0,0,4112314368,0,939732992,0
200,1788378398989,3191,3191,14.285715103149414,5,0,156334.2420654297,0,0,4112314368,0,939732992,0
200,1788378399189,3191,3191,14.285715103149414,5.263157844543457,0,156334.59057617188,0,0,4112314368,0,939732992,0
200,1788378399389,3191,3191,19.047618865966797,10.526315689086914,0,156334.59057617188,0,0,4112314368,0,939732992,0
200,1788378399590,3191,3191,10,5.263157844543457,0,156334.59057617188,0,0,4112314368,0,939732992,0
200,1788378399790,3191,3191,5.263157844543457,14.285715103149414,0,156334.59057617188,0,0,4112314368,0,939732992,0
200,1788378399990,3191,3191,5.263157844543457,10,0,156334.59057617188,0,0,4112314368,0,939732992,0
200,1788378400190,3191,3191,22.72727394104004,30.000001907348633,0,156334.99780273438,0,0,4112314368,0,939732992,0
200,1788378400390,3191,3191,15.789472579956055,31.57894515991211,0,156334.99780273438,0,0,4112314368,0,939732992,0
200,1788378400591,3191,3191,14.285715103149414,14.285715103149414,0,156334.99780273438,0,0,4112314368,0,939732992,0
200,1788378400791,3191,3191,18.18181800842285,10.526315689086914,0,156334.99780273438,0,0,4112314368,0,939732992,0
200,1788378400991,3191,3191,14.285715103149414,19.047618865966797,0,156334.99780273438,0,0,4112314368,0,939732992,0
200,1788378401192,3191,3191,19.047618865966797,10,0,156335.63305664063,0,0,4112314368,0,939732992,0
200,1788378401392,3191,3191,19.047618865966797,10.526315689086914,0,156335.63305664063,0,0,4112314368,0,939732992,0
200,1788378401592,3191,3191,14.285715103149414,5.263157844543457,0,156335.63305664063,0,0,4112314368,0,939732992,0
200,1788378401792,3191,3191,18.18181800842285,5.263157844543457,0,156335.63305664063,0,0,4112314368,0,939732992,0
200,1788378401992,3191,3191,10.526315689086914,19.047618865966797,0,156335.63305664063,0,0,4112314368,0,939732992,0
200,1788378402192,3191,3191,10,19.047618865966797,0,156336.03442382813,0,0,4112314368,0,939732992,0
200,1788378402392,3191,3191,14.285715103149414,10,0,156336.03442382813,0,0,4112314368,0,939732992,0
200,1788378402593,3191,3191,19.047618865966797,19.047618865966797,0,156336.03442382813,0,0,4112314368,0,939732992,0
200,1788378402793,3191,3191,10,10,0,156336.03442382813,0,0,4112314368,0,939732992,0
200,1788378402993,3191,3191,10.526315689086914,10.526315689086914,0,156336.03442382813,0,0,4112314368,0,939732992,0
200,1788378403193,3191,3191,14.285715103149414,15.000000953674316,0,156336.42639160156,0,0,4112314368,0,939732992,0
200,1788378403393,3191,3191,5.263157844543457,10,0,156336.42639160156,0,0,4112314368,0,939732992,0
200,1788378403593,3191,3191,14.285715103149414,14.285715103149414,0,156336.42639160156,0,0,4112314368,0,939732992,0
200,1788378403793,3191,3191,22.72727394104004,10,0,156336.42639160156,0,0,4112314368,0,939732992,0
200,1788378403994,3191,3191,15.000000953674316,15.789472579956055,0,156336.42639160156,0,0,4112314368,0,939732992,0
202,1788378404194,3191,3191,14.285715103149414,5.263157844543457,0,156336.82037353516,0,0,4112314368,0,939732992,0
199,1788378404396,3191,3191,10,10,0,156336.82037353516,0,0,4112314368,0,939732992,0
200,1788378404596,3191,3191,5.555555820465088,22.72727394104004,0,156336.82037353516,0,0,4112314368,0,939732992,0
200,1788378404797,3191,3191,14.285715103149414,15.000000953674316,0,156336.82037353516,0,0,4112314368,0,939732992,0
200,1788378404997,3191,3191,9.523809432983398,14.285715103149414,0,156336.82037353516,0,0,4112314368,0,939732992,0
200,1788378405197,3191,3191,18.18181800842285,14.285715103149414,0,156337.23358154297,0,0,4112314368,0,939732992,0
200,1788378405397,3191,3191,10.526315689086914,14.285715103149414,0,156337.23358154297,0,0,4112314368,0,939732992,0
200,1788378405597,3191,3191,10,22.72727394104004,0,156337.23358154297,0,0,4112314368,0,939732992,0
200,1788378405797,3191,3191,15.000000953674316,20,0,156337.23358154297,0,0,4112314368,0,939732992,0
200,1788378405997,3191,3191,19.047618865966797,19.047618865966797,0,156337.23358154297,0,0,4112314368,0,939732992,0
200,1788378406197,3191,3191,5,0,0,156337.94268798828,0,0,4112314368,0,939732992,0
200,1788378406398,3191,3191,15.000000953674316,19.047618865966797,0,156337.94268798828,0,0,4112314368,0,939732992,0
200,1788378406598,3191,3191,15.000000953674316,21.7391300201416,0,156337.94268798828,0,0,4112314368,0,939732992,0
200,1788378406798,3191,3191,15.000000953674316,15.789472579956055,0,156337.94268798828,0,0,4112314368,0,939732992,0
200,1788378406998,3191,3191,9.523809432983398,5,0,156337.94268798828,0,0,4112314368,0,939732992,0
200,1788378407199,3191,3191,18.18181800842285,10.526315689086914,0,156338.32745361328,0,0,4112314368,0,939732992,0
200,1788378407399,3191,3191,19.047618865966797,26.086956024169922,0,156338.32745361328,0,0,4112314368,0,939732992,0
200,1788378407599,3191,3191,18.18181800842285,14.285715103149414,0,156338.32745361328,0,0,4112314368,0,939732992,0
200,1788378407799,3191,3191,10,15.000000953674316,0,156338.32745361328,0,0,4112314368,0,939732992,0
200,1788378407999,3191,3191,19.047618865966797,19.047618865966797,0,156338.32745361328,0,0,4112314368,0,939732992,0
200,1788378408199,3191,3191,14.285715103149414,9.090909004211426,0,156338.71490478516,0,0,4112314368,0,939732992,0
200,1788378408399,3191,3191,15.000000953674316,22.72727394104004,0,156338.71490478516,0,0,4112314368,0,939732992,0
200,1788378408600,3191,3191,52.38095474243164,28.571430206298828,0,156338.71490478516,0,0,4112314368,0,939732992,0
200,1788378408800,3191,3191,10,14.285715103149414,0,156338.71490478516,0,0,4112314368,0,939732992,0
200,1788378409000,3191,3191,10,5.263157844543457,0,156338.71490478516,0,0,4112314368,0,939732992,0
200,1788378409200,3191,3191,15.000000953674316,15.000000953674316,0,156339.32928466797,0,0,4112314368,0,939732992,0
200,1788378409400,3191,3191,15.000000953674316,19.047618865966797,0,156339.32928466797,0,0,4112314368,0,939732992,0
200,1788378409600,3191,3191,14.285715103149414,14.285715103149414,0,156339.32928466797,0,0,4112314368,0,939732992,0
200,1788378409800,3191,3191,19.047618865966797,19.047618865966797,0,156339.32928466797,0,0,4112314368,0,939732992,0
200,1788378410000,3191,3191,14.285715103149414,10,0,156339.32928466797,0,0,4112314368,0,939732992,0
200,1788378410200,3191,3191,15.000000953674316,10,0,156339.67669677734,0,0,4112314368,0,939732992,0
200,1788378410400,3191,3191,21.7391300201416,14.285715103149414,0,156339.67669677734,0,0,4112314368,0,939732992,0
200,1788378410601,3191,3191,14.285715103149414,5,0,156339.67669677734,0,0,4112314368,0,939732992,0
200,1788378410801,3191,3191,5,10,0,156339.67669677734,0,0,4112314368,0,939732992,0
200,1788378411001,3191,3191,19.047618865966797,19.047618865966797,0,156339.67669677734,0,0,4112314368,0,939732992,0
200,1788378411201,3191,3191,10.526315689086914,15.000000953674316,0,156340.02490234375,0,0,4112314368,0,939732992,0
200,1788378411401,3191,3191,14.285715103149414,10,0,156340.02490234375,0,0,4112314368,0,939732992,0
200,1788378411602,3191,3191,19.047618865966797,22.72727394104004,0,156340.02490234375,0,0,4112314368,0,939732992,0
200,1788378411802,3191,3191,10,14.285715103149414,0,156340.02490234375,0,0,4112314368,0,939732992,0
200,1788378412002,3191,3191,14.285715103149414,14.285715103149414,0,156340.02490234375,0,0,4112314368,0,939732992,0
200,1788378412202,3191,3191,15.789472579956055,15.789472579956055,0,156340.44744873047,0,0,4112314368,0,939732992,0
200,1788378412402,3191,3191,5.263157844543457,10,0,156340.44744873047,0,0,4112314368,0,939732992,0
200,1788378412602,3191,3191,15.789472579956055,15.000000953674316,0,156340.44744873047,0,0,4112314368,0,939732992,0
200,1788378412802,3191,3191,10.526315689086914,15.000000953674316,0,156340.44744873047,0,0,4112314368,0,939732992,0
200,1788378413002,3191,3191,9.090909004211426,0,0,156340.44744873047,0,0,4112314368,0,939732992,0
200,1788378413202,3191,3191,5.555555820465088,14.285715103149414,0,156340.8607788086,0,0,4112314368,0,939732992,0
200,1788378413403,3191,3191,10,10.526315689086914,0,156340.8607788086,0,0,4112314368,0,939732992,0
200,1788378413603,3191,3191,15.000000953674316,14.285715103149414,0,156340.8607788086,0,0,4112314368,0,939732992,0
200,1788378413803,3191,3191,5.263157844543457,10,0,156340.8607788086,0,0,4112314368,0,939732992,0
200,1788378414003,3191,3191,15.789472579956055,15.789472579956055,0,156340.8607788086,0,0,4112314368,0,939732992,0
200,1788378414204,3191,3191,14.285715103149414,10,0,156341.32196044922,0,0,4112314368,0,939732992,0
200,1788378414404,3191,3191,5.263157844543457,9.523809432983398,0,156341.32196044922,0,0,4112314368,0,939732992,0
200,1788378414604,3191,3191,22.72727394104004,14.285715103149414,0,156341.32196044922,0,0,4112314368,0,939732992,0
200,1788378414804,3191,3191,22.72727394104004,5.555555820465088,0,156341.32196044922,0,0,4112314368,0,939732992,0
200,1788378415004,3191,3191,9.523809432983398,14.285715103149414,0,156341.32196044922,0,0,4112314368,0,939732992,0
200,1788378415204,3191,3191,19.047618865966797,10.526315689086914,0,156341.6821899414,0,0,4112314368,0,939732992,0
200,1788378415404,3191,3191,14.285715103149414,18.18181800842285,0,156341.6821899414,0,0,4112314368,0,939732992,0
200,1788378415604,3191,3191,10.526315689086914,10,0,156341.6821899414,0,0,4112314368,0,939732992,0
200,1788378415804,3191,3191,19.047618865966797,15.000000953674316,0,156341.6821899414,0,0,4112314368,0,939732992,0
200,1788378416005,3191,3191,10,18.18181800842285,0,156341.6821899414,0,0,4112314368,0,939732992,0
200,1788378416205,3191,3191,15.000000953674316,10.526315689086914,0,156342.42901611328,0,0,4112314368,0,939732992,0
200,1788378416405,3191,3191,5.263157844543457,10,0,156342.42901611328,0,0,4112314368,0,939732992,0
200,1788378416605,3191,3191,10.526315689086914,15.000000953674316,0,156342.42901611328,0,0,4112314368,0,939732992,0
200,1788378416805,3191,3191,19.047618865966797,15.000000953674316,0,156342.42901611328,0,0,4112314368,0,939732992,0
200,1788378417005,3191,3191,45,15.789472579956055,0,156342.42901611328,0,0,4112314368,0,939732992,0
200,1788378417206,3191,3191,18.18181800842285,10,0,156343.01611328125,0,0,4112314368,0,939732992,0
200,1788378417406,3191,3191,10.526315689086914,21.7391300201416,0,156343.01611328125,0,0,4112314368,0,939732992,0
200,1788378417606,3191,3191,10.526315689086914,10,0,156343.01611328125,0,0,4112314368,0,939732992,0
200,1788378417806,3191,3191,10,10,0,156343.01611328125,0,0,4112314368,0,939732992,0
200,1788378418006,3191,3191,10.526315689086914,10.526315689086914,0,156343.01611328125,0,0,4112314368,0,939732992,0
200,1788378418206,3191,3191,19.047618865966797,21.7391300201416,0,156343.38012695313,0,0,4112314368,0,939732992,0
200,1788378418407,3191,3191,14.285715103149414,9.523809432983398,0,156343.38012695313,0,0,4112314368,0,939732992,0
200,1788378418607,3191,3191,10,15.000000953674316,0,156343.38012695313,0,0,4112314368,0,939732992,0
200,1788378418807,3191,3191,10.526315689086914,18.18181800842285,0,156343.38012695313,0,0,4112314368,0,939732992,0
200,1788378419007,3191,3191,5,21.7391300201416,0,156343.38012695313,0,0,4112314368,0,939732992,0
200,1788378419208,3191,3191,22.72727394104004,5.263157844543457,0,156343.72314453125,0,0,4112314368,0,939732992,0
200,1788378419408,3191,3191,19.047618865966797,15.000000953674316,0,156343.72314453125,0,0,4112314368,0,939732992,0
200,1788378419608,3191,3191,15.000000953674316,19.047618865966797,0,156343.72314453125,0,0,4112314368,0,939732992,0
200,1788378419808,3191,3191,14.285715103149414,5.263157844543457,0,156343.72314453125,0,0,4112314368,0,939732992,0
200,1788378420008,3191,3191,18.18181800842285,10,0,156343.72314453125,0,0,4112314368,0,939732992,0
200,1788378420208,3191,3191,19.047618865966797,19.047618865966797,0,156344.14752197266,0,0,4112314368,0,939732992,0
200,1788378420409,3191,3191,14.285715103149414,14.285715103149414,0,156344.14752197266,0,0,4112314368,0,939732992,0
200,1788378420609,3191,3191,10.526315689086914,5.263157844543457,0,156344.14752197266,0,0,4112314368,0,939732992,0
200,1788378420809,3191,3191,19.047618865966797,5.263157844543457,0,156344.14752197266,0,0,4112314368,0,939732992,0
200,1788378421009,3191,3191,10,10,0,156344.14752197266,0,0,4112314368,0,939732992,0
200,1788378421209,3191,3191,23.809524536132813,20,0,156344.5463256836,0,0,4112314368,0,939732992,0
200,1788378421410,3191,3191,9.523809432983398,9.523809432983398,0,156344.5463256836,0,0,4112314368,0,939732992,0
200,1788378421610,3191,3191,15.000000953674316,15.000000953674316,0,156344.5463256836,0,0,4112314368,0,939732992,0
200,1788378421810,3191,3191,19.047618865966797,10.526315689086914,0,156344.5463256836,0,0,4112314368,0,939732992,0
200,1788378422010,3191,3191,14.285715103149414,10,0,156344.5463256836,0,0,4112314368,0,939732992,0
200,1788378422210,3191,3191,5.555555820465088,20.833332061767578,0,156344.92114257813,0,0,4112314368,0,939732992,0
200,1788378422410,3191,3191,18.18181800842285,15.000000953674316,0,156344.92114257813,0,0,4112314368,0,939732992,0
200,1788378422611,3191,3191,22.72727394104004,10,0,156344.92114257813,0,0,4112314368,0,939732992,0
200,1788378422811,3191,3191,10,14.285715103149414,0,156344.92114257813,0,0,4112314368,0,939732992,0
200,1788378423011,3191,3191,19.047618865966797,11.111111640930176,0,156344.92114257813,0,0,4112314368,0,939732992,0
200,1788378423212,3191,3191,14.285715103149414,18.18181800842285,0,156345.3383178711,0,0,4112314368,0,939732992,0
200,1788378423412,3191,3191,9.523809432983398,10,0,156345.3383178711,0,0,4112314368,0,939732992,0
200,1788378423612,3191,3191,15.789472579956055,22.72727394104004,0,156345.3383178711,0,0,4112314368,0,939732992,0
200,1788378423812,3191,3191,18.18181800842285,14.285715103149414,0,156345.3383178711,0,0,4112314368,0,939732992,0
200,1788378424012,3191,3191,5,5,0,156345.3383178711,0,0,4112314368,0,939732992,0
200,1788378424212,3191,3191,19.047618865966797,15.000000953674316,0,156345.7494506836,0,0,4112314368,0,939732992,0
200,1788378424412,3191,3191,15.789472579956055,19.047618865966797,0,156345.7494506836,0,0,4112314368,0,939732992,0
200,1788378424612,3191,3191,10,18.18181800842285,0,156345.7494506836,0,0,4112314368,0,939732992,0
200,1788378424812,3191,3191,19.047618865966797,10,0,156345.7494506836,0,0,4112314368,0,939732992,0
200,1788378425012,3191,3191,18.18181800842285,0,0,156345.7494506836,0,0,4112314368,0,939732992,0
200,1788378425213,3191,3191,5.263157844543457,13.636363983154297,0,156346.11590576172,0,0,4112314368,0,939732992,0
200,1788378425413,3191,3191,28.571430206298828,50,0,156346.11590576172,0,0,4112314368,0,939732992,0
200,1788378425613,3191,3191,10.526315689086914,19.047618865966797,0,156346.11590576172,0,0,4112314368,0,939732992,0
200,1788378425813,3191,3191,10.526315689086914,19.047618865966797,0,156346.11590576172,0,0,4112314368,0,939732992,0
200,1788378426013,3191,3191,9.090909004211426,5.263157844543457,0,156346.11590576172,0,0,4112314368,0,939732992,0
200,1788378426213,3191,3191,10,14.285715103149414,0,156346.7938232422,0,0,4112314368,0,939732992,0
200,1788378426414,3191,3191,20,15.789472579956055,0,156346.7938232422,0,0,4112314368,0,939732992,0
200,1788378426614,3191,3191,5.263157844543457,9.523809432983398,0,156346.7938232422,0,0,4112314368,0,939732992,0
200,1788378426814,3191,3191,14.285715103149414,15.000000953674316,0,156346.7938232422,0,0,4112314368,0,939732992,0
200,1788378427014,3191,3191,15.000000953674316,15.000000953674316,0,156346.7938232422,0,0,4112314368,0,939732992,0
200,1788378427214,3191,3191,18.18181800842285,10,0,156347.521484375,0,0,4112314368,0,939732992,0
200,1788378427414,3191,3191,15.000000953674316,5.555555820465088,0,156347.521484375,0,0,4112314368,0,939732992,0
200,1788378427614,3191,3191,10,14.285715103149414,0,156347.521484375,0,0,4112314368,0,939732992,0
200,1788378427814,3191,3191,19.047618865966797,15.000000953674316,0,156347.521484375,0,0,4112314368,0,939732992,0
200,1788378428014,3191,3191,10,19.047618865966797,0,156347.521484375,0,0,4112314368,0,939732992,0
200,1788378428215,3191,3191,10,5.263157844543457,0,156347.8624267578,0,0,4112314368,0,939732992,0
200,1788378428415,3191,3191,22.72727394104004,18.18181800842285,0,156347.8624267578,0,0,4112314368,0,939732992,0
200,1788378428615,3191,3191,14.285715103149414,18.18181800842285,0,156347.8624267578,0,0,4112314368,0,939732992,0
200,1788378428816,3191,3191,21.7391300201416,15.000000953674316,0,156347.8624267578,0,0,4112314368,0,939732992,0
200,1788378429016,3191,3191,10.526315689086914,15.000000953674316,0,156347.8624267578,0,0,4112314368,0,939732992,0
0,1788378429216,3191,3191,15.000000953674316,21.7391300201416,0,156348.2559814453,0,0,4112314368,0,939732992,0
