Delta,Time,CPU_FREQUENCY_0,CPU_FREQUENCY_1,CPU_USAGE_0,CPU_USAGE_1,DRAM_ENERGY (J),PACKAGE_ENERGY (J),PP0_ENERGY (J),PP1_ENERGY (J),TOTAL_MEMORY,TOTAL_SWAP,USED_MEMORY,USED_SWAP
0,1788374300641,3191,3191,9.090909004211426,4.761904716491699,0,155848.97009277344,0,0,4112314368,0,380133376,0
200,1788374300641,3191,3191,9.090909004211426,4.761904716491699,0,155848.97009277344,0,0,4112314368,0,380133376,0
200,1788374300841,3191,3191,0,0,0,155848.97009277344,0,0,4112314368,0,380182528,0
200,1788374301042,3191,3191,0,0,0,155848.99151611328,0,0,4112314368,0,380182528,0
200,1788374301242,3191,3191,0,0,0,155848.99151611328,0,0,4112314368,0,380182528,0
200,1788374301442,3191,3191,0,0,0,155848.99151611328,0,0,4112314368,0,380182528,0
200,1788374301643,3191,3191,0,0,0,155848.99151611328,0,0,4112314368,0,380182528,0
200,1788374301843,3191,3191,0,0,0,155848.99151611328,0,0,4112314368,0,380182528,0
200,1788374302043,3191,3191,4.761904716491699,0,0,155848.99755859375,0,0,4112314368,0,380182528,0
200,1788374302244,3191,3191,0,0,0,155848.99755859375,0,0,4112314368,0,380182528,0
200,1788374302444,3191,3191,0,0,0,155848.99755859375,0,0,4112314368,0,380182528,0
200,1788374302645,3191,3191,0,0,0,155848.99755859375,0,0,4112314368,0,380182528,0
200,1788374302845,3191,3191,0,0,0,155848.99755859375,0,0,4112314368,0,380182528,0
200,1788374303045,3191,3191,0,0,0,155848.99755859375,0,0,4112314368,0,380182528,0
200,1788374303245,3191,3191,0,0,0,155848.99755859375,0,0,4112314368,0,380182528,0
200,1788374303446,3191,3191,0,0,0,155848.99755859375,0,0,4112314368,0,380182528,0
200,1788374303646,3191,3191,0,0,0,155848.99755859375,0,0,4112314368,0,380182528,0
200,1788374303846,3191,3191,0,0,0,155848.99755859375,0,0,4112314368,0,380182528,0
200,1788374304046,3191,3191,0,0,0,155848.99755859375,0,0,4112314368,0,380182528,0
200,1788374304247,3191,3191,0,0,0,155848.99755859375,0,0,4112314368,0,380182528,0
200,1788374304447,3191,3191,0,0,0,155848.99755859375,0,0,4112314368,0,380182528,0
200,1788374304647,3191,3191,0,0,0,155848.99755859375,0,0,4112314368,0,380182528,0
200,1788374304848,3191,3191,0,0,0,155848.99755859375,0,0,4112314368,0,380182528,0
200,1788374305048,3191,3191,0,0,0,155849.00360107422,0,0,4112314368,0,380182528,0
200,1788374305249,3191,3191,0,0,0,155849.00360107422,0,0,4112314368,0,380182528,0
200,1788374305449,3191,3191,0,0,0,155849.00360107422,0,0,4112314368,0,380182528,0
200,1788374305649,3191,3191,0,0,0,155849.00360107422,0,0,4112314368,0,380182528,0
200,1788374305849,3191,3191,0,0,0,155849.00360107422,0,0,4112314368,0,380182528,0
200,1788374306049,3191,3191,0,0,0,155849.00360107422,0,0,4112314368,0,380182528,0
200,1788374306250,3191,3191,0,0,0,155849.00360107422,0,0,4112314368,0,380182528,0
200,1788374306450,3191,3191,0,0,0,155849.00360107422,0,0,4112314368,0,380182528,0
200,1788374306650,3191,3191,0,0,0,155849.00360107422,0,0,4112314368,0,380182528,0
200,1788374306850,3191,3191,0,0,0,155849.00360107422,0,0,4112314368,0,380182528,0
200,1788374307051,3191,3191,0,0,0,155849.00360107422,0,0,4112314368,0,380182528,0
200,1788374307251,3191,3191,0,0,0,155849.00360107422,0,0,4112314368,0,380182528,0
200,1788374307452,3191,3191,0,4.761904716491699,0,155849.00360107422,0,0,4112314368,0,380182528,0
200,1788374307652,3191,3191,0,0,0,155849.00360107422,0,0,4112314368,0,380182528,0
200,1788374307852,3191,3191,0,0,0,155849.00360107422,0,0,4112314368,0,380182528,0
200,1788374308053,3191,3191,0,0,0,155849.00360107422,0,0,4112314368,0,380182528,0
200,1788374308253,3191,3191,0,0,0,155849.00360107422,0,0,4112314368,0,380182528,0
200,1788374308453,3191,3191,0,0,0,155849.00360107422,0,0,4112314368,0,380182528,0
200,1788374308653,3191,3191,0,0,0,155849.00360107422,0,0,4112314368,0,380182528,0
200,1788374308854,3191,3191,0,0,0,155849.00360107422,0,0,4112314368,0,380182528,0
200,1788374309054,3191,3191,0,0,0,155849.01904296875,0,0,4112314368,0,380182528,0
200,1788374309254,3191,3191,0,0,0,155849.01904296875,0,0,4112314368,0,380182528,0
200,1788374309455,3191,3191,0,0,0,155849.01904296875,0,0,4112314368,0,380182528,0
200,1788374309655,3191,3191,0,0,0,155849.01904296875,0,0,4112314368,0,380182528,0
200,1788374309856,3191,3191,0,0,0,155849.01904296875,0,0,4112314368,0,380182528,0
200,1788374310056,3191,3191,0,0,0,155849.01904296875,0,0,4112314368,0,380182528,0
200,1788374310256,3191,3191,0,0,0,155849.01904296875,0,0,4112314368,0,380182528,0
200,1788374310456,3191,3191,0,0,0,155849.01904296875,0,0,4112314368,0,380182528,0
200,1788374310657,3191,3191,0,0,0,155849.01904296875,0,0,4112314368,0,380182528,0
200,1788374310857,3191,3191,0,0,0,155849.01904296875,0,0,4112314368,0,380182528,0
200,1788374311057,3191,3191,0,0,0,155849.01904296875,0,0,4112314368,0,380182528,0
200,1788374311257,3191,3191,0,0,0,155849.01904296875,0,0,4112314368,0,380182528,0
200,1788374311458,3191,3191,0,0,0,155849.01904296875,0,0,4112314368,0,380182528,0
200,1788374311658,3191,3191,0,0,0,155849.01904296875,0,0,4112314368,0,380182528,0
200,1788374311858,3191,3191,0,0,0,155849.01904296875,0,0,4112314368,0,380182528,0
200,1788374312059,3191,3191,0,0,0,155849.02502441406,0,0,4112314368,0,380182528,0
200,1788374312259,3191,3191,0,0,0,155849.02502441406,0,0,4112314368,0,380182528,0
200,1788374312459,3191,3191,0,0,0,155849.02502441406,0,0,4112314368,0,380182528,0
200,1788374312660,3191,3191,4.761904716491699,0,0,155849.02502441406,0,0,4112314368,0,380182528,0
200,1788374312860,3191,3191,0,0,0,155849.02502441406,0,0,4112314368,0,380182528,0
200,1788374313060,3191,3191,0,0,0,155849.02502441406,0,0,4112314368,0,380182528,0
200,1788374313261,3191,3191,0,0,0,155849.02502441406,0,0,4112314368,0,380182528,0
200,1788374313461,3191,3191,0,0,0,155849.02502441406,0,0,4112314368,0,380182528,0
200,1788374313661,3191,3191,0,0,0,155849.02502441406,0,0,4112314368,0,380182528,0
200,1788374313861,3191,3191,0,0,0,155849.02502441406,0,0,4112314368,0,380182528,0
200,1788374314061,3191,3191,0,0,0,155849.02502441406,0,0,4112314368,0,380182528,0
200,1788374314261,3191,3191,0,0,0,155849.02502441406,0,0,4112314368,0,380182528,0
200,1788374314462,3191,3191,0,0,0,155849.02502441406,0,0,4112314368,0,380182528,0
200,1788374314662,3191,3191,0,0,0,155849.02502441406,0,0,4112314368,0,380182528,0
200,1788374314862,3191,3191,0,0,0,155849.02502441406,0,0,4112314368,0,380182528,0
200,1788374315062,3191,3191,0,0,0,155849.04333496094,0,0,4112314368,0,380182528,0
200,1788374315262,3191,3191,0,0,0,155849.04333496094,0,0,4112314368,0,380182528,0
200,1788374315463,3191,3191,0,0,0,155849.04333496094,0,0,4112314368,0,380182528,0
200,1788374315663,3191,3191,0,0,0,155849.04333496094,0,0,4112314368,0,380182528,0
200,1788374315863,3191,3191,0,0,0,155849.04333496094,0,0,4112314368,0,380182528,0
200,1788374316063,3191,3191,0,0,0,155849.04333496094,0,0,4112314368,0,380182528,0
200,1788374316264,3191,3191,0,0,0,155849.04333496094,0,0,4112314368,0,380182528,0
200,1788374316464,3191,3191,0,0,0,155849.04333496094,0,0,4112314368,0,380182528,0
200,1788374316664,3191,3191,0,0,0,155849.04333496094,0,0,4112314368,0,380182528,0
200,1788374316864,3191,3191,0,0,0,155849.04333496094,0,0,4112314368,0,380182528,0
200,1788374317065,3191,3191,0,0,0,155849.04333496094,0,0,4112314368,0,380182528,0
200,1788374317265,3191,3191,0,0,0,155849.04333496094,0,0,4112314368,0,380182528,0
200,1788374317465,3191,3191,0,0,0,155849.04333496094,0,0,4112314368,0,380182528,0
200,1788374317665,3191,3191,0,0,0,155849.04333496094,0,0,4112314368,0,380182528,0
200,1788374317866,3191,3191,0,0,0,155849.04333496094,0,0,4112314368,0,380182528,0
200,1788374318066,3191,3191,0,0,0,155849.04333496094,0,0,4112314368,0,380182528,0
200,1788374318266,3191,3191,0,0,0,155849.04333496094,0,0,4112314368,0,380182528,0
200,1788374318467,3191,3191,0,0,0,155849.04333496094,0,0,4112314368,0,380182528,0
200,1788374318667,3191,3191,0,0,0,155849.04333496094,0,0,4112314368,0,380182528,0
200,1788374318867,3191,3191,0,0,0,155849.04333496094,0,0,4112314368,0,380182528,0
200,1788374319068,3191,3191,0,0,0,155849.04333496094,0,0,4112314368,0,380182528,0
200,1788374319268,3191,3191,0,0,0,155849.04333496094,0,0,4112314368,0,380182528,0
200,1788374319468,3191,3191,0,0,0,155849.04333496094,0,0,4112314368,0,380182528,0
200,1788374319669,3191,3191,0,0,0,155849.04333496094,0,0,4112314368,0,380182528,0
200,1788374319869,3191,3191,0,0,0,155849.04333496094,0,0,4112314368,0,380182528,0
200,1788374320069,3191,3191,0,0,0,155849.06225585938,0,0,4112314368,0,380182528,0
200,1788374320269,3191,3191,0,0,0,155849.06225585938,0,0,4112314368,0,380182528,0
200,1788374320470,3191,3191,0,0,0,155849.06225585938,0,0,4112314368,0,380182528,0
200,1788374320670,3191,3191,0,0,0,155849.06225585938,0,0,4112314368,0,380182528,0
200,1788374320870,3191,3191,0,0,0,155849.06225585938,0,0,4112314368,0,380182528,0
200,1788374321070,3191,3191,0,0,0,155849.06225585938,0,0,4112314368,0,380182528,0
200,1788374321271,3191,3191,0,0,0,155849.06225585938,0,0,4112314368,0,380182528,0
200,1788374321471,3191,3191,0,4.761904716491699,0,155849.06225585938,0,0,4112314368,0,380182528,0
200,1788374321671,3191,3191,0,0,0,155849.06225585938,0,0,4112314368,0,380182528,0
200,1788374321872,3191,3191,0,0,0,155849.06225585938,0,0,4112314368,0,380182528,0
200,1788374322072,3191,3191,0,0,0,155849.06225585938,0,0,4112314368,0,380182528,0
200,1788374322272,3191,3191,0,0,0,155849.06225585938,0,0,4112314368,0,380182528,0
200,1788374322473,3191,3191,0,0,0,155849.06225585938,0,0,4112314368,0,380182528,0
200,1788374322673,3191,3191,0,0,0,155849.06225585938,0,0,4112314368,0,380182528,0
200,1788374322873,3191,3191,0,0,0,155849.06225585938,0,0,4112314368,0,380182528,0
200,1788374323073,3191,3191,0,0,0,155849.07470703125,0,0,4112314368,0,380182528,0
200,1788374323273,3191,3191,0,0,0,155849.07470703125,0,0,4112314368,0,380182528,0
200,1788374323474,3191,3191,0,0,0,155849.07470703125,0,0,4112314368,0,380182528,0
200,1788374323674,3191,3191,0,0,0,155849.07470703125,0,0,4112314368,0,380182528,0
200,1788374323874,3191,3191,0,0,0,155849.07470703125,0,0,4112314368,0,380182528,0
200,1788374324075,3191,3191,0,0,0,155849.07470703125,0,0,4112314368,0,380182528,0
200,1788374324275,3191,3191,0,0,0,155849.07470703125,0,0,4112314368,0,380182528,0
200,1788374324475,3191,3191,4.761904716491699,4.761904716491699,0,155849.07470703125,0,0,4112314368,0,380182528,0
200,1788374324676,3191,3191,0,0,0,155849.07470703125,0,0,4112314368,0,380182528,0
200,1788374324876,3191,3191,0,0,0,155849.07470703125,0,0,4112314368,0,380182528,0
200,1788374325076,3191,3191,0,0,0,155849.08715820313,0,0,4112314368,0,380182528,0
200,1788374325276,3191,3191,0,0,0,155849.08715820313,0,0,4112314368,0,380182528,0
200,1788374325477,3191,3191,0,0,0,155849.08715820313,0,0,4112314368,0,380182528,0
200,1788374325677,3191,3191,0,0,0,155849.08715820313,0,0,4112314368,0,380182528,0
200,1788374325877,3191,3191,0,0,0,155849.08715820313,0,0,4112314368,0,380182528,0
200,1788374326077,3191,3191,0,0,0,155849.08715820313,0,0,4112314368,0,380182528,0
200,1788374326277,3191,3191,0,0,0,155849.08715820313,0,0,4112314368,0,380182528,0
200,1788374326477,3191,3191,0,0,0,155849.08715820313,0,0,4112314368,0,380182528,0
200,1788374326678,3191,3191,0,0,0,155849.08715820313,0,0,4112314368,0,380182528,0
200,1788374326878,3191,3191,0,0,0,155849.08715820313,0,0,4112314368,0,380182528,0
200,1788374327078,3191,3191,0,0,0,155849.08715820313,0,0,4112314368,0,380182528,0
200,1788374327278,3191,3191,0,0,0,155849.08715820313,0,0,4112314368,0,380182528,0
200,1788374327479,3191,3191,0,0,0,155849.08715820313,0,0,4112314368,0,380182528,0
200,1788374327679,3191,3191,0,0,0,155849.08715820313,0,0,4112314368,0,380182528,0
200,1788374327879,3191,3191,0,0,0,155849.08715820313,0,0,4112314368,0,380182528,0
200,1788374328080,3191,3191,0,0,0,155849.08715820313,0,0,4112314368,0,380182528,0
200,1788374328280,3191,3191,0,0,0,155849.08715820313,0,0,4112314368,0,380182528,0
200,1788374328480,3191,3191,0,0,0,155849.08715820313,0,0,4112314368,0,380182528,0
200,1788374328681,3191,3191,0,0,0,155849.08715820313,0,0,4112314368,0,380182528,0
200,1788374328881,3191,3191,0,0,0,155849.08715820313,0,0,4112314368,0,380182528,0
200,1788374329081,3191,3191,0,0,0,155849.08715820313,0,0,4112314368,0,380182528,0
200,1788374329281,3191,3191,0,0,0,155849.08715820313,0,0,4112314368,0,380182528,0
200,1788374329481,3191,3191,0,0,0,155849.08715820313,0,0,4112314368,0,380182528,0
200,1788374329681,3191,3191,0,0,0,155849.08715820313,0,0,4112314368,0,380182528,0
200,1788374329882,3191,3191,0,0,0,155849.08715820313,0,0,4112314368,0,380182528,0
200,1788374330082,3191,3191,0,0,0,155849.08715820313,0,0,4112314368,0,380182528,0
200,1788374330282,3191,3191,0,0,0,155849.08715820313,0,0,4112314368,0,380182528,0
200,1788374330483,3191,3191,0,0,0,155849.08715820313,0,0,4112314368,0,380182528,0
200,1788374330683,3191,3191,0,0,0,155849.08715820313,0,0,4112314368,0,380174336,0
200,1788374330884,3191,3191,0,0,0,155849.08715820313,0,0,4112314368,0,380174336,0
200,1788374331084,3191,3191,0,0,0,155849.08715820313,0,0,4112314368,0,380174336,0
200,1788374331284,3191,3191,0,0,0,155849.08715820313,0,0,4112314368,0,380174336,0
200,1788374331485,3191,3191,0,0,0,155849.08715820313,0,0,4112314368,0,380174336,0
200,1788374331685,3191,3191,0,0,0,155849.08715820313,0,0,4112314368,0,380174336,0
200,1788374331885,3191,3191,0,0,0,155849.08715820313,0,0,4112314368,0,380174336,0
200,1788374332085,3191,3191,0,0,0,155849.11865234375,0,0,4112314368,0,380174336,0
200,1788374332285,3191,3191,0,0,0,155849.11865234375,0,0,4112314368,0,380174336,0
200,1788374332485,3191,3191,0,0,0,155849.11865234375,0,0,4112314368,0,380174336,0
200,1788374332686,3191,3191,0,0,0,155849.11865234375,0,0,4112314368,0,380174336,0
200,1788374332886,3191,3191,0,0,0,155849.11865234375,0,0,4112314368,0,380174336,0
200,1788374333086,3191,3191,0,0,0,155849.11865234375,0,0,4112314368,0,380174336,0
200,1788374333286,3191,3191,0,0,0,155849.11865234375,0,0,4112314368,0,380174336,0
200,1788374333487,3191,3191,0,0,0,155849.11865234375,0,0,4112314368,0,380174336,0
200,1788374333687,3191,3191,0,0,0,155849.11865234375,0,0,4112314368,0,380174336,0
200,1788374333887,3191,3191,0,0,0,155849.11865234375,0,0,4112314368,0,380174336,0
200,1788374334088,3191,3191,0,0,0,155849.11865234375,0,0,4112314368,0,380174336,0
200,1788374334288,3191,3191,0,0,0,155849.11865234375,0,0,4112314368,0,380174336,0
200,1788374334489,3191,3191,0,0,0,155849.11865234375,0,0,4112314368,0,380174336,0
200,1788374334689,3191,3191,0,0,0,155849.11865234375,0,0,4112314368,0,380174336,0
200,1788374334889,3191,3191,0,0,0,155849.11865234375,0,0,4112314368,0,380174336,0
200,1788374335089,3191,3191,0,0,0,155849.11865234375,0,0,4112314368,0,380174336,0
200,1788374335290,3191,3191,0,0,0,155849.11865234375,0,0,4112314368,0,380174336,0
200,1788374335490,3191,3191,0,0,0,155849.11865234375,0,0,4112314368,0,380174336,0
200,1788374335690,3191,3191,0,0,0,155849.11865234375,0,0,4112314368,0,380174336,0
200,1788374335890,3191,3191,0,0,0,155849.11865234375,0,0,4112314368,0,380174336,0
200,1788374336091,3191,3191,0,0,0,155849.11865234375,0,0,4112314368,0,380174336,0
200,1788374336291,3191,3191,0,0,0,155849.11865234375,0,0,4112314368,0,380174336,0
200,1788374336491,3191,3191,0,0,0,155849.11865234375,0,0,4112314368,0,380174336,0
200,1788374336691,3191,3191,0,0,0,155849.11865234375,0,0,4112314368,0,380174336,0
200,1788374336892,3191,3191,0,0,0,155849.11865234375,0,0,4112314368,0,380174336,0
200,1788374337092,3191,3191,0,0,0,155849.1593017578,0,0,4112314368,0,380174336,0
200,1788374337292,3191,3191,0,0,0,155849.1593017578,0,0,4112314368,0,380174336,0
200,1788374337493,3191,3191,0,0,0,155849.1593017578,0,0,4112314368,0,380174336,0
200,1788374337693,3191,3191,0,0,0,155849.1593017578,0,0,4112314368,0,380174336,0
200,1788374337893,3191,3191,0,4.761904716491699,0,155849.1593017578,0,0,4112314368,0,380174336,0
200,1788374338093,3191,3191,0,0,0,155849.1593017578,0,0,4112314368,0,380174336,0
200,1788374338293,3191,3191,0,0,0,155849.1593017578,0,0,4112314368,0,380174336,0
200,1788374338494,3191,3191,0,0,0,155849.1593017578,0,0,4112314368,0,380174336,0
200,1788374338694,3191,3191,0,0,0,155849.1593017578,0,0,4112314368,0,380174336,0
200,1788374338894,3191,3191,0,0,0,155849.1593017578,0,0,4112314368,0,380174336,0
200,1788374339095,3191,3191,0,0,0,155849.1593017578,0,0,4112314368,0,380174336,0
200,1788374339295,3191,3191,0,0,0,155849.1593017578,0,0,4112314368,0,380174336,0
200,1788374339496,3191,3191,0,0,0,155849.1593017578,0,0,4112314368,0,380174336,0
200,1788374339696,3191,3191,0,0,0,155849.1593017578,0,0,4112314368,0,380174336,0
200,1788374339896,3191,3191,0,0,0,155849.1593017578,0,0,4112314368,0,380174336,0
200,1788374340096,3191,3191,0,0,0,155849.1593017578,0,0,4112314368,0,380174336,0
200,1788374340297,3191,3191,0,0,0,155849.1593017578,0,0,4112314368,0,380174336,0
200,1788374340497,3191,3191,0,0,0,155849.1593017578,0,0,4112314368,0,380174336,0
200,1788374340697,3191,3191,0,0,0,155849.1593017578,0,0,4112314368,0,380174336,0
200,1788374340897,3191,3191,0,0,0,155849.1593017578,0,0,4112314368,0,380174336,0
200,1788374341098,3191,3191,0,0,0,155849.17907714844,0,0,4112314368,0,380174336,0
200,1788374341298,3191,3191,0,0,0,155849.17907714844,0,0,4112314368,0,380174336,0
200,1788374341498,3191,3191,0,0,0,155849.17907714844,0,0,4112314368,0,380174336,0
200,1788374341699,3191,3191,0,0,0,155849.17907714844,0,0,4112314368,0,380174336,0
200,1788374341899,3191,3191,0,0,0,155849.17907714844,0,0,4112314368,0,380174336,0
200,1788374342099,3191,3191,0,0,0,155849.17907714844,0,0,4112314368,0,380174336,0
200,1788374342300,3191,3191,0,0,0,155849.17907714844,0,0,4112314368,0,380174336,0
200,1788374342500,3191,3191,0,0,0,155849.17907714844,0,0,4112314368,0,380174336,0
199,1788374342701,3191,3191,0,0,0,155849.17907714844,0,0,4112314368,0,380174336,0
200,1788374342901,3191,3191,0,0,0,155849.17907714844,0,0,4112314368,0,380174336,0
200,1788374343101,3191,3191,0,0,0,155849.18579101563,0,0,4112314368,0,380174336,0
200,1788374343301,3191,3191,0,0,0,155849.18579101563,0,0,4112314368,0,380174336,0
200,1788374343501,3191,3191,0,0,0,155849.18579101563,0,0,4112314368,0,380174336,0
200,1788374343701,3191,3191,0,0,0,155849.18579101563,0,0,4112314368,0,380174336,0
200,1788374343902,3191,3191,0,0,0,155849.18579101563,0,0,4112314368,0,380174336,0
200,1788374344102,3191,3191,0,0,0,155849.18579101563,0,0,4112314368,0,380174336,0
200,1788374344302,3191,3191,0,0,0,155849.18579101563,0,0,4112314368,0,380174336,0
200,1788374344503,3191,3191,0,0,0,155849.18579101563,0,0,4112314368,0,380174336,0
200,1788374344703,3191,3191,0,0,0,155849.18579101563,0,0,4112314368,0,380174336,0
200,1788374344903,3191,3191,0,4.761904716491699,0,155849.18579101563,0,0,4112314368,0,380174336,0
200,1788374345104,3191,3191,0,0,0,155849.18579101563,0,0,4112314368,0,380174336,0
200,1788374345304,3191,3191,0,0,0,155849.18579101563,0,0,4112314368,0,380174336,0
200,1788374345504,3191,3191,0,0,0,155849.18579101563,0,0,4112314368,0,380174336,0
200,1788374345705,3191,3191,0,0,0,155849.18579101563,0,0,4112314368,0,380174336,0
200,1788374345905,3191,3191,0,0,0,155849.18579101563,0,0,4112314368,0,380174336,0
200,1788374346105,3191,3191,0,0,0,155849.20776367188,0,0,4112314368,0,380174336,0
200,1788374346305,3191,3191,0,0,0,155849.20776367188,0,0,4112314368,0,380174336,0
200,1788374346505,3191,3191,0,0,0,155849.20776367188,0,0,4112314368,0,380174336,0
200,1788374346706,3191,3191,0,0,0,155849.20776367188,0,0,4112314368,0,380174336,0
200,1788374346906,3191,3191,0,0,0,155849.20776367188,0,0,4112314368,0,380174336,0
200,1788374347106,3191,3191,0,0,0,155849.20776367188,0,0,4112314368,0,380174336,0
200,1788374347306,3191,3191,0,0,0,155849.20776367188,0,0,4112314368,0,380174336,0
200,1788374347507,3191,3191,0,0,0,155849.20776367188,0,0,4112314368,0,380174336,0
200,1788374347707,3191,3191,0,0,0,155849.20776367188,0,0,4112314368,0,380174336,0
200,1788374347908,3191,3191,0,0,0,155849.20776367188,0,0,4112314368,0,380174336,0
200,1788374348108,3191,3191,0,0,0,155849.20776367188,0,0,4112314368,0,380174336,0
200,1788374348308,3191,3191,0,0,0,155849.20776367188,0,0,4112314368,0,380174336,0
200,1788374348509,3191,3191,0,0,0,155849.20776367188,0,0,4112314368,0,380174336,0
200,1788374348709,3191,3191,0,0,0,155849.20776367188,0,0,4112314368,0,380174336,0
200,1788374348909,3191,3191,0,0,0,155849.20776367188,0,0,4112314368,0,380174336,0
200,1788374349109,3191,3191,0,0,0,155849.20776367188,0,0,4112314368,0,380174336,0
200,1788374349310,3191,3191,0,0,0,155849.20776367188,0,0,4112314368,0,380174336,0
200,1788374349510,3191,3191,0,0,0,155849.20776367188,0,0,4112314368,0,380174336,0
200,1788374349710,3191,3191,0,0,0,155849.20776367188,0,0,4112314368,0,380174336,0
200,1788374349911,3191,3191,0,0,0,155849.20776367188,0,0,4112314368,0,380174336,0
200,1788374350111,3191,3191,0,0,0,155849.20776367188,0,0,4112314368,0,380174336,0
200,1788374350311,3191,3191,0,4.761904716491699,0,155849.20776367188,0,0,4112314368,0,380174336,0
200,1788374350512,3191,3191,0,0,0,155849.20776367188,0,0,4112314368,0,380174336,0
200,1788374350712,3191,3191,0,0,0,155849.20776367188,0,0,4112314368,0,380174336,0
200,1788374350912,3191,3191,0,0,0,155849.20776367188,0,0,4112314368,0,380174336,0
200,1788374351113,3191,3191,0,0,0,155849.20776367188,0,0,4112314368,0,380174336,0
200,1788374351313,3191,3191,0,0,0,155849.20776367188,0,0,4112314368,0,380174336,0
200,1788374351513,3191,3191,0,0,0,155849.20776367188,0,0,4112314368,0,380174336,0
200,1788374351713,3191,3191,0,0,0,155849.20776367188,0,0,4112314368,0,380174336,0
200,1788374351914,3191,3191,0,0,0,155849.20776367188,0,0,4112314368,0,380174336,0
200,1788374352114,3191,3191,0,0,0,155849.20776367188,0,0,4112314368,0,380174336,0
200,1788374352314,3191,3191,0,0,0,155849.20776367188,0,0,4112314368,0,380174336,0
200,1788374352515,3191,3191,0,0,0,155849.20776367188,0,0,4112314368,0,380174336,0
200,1788374352715,3191,3191,0,0,0,155849.20776367188,0,0,4112314368,0,380174336,0
200,1788374352915,3191,3191,0,0,0,155849.20776367188,0,0,4112314368,0,380174336,0
200,1788374353116,3191,3191,0,0,0,155849.2455444336,0,0,4112314368,0,380174336,0
200,1788374353316,3191,3191,0,0,0,155849.2455444336,0,0,4112314368,0,380174336,0
200,1788374353516,3191,3191,0,0,0,155849.2455444336,0,0,4112314368,0,380174336,0
200,1788374353716,3191,3191,0,0,0,155849.2455444336,0,0,4112314368,0,380174336,0
200,1788374353917,3191,3191,0,0,0,155849.2455444336,0,0,4112314368,0,380174336,0
200,1788374354117,3191,3191,0,0,0,155849.2455444336,0,0,4112314368,0,380174336,0
200,1788374354317,3191,3191,0,0,0,155849.2455444336,0,0,4112314368,0,380174336,0
200,1788374354517,3191,3191,0,0,0,155849.2455444336,0,0,4112314368,0,380174336,0
200,1788374354717,3191,3191,0,0,0,155849.2455444336,0,0,4112314368,0,380174336,0
200,1788374354917,3191,3191,0,0,0,155849.2455444336,0,0,4112314368,0,380174336,0
200,1788374355118,3191,3191,0,0,0,155849.2455444336,0,0,4112314368,0,380174336,0
200,1788374355318,3191,3191,0,0,0,155849.2455444336,0,0,4112314368,0,380174336,0
200,1788374355518,3191,3191,0,0,0,155849.2455444336,0,0,4112314368,0,380174336,0
200,1788374355718,3191,3191,0,0,0,155849.2455444336,0,0,4112314368,0,380174336,0
200,1788374355918,3191,3191,0,0,0,155849.2455444336,0,0,4112314368,0,380174336,0
200,1788374356119,3191,3191,0,0,0,155849.2455444336,0,0,4112314368,0,380174336,0
200,1788374356319,3191,3191,0,0,0,155849.2455444336,0,0,4112314368,0,380174336,0
200,1788374356519,3191,3191,0,0,0,155849.2455444336,0,0,4112314368,0,380174336,0
200,1788374356720,3191,3191,0,0,0,155849.2455444336,0,0,4112314368,0,380174336,0
200,1788374356920,3191,3191,0,0,0,155849.2455444336,0,0,4112314368,0,380174336,0
200,1788374357120,3191,3191,0,0,0,155849.2455444336,0,0,4112314368,0,380174336,0
200,1788374357321,3191,3191,0,0,0,155849.2455444336,0,0,4112314368,0,380174336,0
200,1788374357521,3191,3191,0,0,0,155849.2455444336,0,0,4112314368,0,380174336,0
200,1788374357721,3191,3191,0,0,0,155849.2455444336,0,0,4112314368,0,380174336,0
200,1788374357921,3191,3191,0,0,0,155849.2455444336,0,0,4112314368,0,380174336,0
200,1788374358122,3191,3191,0,0,0,155849.26501464844,0,0,4112314368,0,380174336,0
200,1788374358322,3191,3191,0,0,0,155849.26501464844,0,0,4112314368,0,380174336,0
200,1788374358522,3191,3191,0,0,0,155849.26501464844,0,0,4112314368,0,380174336,0
200,1788374358723,3191,3191,0,0,0,155849.26501464844,0,0,4112314368,0,380174336,0
200,1788374358923,3191,3191,0,0,0,155849.26501464844,0,0,4112314368,0,380174336,0
200,1788374359123,3191,3191,0,0,0,155849.26501464844,0,0,4112314368,0,380174336,0
200,1788374359324,3191,3191,0,4.761904716491699,0,155849.26501464844,0,0,4112314368,0,380174336,0
200,1788374359524,3191,3191,0,0,0,155849.26501464844,0,0,4112314368,0,380174336,0
200,1788374359724,3191,3191,0,0,0,155849.26501464844,0,0,4112314368,0,380174336,0
200,1788374359925,3191,3191,0,0,0,155849.26501464844,0,0,4112314368,0,380174336,0
200,1788374360125,3191,3191,0,0,0,155849.28149414063,0,0,4112314368,0,380174336,0
200,1788374360325,3191,3191,0,0,0,155849.28149414063,0,0,4112314368,0,380174336,0
200,1788374360525,3191,3191,0,0,0,155849.28149414063,0,0,4112314368,0,380174336,0
200,1788374360726,3191,3191,0,0,0,155849.28149414063,0,0,4112314368,0,380174336,0
200,1788374360926,3191,3191,0,0,0,155849.28149414063,0,0,4112314368,0,380174336,0
200,1788374361126,3191,3191,0,0,0,155849.28149414063,0,0,4112314368,0,380174336,0
200,1788374361327,3191,3191,0,0,0,155849.28149414063,0,0,4112314368,0,380174336,0
200,1788374361527,3191,3191,0,0,0,155849.28149414063,0,0,4112314368,0,380174336,0
200,1788374361727,3191,3191,0,0,0,155849.28149414063,0,0,4112314368,0,380174336,0
200,1788374361927,3191,3191,0,0,0,155849.28149414063,0,0,4112314368,0,380174336,0
200,1788374362127,3191,3191,0,0,0,155849.28149414063,0,0,4112314368,0,380174336,0
200,1788374362328,3191,3191,0,0,0,155849.28149414063,0,0,4112314368,0,380174336,0
200,1788374362528,3191,3191,0,0,0,155849.28149414063,0,0,4112314368,0,380174336,0
200,1788374362728,3191,3191,0,0,0,155849.28149414063,0,0,4112314368,0,380174336,0
200,1788374362929,3191,3191,0,0,0,155849.28149414063,0,0,4112314368,0,380174336,0
200,1788374363129,3191,3191,0,0,0,155849.28149414063,0,0,4112314368,0,380174336,0
200,1788374363329,3191,3191,0,0,0,155849.28149414063,0,0,4112314368,0,380174336,0
200,1788374363529,3191,3191,0,0,0,155849.28149414063,0,0,4112314368,0,380174336,0
200,1788374363730,3191,3191,0,0,0,155849.28149414063,0,0,4112314368,0,380174336,0
200,1788374363930,3191,3191,0,0,0,155849.28149414063,0,0,4112314368,0,380174336,0
200,1788374364130,3191,3191,0,0,0,155849.29553222656,0,0,4112314368,0,380174336,0
200,1788374364331,3191,3191,0,0,0,155849.29553222656,0,0,4112314368,0,380174336,0
200,1788374364531,3191,3191,0,0,0,155849.29553222656,0,0,4112314368,0,380174336,0
200,1788374364731,3191,3191,0,0,0,155849.29553222656,0,0,4112314368,0,380174336,0
200,1788374364932,3191,3191,0,0,0,155849.29553222656,0,0,4112314368,0,380174336,0
200,1788374365132,3191,3191,0,0,0,155849.29553222656,0,0,4112314368,0,380174336,0
200,1788374365332,3191,3191,0,0,0,155849.29553222656,0,0,4112314368,0,380174336,0
200,1788374365532,3191,3191,0,0,0,155849.29553222656,0,0,4112314368,0,380174336,0
200,1788374365733,3191,3191,0,0,0,155849.29553222656,0,0,4112314368,0,380174336,0
200,1788374365933,3191,3191,0,0,0,155849.29553222656,0,0,4112314368,0,380174336,0
200,1788374366133,3191,3191,0,0,0,155849.29553222656,0,0,4112314368,0,380174336,0
200,1788374366333,3191,3191,0,0,0,155849.29553222656,0,0,4112314368,0,380174336,0
200,1788374366533,3191,3191,0,0,0,155849.29553222656,0,0,4112314368,0,380174336,0
200,1788374366733,3191,3191,0,0,0,155849.29553222656,0,0,4112314368,0,380174336,0
200,1788374366933,3191,3191,0,0,0,155849.29553222656,0,0,4112314368,0,380174336,0
200,1788374367134,3191,3191,0,0,0,155849.29553222656,0,0,4112314368,0,380174336,0
200,1788374367334,3191,3191,0,0,0,155849.29553222656,0,0,4112314368,0,380174336,0
200,1788374367534,3191,3191,0,0,0,155849.29553222656,0,0,4112314368,0,380174336,0
200,1788374367735,3191,3191,0,0,0,155849.29553222656,0,0,4112314368,0,380174336,0
200,1788374367935,3191,3191,0,0,0,155849.29553222656,0,0,4112314368,0,380174336,0
200,1788374368135,3191,3191,0,0,0,155849.29553222656,0,0,4112314368,0,380174336,0
200,1788374368336,3191,3191,0,0,0,155849.29553222656,0,0,4112314368,0,380174336,0
200,1788374368536,3191,3191,0,0,0,155849.29553222656,0,0,4112314368,0,380174336,0
200,1788374368737,3191,3191,0,0,0,155849.29553222656,0,0,4112314368,0,380174336,0
200,1788374368937,3191,3191,0,0,0,155849.29553222656,0,0,4112314368,0,380174336,0
200,1788374369137,3191,3191,0,0,0,155849.29553222656,0,0,4112314368,0,380174336,0
200,1788374369337,3191,3191,0,0,0,155849.29553222656,0,0,4112314368,0,380174336,0
200,1788374369537,3191,3191,0,0,0,155849.29553222656,0,0,4112314368,0,380174336,0
200,1788374369738,3191,3191,0,0,0,155849.29553222656,0,0,4112314368,0,380174336,0
200,1788374369938,3191,3191,0,0,0,155849.29553222656,0,0,4112314368,0,380174336,0
200,1788374370138,3191,3191,0,0,0,155849.29553222656,0,0,4112314368,0,380174336,0
200,1788374370339,3191,3191,0,0,0,155849.29553222656,0,0,4112314368,0,380174336,0
200,1788374370539,3191,3191,0,0,0,155849.29553222656,0,0,4112314368,0,380174336,0
200,1788374370739,3191,3191,4.761904716491699,9.090909004211426,0,155849.29553222656,0,0,4112314368,0,380174336,0
200,1788374370940,3191,3191,0,0,0,155849.29553222656,0,0,4112314368,0,380174336,0
200,1788374371140,3191,3191,0,0,0,155849.29553222656,0,0,4112314368,0,380174336,0
200,1788374371340,3191,3191,0,0,0,155849.29553222656,0,0,4112314368,0,380174336,0
200,1788374371540,3191,3191,0,0,0,155849.29553222656,0,0,4112314368,0,380174336,0
200,1788374371741,3191,3191,0,0,0,155849.29553222656,0,0,4112314368,0,380174336,0
200,1788374371941,3191,3191,0,0,0,155849.29553222656,0,0,4112314368,0,380174336,0
200,1788374372141,3191,3191,0,0,0,155849.32641601563,0,0,4112314368,0,380174336,0
200,1788374372341,3191,3191,0,0,0,155849.32641601563,0,0,4112314368,0,380174336,0
200,1788374372541,3191,3191,0,0,0,155849.32641601563,0,0,4112314368,0,380174336,0
200,1788374372741,3191,3191,0,0,0,155849.32641601563,0,0,4112314368,0,380174336,0
200,1788374372941,3191,3191,0,0,0,155849.32641601563,0,0,4112314368,0,380174336,0
200,1788374373142,3191,3191,0,0,0,155849.3387451172,0,0,4112314368,0,380174336,0
200,1788374373342,3191,3191,0,0,0,155849.3387451172,0,0,4112314368,0,380174336,0
200,1788374373542,3191,3191,0,0,0,155849.3387451172,0,0,4112314368,0,380174336,0
200,1788374373743,3191,3191,0,0,0,155849.3387451172,0,0,4112314368,0,380174336,0
200,1788374373943,3191,3191,0,0,0,155849.3387451172,0,0,4112314368,0,380174336,0
200,1788374374143,3191,3191,0,0,0,155849.3387451172,0,0,4112314368,0,380174336,0
200,1788374374344,3191,3191,0,0,0,155849.3387451172,0,0,4112314368,0,380174336,0
200,1788374374544,3191,3191,0,0,0,155849.3387451172,0,0,4112314368,0,380174336,0
200,1788374374745,3191,3191,0,0,0,155849.3387451172,0,0,4112314368,0,380174336,0
200,1788374374945,3191,3191,0,0,0,155849.3387451172,0,0,4112314368,0,380174336,0
200,1788374375145,3191,3191,0,0,0,155849.3387451172,0,0,4112314368,0,380174336,0
200,1788374375345,3191,3191,0,0,0,155849.3387451172,0,0,4112314368,0,380174336,0
200,1788374375546,3191,3191,0,0,0,155849.3387451172,0,0,4112314368,0,380174336,0
200,1788374375746,3191,3191,0,0,0,155849.3387451172,0,0,4112314368,0,380174336,0
200,1788374375946,3191,3191,0,0,0,155849.3387451172,0,0,4112314368,0,380174336,0
200,1788374376146,3191,3191,0,0,0,155849.3387451172,0,0,4112314368,0,380174336,0
200,1788374376347,3191,3191,0,0,0,155849.3387451172,0,0,4112314368,0,380174336,0
200,1788374376547,3191,3191,0,0,0,155849.3387451172,0,0,4112314368,0,380174336,0
200,1788374376747,3191,3191,0,0,0,155849.3387451172,0,0,4112314368,0,380174336,0
200,1788374376947,3191,3191,0,0,0,155849.3387451172,0,0,4112314368,0,380174336,0
200,1788374377148,3191,3191,0,0,0,155849.37176513672,0,0,4112314368,0,380174336,0
200,1788374377348,3191,3191,0,0,0,155849.37176513672,0,0,4112314368,0,380174336,0
200,1788374377548,3191,3191,0,0,0,155849.37176513672,0,0,4112314368,0,380174336,0
200,1788374377748,3191,3191,0,0,0,155849.37176513672,0,0,4112314368,0,380174336,0
200,1788374377948,3191,3191,0,0,0,155849.37176513672,0,0,4112314368,0,380174336,0
200,1788374378149,3191,3191,0,0,0,155849.37176513672,0,0,4112314368,0,380174336,0
200,1788374378349,3191,3191,0,0,0,155849.37176513672,0,0,4112314368,0,380174336,0
200,1788374378549,3191,3191,0,0,0,155849.37176513672,0,0,4112314368,0,380174336,0
200,1788374378749,3191,3191,0,0,0,155849.37176513672,0,0,4112314368,0,380174336,0
200,1788374378950,3191,3191,0,0,0,155849.37176513672,0,0,4112314368,0,380174336,0
200,1788374379150,3191,3191,0,0,0,155849.37176513672,0,0,4112314368,0,380174336,0
200,1788374379350,3191,3191,0,0,0,155849.37176513672,0,0,4112314368,0,380174336,0
200,1788374379551,3191,3191,0,0,0,155849.37176513672,0,0,4112314368,0,380174336,0
200,1788374379751,3191,3191,0,0,0,155849.37176513672,0,0,4112314368,0,380174336,0
200,1788374379951,3191,3191,0,0,0,155849.37176513672,0,0,4112314368,0,380174336,0
200,1788374380152,3191,3191,0,0,0,155849.37176513672,0,0,4112314368,0,380174336,0
200,1788374380352,3191,3191,0,0,0,155849.37176513672,0,0,4112314368,0,380174336,0
200,1788374380552,3191,3191,0,0,0,155849.37176513672,0,0,4112314368,0,380174336,0
200,1788374380752,3191,3191,0,0,0,155849.37176513672,0,0,4112314368,0,380174336,0
200,1788374380953,3191,3191,0,0,0,155849.37176513672,0,0,4112314368,0,380174336,0
200,1788374381153,3191,3191,0,0,0,155849.37176513672,0,0,4112314368,0,380174336,0
200,1788374381353,3191,3191,0,0,0,155849.37176513672,0,0,4112314368,0,380174336,0
200,1788374381553,3191,3191,0,0,0,155849.37176513672,0,0,4112314368,0,380174336,0
200,1788374381753,3191,3191,0,0,0,155849.37176513672,0,0,4112314368,0,380174336,0
200,1788374381954,3191,3191,0,0,0,155849.37176513672,0,0,4112314368,0,380174336,0
200,1788374382154,3191,3191,0,0,0,155849.37176513672,0,0,4112314368,0,380174336,0
200,1788374382354,3191,3191,0,0,0,155849.37176513672,0,0,4112314368,0,380174336,0
200,1788374382555,3191,3191,0,0,0,155849.37176513672,0,0,4112314368,0,380174336,0
200,1788374382755,3191,3191,0,0,0,155849.37176513672,0,0,4112314368,0,380174336,0
200,1788374382955,3191,3191,0,0,0,155849.37176513672,0,0,4112314368,0,380174336,0
200,1788374383156,3191,3191,0,0,0,155849.37176513672,0,0,4112314368,0,380174336,0
200,1788374383356,3191,3191,0,0,0,155849.37176513672,0,0,4112314368,0,380174336,0
200,1788374383556,3191,3191,0,0,0,155849.37176513672,0,0,4112314368,0,380174336,0
200,1788374383757,3191,3191,0,0,0,155849.37176513672,0,0,4112314368,0,380174336,0
200,1788374383957,3191,3191,0,0,0,155849.37176513672,0,0,4112314368,0,380174336,0
200,1788374384157,3191,3191,0,0,0,155849.39874267578,0,0,4112314368,0,380174336,0
200,1788374384357,3191,3191,0,0,0,155849.39874267578,0,0,4112314368,0,380174336,0
200,1788374384558,3191,3191,0,0,0,155849.39874267578,0,0,4112314368,0,380174336,0
200,1788374384758,3191,3191,0,0,0,155849.39874267578,0,0,4112314368,0,380174336,0
200,1788374384958,3191,3191,0,0,0,155849.39874267578,0,0,4112314368,0,380174336,0
200,1788374385159,3191,3191,0,0,0,155849.39874267578,0,0,4112314368,0,380174336,0
200,1788374385359,3191,3191,0,0,0,155849.39874267578,0,0,4112314368,0,380174336,0
200,1788374385559,3191,3191,0,0,0,155849.39874267578,0,0,4112314368,0,380174336,0
200,1788374385759,3191,3191,0,4.761904716491699,0,155849.39874267578,0,0,4112314368,0,380174336,0
200,1788374385959,3191,3191,0,0,0,155849.39874267578,0,0,4112314368,0,380174336,0
200,1788374386160,3191,3191,0,0,0,155849.39874267578,0,0,4112314368,0,380174336,0
200,1788374386360,3191,3191,0,0,0,155849.39874267578,0,0,4112314368,0,380174336,0
200,1788374386560,3191,3191,0,0,0,155849.39874267578,0,0,4112314368,0,380174336,0
200,1788374386761,3191,3191,0,0,0,155849.39874267578,0,0,4112314368,0,380174336,0
200,1788374386961,3191,3191,0,0,0,155849.39874267578,0,0,4112314368,0,380174336,0
200,1788374387161,3191,3191,0,0,0,155849.39874267578,0,0,4112314368,0,380174336,0
200,1788374387361,3191,3191,0,0,0,155849.39874267578,0,0,4112314368,0,380174336,0
200,1788374387562,3191,3191,0,0,0,155849.39874267578,0,0,4112314368,0,380174336,0
200,1788374387762,3191,3191,0,0,0,155849.39874267578,0,0,4112314368,0,380174336,0
200,1788374387962,3191,3191,0,0,0,155849.39874267578,0,0,4112314368,0,380174336,0
200,1788374388163,3191,3191,0,0,0,155849.39874267578,0,0,4112314368,0,380174336,0
200,1788374388363,3191,3191,0,0,0,155849.39874267578,0,0,4112314368,0,380174336,0
200,1788374388563,3191,3191,0,0,0,155849.39874267578,0,0,4112314368,0,380174336,0
200,1788374388764,3191,3191,0,0,0,155849.39874267578,0,0,4112314368,0,380174336,0
200,1788374388964,3191,3191,0,0,0,155849.39874267578,0,0,4112314368,0,380174336,0
200,1788374389164,3191,3191,0,0,0,155849.42999267578,0,0,4112314368,0,380174336,0
200,1788374389365,3191,3191,0,0,0,155849.42999267578,0,0,4112314368,0,380174336,0
200,1788374389565,3191,3191,0,0,0,155849.42999267578,0,0,4112314368,0,380174336,0
200,1788374389765,3191,3191,0,0,0,155849.42999267578,0,0,4112314368,0,380174336,0
200,1788374389965,3191,3191,0,0,0,155849.42999267578,0,0,4112314368,0,380174336,0
200,1788374390166,3191,3191,0,0,0,155849.43603515625,0,0,4112314368,0,380174336,0
200,1788374390366,3191,3191,0,0,0,155849.43603515625,0,0,4112314368,0,380174336,0
200,1788374390566,3191,3191,0,0,0,155849.43603515625,0,0,4112314368,0,380174336,0
200,1788374390766,3191,3191,0,0,0,155849.43603515625,0,0,4112314368,0,380174336,0
200,1788374390967,3191,3191,0,0,0,155849.43603515625,0,0,4112314368,0,380174336,0
200,1788374391167,3191,3191,0,0,0,155849.43603515625,0,0,4112314368,0,380174336,0
200,1788374391367,3191,3191,0,0,0,155849.43603515625,0,0,4112314368,0,380174336,0
200,1788374391568,3191,3191,0,0,0,155849.43603515625,0,0,4112314368,0,380174336,0
200,1788374391768,3191,3191,0,0,0,155849.43603515625,0,0,4112314368,0,380174336,0
200,1788374391968,3191,3191,0,4.761904716491699,0,155849.43603515625,0,0,4112314368,0,380174336,0
200,1788374392168,3191,3191,0,0,0,155849.43603515625,0,0,4112314368,0,380174336,0
200,1788374392369,3191,3191,0,0,0,155849.43603515625,0,0,4112314368,0,380174336,0
200,1788374392569,3191,3191,0,0,0,155849.43603515625,0,0,4112314368,0,380174336,0
200,1788374392769,3191,3191,0,0,0,155849.43603515625,0,0,4112314368,0,380174336,0
200,1788374392969,3191,3191,0,0,0,155849.43603515625,0,0,4112314368,0,380174336,0
200,1788374393170,3191,3191,0,0,0,155849.44201660156,0,0,4112314368,0,380174336,0
200,1788374393370,3191,3191,0,0,0,155849.44201660156,0,0,4112314368,0,380174336,0
200,1788374393570,3191,3191,0,0,0,155849.44201660156,0,0,4112314368,0,380174336,0
200,1788374393771,3191,3191,0,0,0,155849.44201660156,0,0,4112314368,0,380174336,0
200,1788374393971,3191,3191,0,0,0,155849.44201660156,0,0,4112314368,0,380174336,0
200,1788374394171,3191,3191,0,0,0,155849.44201660156,0,0,4112314368,0,380174336,0
200,1788374394372,3191,3191,4.761904716491699,0,0,155849.44201660156,0,0,4112314368,0,380174336,0
200,1788374394572,3191,3191,0,0,0,155849.44201660156,0,0,4112314368,0,380174336,0
200,1788374394772,3191,3191,0,0,0,155849.44201660156,0,0,4112314368,0,380174336,0
200,1788374394973,3191,3191,0,0,0,155849.44201660156,0,0,4112314368,0,380174336,0
200,1788374395173,3191,3191,0,0,0,155849.44201660156,0,0,4112314368,0,380174336,0
200,1788374395373,3191,3191,0,0,0,155849.44201660156,0,0,4112314368,0,380174336,0
200,1788374395573,3191,3191,0,0,0,155849.44201660156,0,0,4112314368,0,380174336,0
200,1788374395773,3191,3191,0,0,0,155849.44201660156,0,0,4112314368,0,380174336,0
200,1788374395973,3191,3191,0,0,0,155849.44201660156,0,0,4112314368,0,380174336,0
200,1788374396173,3191,3191,0,0,0,155849.46520996094,0,0,4112314368,0,380174336,0
200,1788374396373,3191,3191,0,0,0,155849.46520996094,0,0,4112314368,0,380174336,0
200,1788374396574,3191,3191,0,0,0,155849.46520996094,0,0,4112314368,0,380174336,0
200,1788374396774,3191,3191,0,0,0,155849.46520996094,0,0,4112314368,0,380174336,0
200,1788374396974,3191,3191,0,0,0,155849.46520996094,0,0,4112314368,0,380174336,0
200,1788374397175,3191,3191,0,0,0,155849.46520996094,0,0,4112314368,0,380174336,0
200,1788374397375,3191,3191,0,0,0,155849.46520996094,0,0,4112314368,0,380174336,0
200,1788374397575,3191,3191,0,0,0,155849.46520996094,0,0,4112314368,0,380174336,0
200,1788374397776,3191,3191,0,0,0,155849.46520996094,0,0,4112314368,0,380174336,0
200,1788374397976,3191,3191,0,0,0,155849.46520996094,0,0,4112314368,0,380174336,0
200,1788374398176,3191,3191,0,0,0,155849.47137451172,0,0,4112314368,0,380174336,0
200,1788374398377,3191,3191,0,0,0,155849.47137451172,0,0,4112314368,0,380174336,0
200,1788374398577,3191,3191,0,0,0,155849.47137451172,0,0,4112314368,0,380174336,0
200,1788374398777,3191,3191,0,0,0,155849.47137451172,0,0,4112314368,0,380174336,0
200,1788374398977,3191,3191,0,0,0,155849.47137451172,0,0,4112314368,0,380174336,0
200,1788374399178,3191,3191,0,0,0,155849.47137451172,0,0,4112314368,0,380174336,0
200,1788374399378,3191,3191,0,0,0,155849.47137451172,0,0,4112314368,0,380174336,0
200,1788374399578,3191,3191,0,0,0,155849.47137451172,0,0,4112314368,0,380174336,0
200,1788374399779,3191,3191,5,0,0,155849.47137451172,0,0,4112314368,0,380174336,0
200,1788374399979,3191,3191,0,0,0,155849.47137451172,0,0,4112314368,0,380174336,0
200,1788374400179,3191,3191,0,0,0,155849.47137451172,0,0,4112314368,0,380174336,0
200,1788374400380,3191,3191,0,0,0,155849.47137451172,0,0,4112314368,0,380174336,0
200,1788374400580,3191,3191,0,0,0,155849.47137451172,0,0,4112314368,0,380174336,0
200,1788374400780,3191,3191,0,0,0,155849.47137451172,0,0,4112314368,0,380174336,0
200,1788374400981,3191,3191,0,0,0,155849.47137451172,0,0,4112314368,0,380174336,0
200,1788374401181,3191,3191,0,0,0,155849.47814941406,0,0,4112314368,0,380174336,0
200,1788374401381,3191,3191,0,0,0,155849.47814941406,0,0,4112314368,0,380174336,0
200,1788374401581,3191,3191,0,0,0,155849.47814941406,0,0,4112314368,0,380174336,0
200,1788374401782,3191,3191,0,0,0,155849.47814941406,0,0,4112314368,0,380174336,0
200,1788374401982,3191,3191,0,0,0,155849.47814941406,0,0,4112314368,0,380174336,0
200,1788374402182,3191,3191,0,0,0,155849.47814941406,0,0,4112314368,0,380174336,0
200,1788374402382,3191,3191,0,0,0,155849.47814941406,0,0,4112314368,0,380174336,0
200,1788374402583,3191,3191,0,0,0,155849.47814941406,0,0,4112314368,0,380166144,0
200,1788374402783,3191,3191,0,0,0,155849.47814941406,0,0,4112314368,0,380166144,0
200,1788374402984,3191,3191,0,0,0,155849.47814941406,0,0,4112314368,0,380166144,0
200,1788374403184,3191,3191,0,0,0,155849.47814941406,0,0,4112314368,0,380166144,0
200,1788374403384,3191,3191,0,0,0,155849.47814941406,0,0,4112314368,0,380166144,0
200,1788374403585,3191,3191,0,0,0,155849.47814941406,0,0,4112314368,0,380166144,0
200,1788374403785,3191,3191,0,0,0,155849.47814941406,0,0,4112314368,0,380166144,0
200,1788374403985,3191,3191,0,0,0,155849.47814941406,0,0,4112314368,0,380166144,0
200,1788374404185,3191,3191,0,0,0,155849.4862060547,0,0,4112314368,0,380166144,0
200,1788374404386,3191,3191,0,0,0,155849.4862060547,0,0,4112314368,0,380166144,0
200,1788374404586,3191,3191,0,0,0,155849.4862060547,0,0,4112314368,0,380166144,0
200,1788374404786,3191,3191,0,0,0,155849.4862060547,0,0,4112314368,0,380166144,0
200,1788374404986,3191,3191,0,0,0,155849.4862060547,0,0,4112314368,0,380166144,0
200,1788374405187,3191,3191,0,0,0,155849.4862060547,0,0,4112314368,0,380166144,0
200,1788374405387,3191,3191,0,0,0,155849.4862060547,0,0,4112314368,0,380166144,0
200,1788374405587,3191,3191,0,0,0,155849.4862060547,0,0,4112314368,0,380166144,0
200,1788374405787,3191,3191,0,0,0,155849.4862060547,0,0,4112314368,0,380166144,0
200,1788374405987,3191,3191,0,0,0,155849.4862060547,0,0,4112314368,0,380166144,0
200,1788374406187,3191,3191,0,0,0,155849.4862060547,0,0,4112314368,0,380166144,0
200,1788374406388,3191,3191,0,0,0,155849.4862060547,0,0,4112314368,0,380166144,0
200,1788374406588,3191,3191,0,0,0,155849.4862060547,0,0,4112314368,0,380166144,0
200,1788374406789,3191,3191,0,0,0,155849.4862060547,0,0,4112314368,0,380166144,0
200,1788374406989,3191,3191,0,0,0,155849.4862060547,0,0,4112314368,0,380166144,0
200,1788374407189,3191,3191,0,0,0,155849.5005493164,0,0,4112314368,0,380166144,0
200,1788374407389,3191,3191,0,0,0,155849.5005493164,0,0,4112314368,0,380166144,0
200,1788374407589,3191,3191,0,0,0,155849.5005493164,0,0,4112314368,0,380166144,0
200,1788374407789,3191,3191,0,0,0,155849.5005493164,0,0,4112314368,0,380166144,0
200,1788374407990,3191,3191,0,0,0,155849.5005493164,0,0,4112314368,0,380166144,0
200,1788374408190,3191,3191,0,0,0,155849.5005493164,0,0,4112314368,0,380166144,0
200,1788374408390,3191,3191,0,0,0,155849.5005493164,0,0,4112314368,0,380166144,0
200,1788374408591,3191,3191,0,0,0,155849.5005493164,0,0,4112314368,0,380166144,0
200,1788374408791,3191,3191,0,0,0,155849.5005493164,0,0,4112314368,0,380166144,0
200,1788374408991,3191,3191,0,0,0,155849.5005493164,0,0,4112314368,0,380166144,0
200,1788374409192,3191,3191,0,0,0,155849.5005493164,0,0,4112314368,0,380166144,0
200,1788374409392,3191,3191,0,0,0,155849.5005493164,0,0,4112314368,0,380166144,0
200,1788374409592,3191,3191,0,0,0,155849.5005493164,0,0,4112314368,0,380166144,0
200,1788374409793,3191,3191,0,0,0,155849.5005493164,0,0,4112314368,0,380166144,0
200,1788374409993,3191,3191,0,0,0,155849.5005493164,0,0,4112314368,0,380166144,0
200,1788374410193,3191,3191,0,0,0,155849.51275634766,0,0,4112314368,0,380166144,0
200,1788374410393,3191,3191,0,0,0,155849.51275634766,0,0,4112314368,0,380166144,0
200,1788374410593,3191,3191,0,0,0,155849.51275634766,0,0,4112314368,0,380166144,0
200,1788374410794,3191,3191,0,0,0,155849.51275634766,0,0,4112314368,0,380166144,0
200,1788374410994,3191,3191,0,0,0,155849.51275634766,0,0,4112314368,0,380166144,0
200,1788374411194,3191,3191,0,0,0,155849.51275634766,0,0,4112314368,0,380166144,0
200,1788374411395,3191,3191,0,0,0,155849.51275634766,0,0,4112314368,0,380166144,0
200,1788374411595,3191,3191,0,0,0,155849.51275634766,0,0,4112314368,0,380166144,0
200,1788374411795,3191,3191,4.761904716491699,0,0,155849.51275634766,0,0,4112314368,0,380166144,0
200,1788374411996,3191,3191,0,0,0,155849.51275634766,0,0,4112314368,0,380166144,0
200,1788374412196,3191,3191,0,0,0,155849.51275634766,0,0,4112314368,0,380166144,0
200,1788374412396,3191,3191,0,0,0,155849.51275634766,0,0,4112314368,0,380166144,0
200,1788374412597,3191,3191,0,0,0,155849.51275634766,0,0,4112314368,0,380166144,0
200,1788374412797,3191,3191,0,0,0,155849.51275634766,0,0,4112314368,0,380166144,0
200,1788374412997,3191,3191,0,0,0,155849.51275634766,0,0,4112314368,0,380166144,0
200,1788374413197,3191,3191,0,0,0,155849.5186767578,0,0,4112314368,0,380166144,0
200,1788374413397,3191,3191,0,0,0,155849.5186767578,0,0,4112314368,0,380166144,0
200,1788374413597,3191,3191,0,0,0,155849.5186767578,0,0,4112314368,0,380166144,0
200,1788374413798,3191,3191,0,0,0,155849.5186767578,0,0,4112314368,0,380166144,0
200,1788374413998,3191,3191,0,0,0,155849.5186767578,0,0,4112314368,0,380166144,0
200,1788374414198,3191,3191,0,0,0,155849.5186767578,0,0,4112314368,0,380166144,0
200,1788374414399,3191,3191,0,0,0,155849.5186767578,0,0,4112314368,0,380166144,0
200,1788374414599,3191,3191,0,0,0,155849.5186767578,0,0,4112314368,0,380166144,0
200,1788374414799,3191,3191,4.761904716491699,0,0,155849.5186767578,0,0,4112314368,0,380166144,0
200,1788374415000,3191,3191,0,0,0,155849.5186767578,0,0,4112314368,0,380166144,0
200,1788374415200,3191,3191,0,0,0,155849.5186767578,0,0,4112314368,0,380166144,0
200,1788374415400,3191,3191,0,0,0,155849.5186767578,0,0,4112314368,0,380166144,0
200,1788374415600,3191,3191,0,0,0,155849.5186767578,0,0,4112314368,0,380166144,0
200,1788374415800,3191,3191,0,0,0,155849.5186767578,0,0,4112314368,0,380166144,0
200,1788374416001,3191,3191,0,0,0,155849.5186767578,0,0,4112314368,0,380166144,0
200,1788374416201,3191,3191,0,0,0,155849.53839111328,0,0,4112314368,0,380166144,0
200,1788374416401,3191,3191,0,0,0,155849.53839111328,0,0,4112314368,0,380166144,0
200,1788374416601,3191,3191,0,0,0,155849.53839111328,0,0,4112314368,0,380166144,0
200,1788374416801,3191,3191,0,0,0,155849.53839111328,0,0,4112314368,0,380166144,0
200,1788374417001,3191,3191,0,0,0,155849.53839111328,0,0,4112314368,0,380166144,0
200,1788374417202,3191,3191,0,0,0,155849.53839111328,0,0,4112314368,0,380166144,0
200,1788374417402,3191,3191,0,0,0,155849.53839111328,0,0,4112314368,0,380166144,0
200,1788374417602,3191,3191,0,0,0,155849.53839111328,0,0,4112314368,0,380166144,0
200,1788374417802,3191,3191,0,0,0,155849.53839111328,0,0,4112314368,0,380166144,0
200,1788374418003,3191,3191,0,0,0,155849.53839111328,0,0,4112314368,0,380166144,0
200,1788374418203,3191,3191,0,0,0,155849.53839111328,0,0,4112314368,0,380166144,0
200,1788374418404,3191,3191,0,0,0,155849.53839111328,0,0,4112314368,0,380166144,0
200,1788374418604,3191,3191,0,0,0,155849.53839111328,0,0,4112314368,0,380166144,0
200,1788374418804,3191,3191,0,0,0,155849.53839111328,0,0,4112314368,0,380166144,0
200,1788374419004,3191,3191,0,0,0,155849.53839111328,0,0,4112314368,0,380166144,0
200,1788374419205,3191,3191,0,0,0,155849.55047607422,0,0,4112314368,0,380166144,0
200,1788374419405,3191,3191,0,0,0,155849.55047607422,0,0,4112314368,0,380166144,0
200,1788374419605,3191,3191,0,0,0,155849.55047607422,0,0,4112314368,0,380166144,0
200,1788374419805,3191,3191,0,0,0,155849.55047607422,0,0,4112314368,0,380166144,0
200,1788374420006,3191,3191,0,0,0,155849.55047607422,0,0,4112314368,0,380166144,0
200,1788374420206,3191,3191,0,0,0,155849.55047607422,0,0,4112314368,0,380166144,0
200,1788374420406,3191,3191,0,0,0,155849.55047607422,0,0,4112314368,0,380166144,0
200,1788374420607,3191,3191,0,0,0,155849.55047607422,0,0,4112314368,0,380166144,0
200,1788374420807,3191,3191,0,0,0,155849.55047607422,0,0,4112314368,0,380166144,0
200,1788374421007,3191,3191,0,0,0,155849.55047607422,0,0,4112314368,0,380166144,0
199,1788374421208,3191,3191,4.761904716491699,0,0,155849.55047607422,0,0,4112314368,0,380166144,0
200,1788374421408,3191,3191,0,0,0,155849.55047607422,0,0,4112314368,0,380166144,0
200,1788374421608,3191,3191,0,0,0,155849.55047607422,0,0,4112314368,0,380166144,0
200,1788374421808,3191,3191,0,0,0,155849.55047607422,0,0,4112314368,0,380166144,0
200,1788374422009,3191,3191,0,0,0,155849.55047607422,0,0,4112314368,0,380166144,0
200,1788374422209,3191,3191,0,0,0,155849.5633544922,0,0,4112314368,0,380166144,0
200,1788374422409,3191,3191,0,0,0,155849.5633544922,0,0,4112314368,0,380166144,0
200,1788374422609,3191,3191,0,0,0,155849.5633544922,0,0,4112314368,0,380166144,0
200,1788374422810,3191,3191,0,0,0,155849.5633544922,0,0,4112314368,0,380166144,0
200,1788374423010,3191,3191,0,0,0,155849.5633544922,0,0,4112314368,0,380166144,0
200,1788374423210,3191,3191,0,0,0,155849.5633544922,0,0,4112314368,0,380166144,0
200,1788374423411,3191,3191,0,0,0,155849.5633544922,0,0,4112314368,0,380166144,0
200,1788374423611,3191,3191,0,0,0,155849.5633544922,0,0,4112314368,0,380157952,0
200,1788374423811,3191,3191,0,0,0,155849.5633544922,0,0,4112314368,0,380157952,0
200,1788374424011,3191,3191,0,0,0,155849.5633544922,0,0,4112314368,0,380157952,0
200,1788374424212,3191,3191,0,0,0,155849.5633544922,0,0,4112314368,0,380157952,0
200,1788374424412,3191,3191,0,0,0,155849.5633544922,0,0,4112314368,0,380157952,0
200,1788374424613,3191,3191,0,0,0,155849.5633544922,0,0,4112314368,0,380157952,0
200,1788374424813,3191,3191,0,0,0,155849.5633544922,0,0,4112314368,0,380157952,0
200,1788374425013,3191,3191,0,0,0,155849.5633544922,0,0,4112314368,0,380157952,0
200,1788374425213,3191,3191,0,0,0,155849.5694580078,0,0,4112314368,0,380157952,0
200,1788374425413,3191,3191,0,0,0,155849.5694580078,0,0,4112314368,0,380157952,0
200,1788374425614,3191,3191,0,0,0,155849.5694580078,0,0,4112314368,0,380157952,0
200,1788374425814,3191,3191,0,0,0,155849.5694580078,0,0,4112314368,0,380157952,0
200,1788374426014,3191,3191,0,0,0,155849.5694580078,0,0,4112314368,0,380157952,0
200,1788374426214,3191,3191,0,0,0,155849.5694580078,0,0,4112314368,0,380157952,0
200,1788374426414,3191,3191,0,0,0,155849.5694580078,0,0,4112314368,0,380157952,0
200,1788374426615,3191,3191,0,0,0,155849.5694580078,0,0,4112314368,0,380157952,0
200,1788374426815,3191,3191,0,0,0,155849.5694580078,0,0,4112314368,0,380157952,0
200,1788374427015,3191,3191,0,0,0,155849.5694580078,0,0,4112314368,0,380157952,0
200,1788374427216,3191,3191,0,0,0,155849.58489990234,0,0,4112314368,0,380157952,0
200,1788374427416,3191,3191,0,0,0,155849.58489990234,0,0,4112314368,0,380157952,0
200,1788374427616,3191,3191,0,0,0,155849.58489990234,0,0,4112314368,0,380157952,0
200,1788374427817,3191,3191,0,0,0,155849.58489990234,0,0,4112314368,0,380157952,0
200,1788374428017,3191,3191,0,0,0,155849.58489990234,0,0,4112314368,0,380157952,0
200,1788374428217,3191,3191,0,0,0,155849.58489990234,0,0,4112314368,0,380157952,0
200,1788374428417,3191,3191,0,0,0,155849.58489990234,0,0,4112314368,0,380157952,0
200,1788374428618,3191,3191,0,0,0,155849.58489990234,0,0,4112314368,0,380157952,0
200,1788374428818,3191,3191,0,0,0,155849.58489990234,0,0,4112314368,0,380157952,0
200,1788374429018,3191,3191,0,0,0,155849.58489990234,0,0,4112314368,0,380157952,0
200,1788374429218,3191,3191,0,0,0,155849.58489990234,0,0,4112314368,0,380157952,0
200,1788374429419,3191,3191,0,0,0,155849.58489990234,0,0,4112314368,0,380157952,0
200,1788374429619,3191,3191,0,0,0,155849.58489990234,0,0,4112314368,0,380157952,0
200,1788374429819,3191,3191,0,0,0,155849.58489990234,0,0,4112314368,0,380157952,0
200,1788374430020,3191,3191,0,0,0,155849.58489990234,0,0,4112314368,0,380157952,0
200,1788374430220,3191,3191,0,0,0,155849.58489990234,0,0,4112314368,0,380157952,0
200,1788374430420,3191,3191,0,0,0,155849.58489990234,0,0,4112314368,0,380157952,0
200,1788374430621,3191,3191,0,0,0,155849.58489990234,0,0,4112314368,0,380157952,0
200,1788374430821,3191,3191,0,0,0,155849.58489990234,0,0,4112314368,0,380157952,0
200,1788374431021,3191,3191,0,0,0,155849.58489990234,0,0,4112314368,0,380157952,0
200,1788374431221,3191,3191,0,0,0,155849.59704589844,0,0,4112314368,0,380157952,0
200,1788374431421,3191,3191,0,0,0,155849.59704589844,0,0,4112314368,0,380157952,0
200,1788374431622,3191,3191,0,0,0,155849.59704589844,0,0,4112314368,0,380157952,0
200,1788374431822,3191,3191,0,0,0,155849.59704589844,0,0,4112314368,0,380157952,0
200,1788374432022,3191,3191,0,0,0,155849.59704589844,0,0,4112314368,0,380157952,0
200,1788374432223,3191,3191,0,0,0,155849.59704589844,0,0,4112314368,0,380157952,0
200,1788374432423,3191,3191,0,0,0,155849.59704589844,0,0,4112314368,0,380157952,0
200,1788374432623,3191,3191,0,0,0,155849.59704589844,0,0,4112314368,0,380157952,0
200,1788374432824,3191,3191,0,0,0,155849.59704589844,0,0,4112314368,0,380157952,0
200,1788374433024,3191,3191,0,0,0,155849.59704589844,0,0,4112314368,0,380157952,0
200,1788374433224,3191,3191,0,0,0,155849.59704589844,0,0,4112314368,0,380157952,0
200,1788374433425,3191,3191,0,0,0,155849.59704589844,0,0,4112314368,0,380157952,0
200,1788374433625,3191,3191,0,0,0,155849.59704589844,0,0,4112314368,0,380157952,0
200,1788374433825,3191,3191,0,0,0,155849.59704589844,0,0,4112314368,0,380157952,0
200,1788374434025,3191,3191,0,0,0,155849.59704589844,0,0,4112314368,0,380157952,0
200,1788374434226,3191,3191,0,0,0,155849.60498046875,0,0,4112314368,0,380157952,0
200,1788374434426,3191,3191,0,0,0,155849.60498046875,0,0,4112314368,0,380157952,0
200,1788374434626,3191,3191,0,0,0,155849.60498046875,0,0,4112314368,0,380157952,0
200,1788374434827,3191,3191,0,0,0,155849.60498046875,0,0,4112314368,0,380157952,0
200,1788374435027,3191,3191,0,0,0,155849.60498046875,0,0,4112314368,0,380157952,0
200,1788374435227,3191,3191,0,0,0,155849.60498046875,0,0,4112314368,0,380157952,0
200,1788374435427,3191,3191,4.761904716491699,0,0,155849.60498046875,0,0,4112314368,0,380157952,0
200,1788374435628,3191,3191,0,0,0,155849.60498046875,0,0,4112314368,0,380157952,0
200,1788374435828,3191,3191,0,0,0,155849.60498046875,0,0,4112314368,0,380157952,0
200,1788374436028,3191,3191,0,0,0,155849.60498046875,0,0,4112314368,0,380157952,0
200,1788374436228,3191,3191,0,0,0,155849.61938476563,0,0,4112314368,0,380157952,0
200,1788374436428,3191,3191,0,0,0,155849.61938476563,0,0,4112314368,0,380157952,0
200,1788374436629,3191,3191,0,0,0,155849.61938476563,0,0,4112314368,0,380157952,0
200,1788374436829,3191,3191,0,0,0,155849.61938476563,0,0,4112314368,0,380157952,0
200,1788374437029,3191,3191,0,0,0,155849.61938476563,0,0,4112314368,0,380157952,0
200,1788374437229,3191,3191,0,0,0,155849.63134765625,0,0,4112314368,0,380157952,0
200,1788374437429,3191,3191,0,0,0,155849.63134765625,0,0,4112314368,0,380157952,0
200,1788374437630,3191,3191,0,0,0,155849.63134765625,0,0,4112314368,0,380157952,0
200,1788374437830,3191,3191,0,0,0,155849.63134765625,0,0,4112314368,0,380157952,0
200,1788374438030,3191,3191,0,0,0,155849.63134765625,0,0,4112314368,0,380157952,0
200,1788374438231,3191,3191,0,0,0,155849.63134765625,0,0,4112314368,0,380157952,0
200,1788374438431,3191,3191,0,0,0,155849.63134765625,0,0,4112314368,0,380157952,0
200,1788374438631,3191,3191,0,0,0,155849.63134765625,0,0,4112314368,0,380157952,0
200,1788374438832,3191,3191,0,0,0,155849.63134765625,0,0,4112314368,0,380157952,0
200,1788374439032,3191,3191,0,0,0,155849.63134765625,0,0,4112314368,0,380157952,0
200,1788374439232,3191,3191,0,0,0,155849.63134765625,0,0,4112314368,0,380157952,0
200,1788374439433,3191,3191,0,0,0,155849.63134765625,0,0,4112314368,0,380157952,0
200,1788374439633,3191,3191,0,0,0,155849.63134765625,0,0,4112314368,0,380157952,0
200,1788374439833,3191,3191,0,0,0,155849.63134765625,0,0,4112314368,0,380157952,0
200,1788374440033,3191,3191,0,0,0,155849.63134765625,0,0,4112314368,0,380157952,0
200,1788374440233,3191,3191,0,0,0,155849.63739013672,0,0,4112314368,0,380157952,0
200,1788374440433,3191,3191,0,0,0,155849.63739013672,0,0,4112314368,0,380157952,0
200,1788374440633,3191,3191,0,0,0,155849.63739013672,0,0,4112314368,0,380157952,0
200,1788374440834,3191,3191,0,0,0,155849.63739013672,0,0,4112314368,0,380157952,0
200,1788374441034,3191,3191,0,0,0,155849.63739013672,0,0,4112314368,0,380157952,0
200,1788374441234,3191,3191,0,0,0,155849.63739013672,0,0,4112314368,0,380157952,0
200,1788374441435,3191,3191,0,0,0,155849.63739013672,0,0,4112314368,0,380157952,0
200,1788374441635,3191,3191,0,0,0,155849.63739013672,0,0,4112314368,0,380157952,0
200,1788374441835,3191,3191,0,0,0,155849.63739013672,0,0,4112314368,0,380157952,0
200,1788374442036,3191,3191,4.761904716491699,0,0,155849.63739013672,0,0,4112314368,0,380157952,0
200,1788374442236,3191,3191,0,0,0,155849.63739013672,0,0,4112314368,0,380157952,0
200,1788374442436,3191,3191,0,0,0,155849.63739013672,0,0,4112314368,0,380157952,0
200,1788374442637,3191,3191,0,0,0,155849.63739013672,0,0,4112314368,0,380157952,0
200,1788374442837,3191,3191,0,0,0,155849.63739013672,0,0,4112314368,0,380157952,0
200,1788374443037,3191,3191,0,0,0,155849.63739013672,0,0,4112314368,0,380157952,0
200,1788374443237,3191,3191,0,0,0,155849.65020751953,0,0,4112314368,0,380157952,0
200,1788374443437,3191,3191,0,0,0,155849.65020751953,0,0,4112314368,0,380157952,0
200,1788374443638,3191,3191,0,0,0,155849.65020751953,0,0,4112314368,0,380157952,0
200,1788374443838,3191,3191,0,0,0,155849.65020751953,0,0,4112314368,0,380157952,0
200,1788374444038,3191,3191,0,0,0,155849.65020751953,0,0,4112314368,0,380157952,0
200,1788374444239,3191,3191,0,0,0,155849.65020751953,0,0,4112314368,0,380157952,0
200,1788374444439,3191,3191,0,0,0,155849.65020751953,0,0,4112314368,0,380157952,0
200,1788374444639,3191,3191,0,0,0,155849.65020751953,0,0,4112314368,0,380157952,0
200,1788374444840,3191,3191,0,0,0,155849.65020751953,0,0,4112314368,0,380157952,0
200,1788374445040,3191,3191,0,0,0,155849.65020751953,0,0,4112314368,0,380157952,0
200,1788374445240,3191,3191,0,0,0,155849.6563720703,0,0,4112314368,0,380157952,0
200,1788374445440,3191,3191,0,0,0,155849.6563720703,0,0,4112314368,0,380157952,0
200,1788374445641,3191,3191,0,0,0,155849.6563720703,0,0,4112314368,0,380157952,0
200,1788374445841,3191,3191,0,0,0,155849.6563720703,0,0,4112314368,0,380157952,0
200,1788374446041,3191,3191,0,0,0,155849.6563720703,0,0,4112314368,0,380157952,0
200,1788374446241,3191,3191,0,0,0,155849.6563720703,0,0,4112314368,0,380157952,0
200,1788374446441,3191,3191,0,0,0,155849.6563720703,0,0,4112314368,0,380157952,0
200,1788374446641,3191,3191,0,0,0,155849.6563720703,0,0,4112314368,0,380157952,0
200,1788374446842,3191,3191,0,0,0,155849.6563720703,0,0,4112314368,0,380157952,0
200,1788374447042,3191,3191,0,0,0,155849.6563720703,0,0,4112314368,0,380157952,0
200,1788374447242,3191,3191,0,0,0,155849.6563720703,0,0,4112314368,0,380157952,0
200,1788374447443,3191,3191,0,0,0,155849.6563720703,0,0,4112314368,0,380157952,0
200,1788374447643,3191,3191,0,0,0,155849.6563720703,0,0,4112314368,0,380157952,0
200,1788374447843,3191,3191,0,0,0,155849.6563720703,0,0,4112314368,0,380157952,0
200,1788374448044,3191,3191,0,0,0,155849.6563720703,0,0,4112314368,0,380157952,0
200,1788374448244,3191,3191,0,0,0,155849.66259765625,0,0,4112314368,0,380157952,0
200,1788374448444,3191,3191,0,0,0,155849.66259765625,0,0,4112314368,0,380157952,0
200,1788374448644,3191,3191,0,0,0,155849.66259765625,0,0,4112314368,0,380157952,0
200,1788374448845,3191,3191,0,0,0,155849.66259765625,0,0,4112314368,0,380157952,0
200,1788374449045,3191,3191,0,0,0,155849.66259765625,0,0,4112314368,0,380157952,0
200,1788374449245,3191,3191,0,0,0,155849.66259765625,0,0,4112314368,0,380157952,0
200,1788374449446,3191,3191,0,0,0,155849.66259765625,0,0,4112314368,0,380157952,0
200,1788374449646,3191,3191,0,0,0,155849.66259765625,0,0,4112314368,0,380157952,0
200,1788374449846,3191,3191,0,0,0,155849.66259765625,0,0,4112314368,0,380157952,0
200,1788374450046,3191,3191,0,0,0,155849.66259765625,0,0,4112314368,0,380157952,0
200,1788374450247,3191,3191,0,0,0,155849.66259765625,0,0,4112314368,0,380157952,0
200,1788374450447,3191,3191,0,0,0,155849.66259765625,0,0,4112314368,0,380157952,0
200,1788374450647,3191,3191,0,0,0,155849.66259765625,0,0,4112314368,0,380157952,0
200,1788374450848,3191,3191,0,0,0,155849.66259765625,0,0,4112314368,0,380157952,0
200,1788374451048,3191,3191,0,0,0,155849.66259765625,0,0,4112314368,0,380157952,0
200,1788374451248,3191,3191,0,0,0,155849.67712402344,0,0,4112314368,0,380157952,0
200,1788374451448,3191,3191,0,0,0,155849.67712402344,0,0,4112314368,0,380157952,0
200,1788374451649,3191,3191,0,0,0,155849.67712402344,0,0,4112314368,0,380157952,0
200,1788374451849,3191,3191,0,0,0,155849.67712402344,0,0,4112314368,0,380157952,0
200,1788374452049,3191,3191,0,0,0,155849.67712402344,0,0,4112314368,0,380157952,0
200,1788374452249,3191,3191,0,0,0,155849.67712402344,0,0,4112314368,0,380157952,0
200,1788374452449,3191,3191,0,0,0,155849.67712402344,0,0,4112314368,0,380157952,0
200,1788374452650,3191,3191,0,0,0,155849.67712402344,0,0,4112314368,0,380157952,0
200,1788374452850,3191,3191,0,0,0,155849.67712402344,0,0,4112314368,0,380157952,0
200,1788374453050,3191,3191,0,0,0,155849.67712402344,0,0,4112314368,0,380157952,0
200,1788374453251,3191,3191,0,0,0,155849.67712402344,0,0,4112314368,0,380157952,0
200,1788374453451,3191,3191,0,0,0,155849.67712402344,0,0,4112314368,0,380157952,0
200,1788374453651,3191,3191,5,0,0,155849.67712402344,0,0,4112314368,0,380157952,0
200,1788374453852,3191,3191,0,0,0,155849.67712402344,0,0,4112314368,0,380157952,0
200,1788374454052,3191,3191,0,0,0,155849.67712402344,0,0,4112314368,0,380157952,0
200,1788374454252,3191,3191,0,0,0,155849.6831665039,0,0,4112314368,0,380157952,0
200,1788374454452,3191,3191,0,0,0,155849.6831665039,0,0,4112314368,0,380157952,0
200,1788374454652,3191,3191,0,0,0,155849.6831665039,0,0,4112314368,0,380157952,0
200,1788374454853,3191,3191,0,0,0,155849.6831665039,0,0,4112314368,0,380157952,0
200,1788374455053,3191,3191,0,0,0,155849.6831665039,0,0,4112314368,0,380157952,0
200,1788374455253,3191,3191,0,0,0,155849.6831665039,0,0,4112314368,0,380157952,0
200,1788374455453,3191,3191,0,0,0,155849.6831665039,0,0,4112314368,0,380157952,0
200,1788374455654,3191,3191,0,0,0,155849.6831665039,0,0,4112314368,0,380157952,0
200,1788374455854,3191,3191,0,0,0,155849.6831665039,0,0,4112314368,0,380157952,0
200,1788374456054,3191,3191,0,0,0,155849.6831665039,0,0,4112314368,0,380157952,0
200,1788374456254,3191,3191,0,0,0,155849.6831665039,0,0,4112314368,0,380157952,0
200,1788374456455,3191,3191,0,0,0,155849.6831665039,0,0,4112314368,0,380157952,0
200,1788374456655,3191,3191,0,0,0,155849.6831665039,0,0,4112314368,0,380157952,0
200,1788374456855,3191,3191,4.761904716491699,0,0,155849.6831665039,0,0,4112314368,0,380157952,0
200,1788374457056,3191,3191,0,0,0,155849.6831665039,0,0,4112314368,0,380157952,0
200,1788374457256,3191,3191,0,0,0,155849.69647216797,0,0,4112314368,0,380157952,0
200,1788374457456,3191,3191,0,0,0,155849.69647216797,0,0,4112314368,0,380157952,0
200,1788374457657,3191,3191,0,0,0,155849.69647216797,0,0,4112314368,0,380157952,0
200,1788374457857,3191,3191,0,0,0,155849.69647216797,0,0,4112314368,0,380157952,0
200,1788374458057,3191,3191,0,0,0,155849.69647216797,0,0,4112314368,0,380157952,0
200,1788374458257,3191,3191,0,0,0,155849.69647216797,0,0,4112314368,0,380157952,0
200,1788374458458,3191,3191,0,0,0,155849.69647216797,0,0,4112314368,0,380157952,0
200,1788374458658,3191,3191,0,0,0,155849.69647216797,0,0,4112314368,0,380157952,0
200,1788374458858,3191,3191,0,0,0,155849.69647216797,0,0,4112314368,0,380157952,0
200,1788374459059,3191,3191,0,0,0,155849.69647216797,0,0,4112314368,0,380157952,0
200,1788374459259,3191,3191,0,0,0,155849.69647216797,0,0,4112314368,0,380157952,0
200,1788374459459,3191,3191,0,0,0,155849.69647216797,0,0,4112314368,0,380157952,0
200,1788374459660,3191,3191,0,0,0,155849.69647216797,0,0,4112314368,0,380157952,0
200,1788374459860,3191,3191,0,0,0,155849.69647216797,0,0,4112314368,0,380157952,0
200,1788374460060,3191,3191,0,0,0,155849.69647216797,0,0,4112314368,0,380157952,0
200,1788374460261,3191,3191,0,0,0,155849.70251464844,0,0,4112314368,0,380157952,0
200,1788374460461,3191,3191,0,0,0,155849.70251464844,0,0,4112314368,0,380157952,0
200,1788374460661,3191,3191,0,0,0,155849.70251464844,0,0,4112314368,0,380157952,0
200,1788374460861,3191,3191,0,0,0,155849.70251464844,0,0,4112314368,0,380157952,0
200,1788374461061,3191,3191,0,0,0,155849.70251464844,0,0,4112314368,0,380157952,0
200,1788374461261,3191,3191,0,0,0,155849.70251464844,0,0,4112314368,0,380157952,0
200,1788374461461,3191,3191,0,0,0,155849.70251464844,0,0,4112314368,0,380157952,0
200,1788374461662,3191,3191,0,0,0,155849.70251464844,0,0,4112314368,0,380157952,0
200,1788374461862,3191,3191,0,0,0,155849.70251464844,0,0,4112314368,0,380157952,0
200,1788374462062,3191,3191,0,0,0,155849.70251464844,0,0,4112314368,0,380157952,0
200,1788374462263,3191,3191,0,0,0,155849.70251464844,0,0,4112314368,0,380157952,0
200,1788374462463,3191,3191,0,0,0,155849.70251464844,0,0,4112314368,0,380157952,0
200,1788374462663,3191,3191,0,0,0,155849.70251464844,0,0,4112314368,0,380157952,0
200,1788374462864,3191,3191,0,0,0,155849.70251464844,0,0,4112314368,0,380157952,0
200,1788374463064,3191,3191,0,0,0,155849.70251464844,0,0,4112314368,0,380157952,0
200,1788374463264,3191,3191,0,0,0,155849.70989990234,0,0,4112314368,0,380157952,0
200,1788374463464,3191,3191,0,0,0,155849.70989990234,0,0,4112314368,0,380157952,0
200,1788374463665,3191,3191,0,0,0,155849.70989990234,0,0,4112314368,0,380157952,0
200,1788374463865,3191,3191,0,0,0,155849.70989990234,0,0,4112314368,0,380157952,0
200,1788374464065,3191,3191,0,0,0,155849.70989990234,0,0,4112314368,0,380157952,0
200,1788374464265,3191,3191,0,0,0,155849.70989990234,0,0,4112314368,0,380157952,0
200,1788374464465,3191,3191,0,0,0,155849.70989990234,0,0,4112314368,0,380157952,0
200,1788374464665,3191,3191,0,0,0,155849.70989990234,0,0,4112314368,0,380157952,0
200,1788374464866,3191,3191,0,0,0,155849.70989990234,0,0,4112314368,0,380157952,0
200,1788374465066,3191,3191,0,0,0,155849.70989990234,0,0,4112314368,0,380157952,0
200,1788374465266,3191,3191,0,0,0,155849.70989990234,0,0,4112314368,0,380157952,0
200,1788374465466,3191,3191,0,0,0,155849.70989990234,0,0,4112314368,0,380157952,0
200,1788374465666,3191,3191,0,0,0,155849.70989990234,0,0,4112314368,0,380157952,0
200,1788374465867,3191,3191,0,0,0,155849.70989990234,0,0,4112314368,0,380157952,0
200,1788374466067,3191,3191,0,0,0,155849.70989990234,0,0,4112314368,0,380157952,0
200,1788374466267,3191,3191,0,0,0,155849.72729492188,0,0,4112314368,0,380157952,0
200,1788374466467,3191,3191,0,0,0,155849.72729492188,0,0,4112314368,0,380157952,0
200,1788374466668,3191,3191,0,0,0,155849.72729492188,0,0,4112314368,0,380157952,0
200,1788374466868,3191,3191,0,0,0,155849.72729492188,0,0,4112314368,0,380157952,0
200,1788374467068,3191,3191,0,0,0,155849.72729492188,0,0,4112314368,0,380157952,0
200,1788374467269,3191,3191,0,0,0,155849.72729492188,0,0,4112314368,0,380157952,0
200,1788374467469,3191,3191,0,0,0,155849.72729492188,0,0,4112314368,0,380157952,0
200,1788374467669,3191,3191,0,0,0,155849.72729492188,0,0,4112314368,0,380157952,0
200,1788374467869,3191,3191,0,0,0,155849.72729492188,0,0,4112314368,0,380157952,0
200,1788374468069,3191,3191,0,0,0,155849.72729492188,0,0,4112314368,0,380157952,0
200,1788374468270,3191,3191,0,0,0,155849.72729492188,0,0,4112314368,0,380157952,0
200,1788374468470,3191,3191,0,0,0,155849.72729492188,0,0,4112314368,0,380157952,0
200,1788374468670,3191,3191,0,0,0,155849.72729492188,0,0,4112314368,0,380157952,0
200,1788374468871,3191,3191,0,0,0,155849.72729492188,0,0,4112314368,0,380157952,0
200,1788374469071,3191,3191,0,0,0,155849.72729492188,0,0,4112314368,0,380157952,0
200,1788374469271,3191,3191,0,0,0,155849.7393798828,0,0,4112314368,0,380157952,0
200,1788374469472,3191,3191,0,0,0,155849.7393798828,0,0,4112314368,0,380157952,0
200,1788374469672,3191,3191,0,0,0,155849.7393798828,0,0,4112314368,0,380157952,0
200,1788374469872,3191,3191,0,0,0,155849.7393798828,0,0,4112314368,0,380157952,0
200,1788374470073,3191,3191,0,0,0,155849.7393798828,0,0,4112314368,0,380157952,0
200,1788374470273,3191,3191,0,0,0,155849.7393798828,0,0,4112314368,0,380157952,0
200,1788374470473,3191,3191,0,0,0,155849.7393798828,0,0,4112314368,0,380157952,0
200,1788374470674,3191,3191,0,0,0,155849.7393798828,0,0,4112314368,0,380157952,0
200,1788374470874,3191,3191,0,0,0,155849.7393798828,0,0,4112314368,0,380157952,0
200,1788374471074,3191,3191,0,0,0,155849.7393798828,0,0,4112314368,0,380157952,0
200,1788374471275,3191,3191,0,0,0,155849.75170898438,0,0,4112314368,0,380157952,0
200,1788374471475,3191,3191,0,0,0,155849.75170898438,0,0,4112314368,0,380157952,0
200,1788374471675,3191,3191,0,0,0,155849.75170898438,0,0,4112314368,0,380157952,0
200,1788374471876,3191,3191,4.761904716491699,0,0,155849.75170898438,0,0,4112314368,0,380157952,0
200,1788374472076,3191,3191,0,0,0,155849.75170898438,0,0,4112314368,0,380157952,0
200,1788374472276,3191,3191,0,0,0,155849.75170898438,0,0,4112314368,0,380157952,0
200,1788374472476,3191,3191,0,0,0,155849.75170898438,0,0,4112314368,0,380157952,0
200,1788374472677,3191,3191,0,0,0,155849.75170898438,0,0,4112314368,0,380157952,0
200,1788374472877,3191,3191,0,0,0,155849.75170898438,0,0,4112314368,0,380157952,0
200,1788374473077,3191,3191,0,0,0,155849.75170898438,0,0,4112314368,0,380157952,0
200,1788374473277,3191,3191,0,0,0,155849.75170898438,0,0,4112314368,0,380157952,0
200,1788374473478,3191,3191,0,0,0,155849.75170898438,0,0,4112314368,0,380157952,0
200,1788374473678,3191,3191,0,0,0,155849.75170898438,0,0,4112314368,0,380157952,0
200,1788374473878,3191,3191,0,0,0,155849.75170898438,0,0,4112314368,0,380157952,0
200,1788374474079,3191,3191,0,0,0,155849.75170898438,0,0,4112314368,0,380157952,0
200,1788374474279,3191,3191,0,0,0,155849.76190185547,0,0,4112314368,0,380157952,0
200,1788374474479,3191,3191,0,0,0,155849.76190185547,0,0,4112314368,0,380157952,0
200,1788374474680,3191,3191,0,0,0,155849.76190185547,0,0,4112314368,0,380149760,0
200,1788374474880,3191,3191,0,0,0,155849.76190185547,0,0,4112314368,0,380149760,0
200,1788374475080,3191,3191,0,0,0,155849.76190185547,0,0,4112314368,0,380149760,0
200,1788374475280,3191,3191,0,0,0,155849.76190185547,0,0,4112314368,0,380149760,0
200,1788374475480,3191,3191,0,0,0,155849.76190185547,0,0,4112314368,0,380149760,0
200,1788374475681,3191,3191,0,0,0,155849.76190185547,0,0,4112314368,0,380149760,0
200,1788374475881,3191,3191,0,0,0,155849.76190185547,0,0,4112314368,0,380149760,0
200,1788374476081,3191,3191,0,0,0,155849.76190185547,0,0,4112314368,0,380149760,0
200,1788374476281,3191,3191,0,0,0,155849.76190185547,0,0,4112314368,0,380149760,0
200,1788374476481,3191,3191,0,0,0,155849.76190185547,0,0,4112314368,0,380149760,0
200,1788374476682,3191,3191,0,0,0,155849.76190185547,0,0,4112314368,0,380149760,0
200,1788374476882,3191,3191,0,0,0,155849.76190185547,0,0,4112314368,0,380149760,0
200,1788374477082,3191,3191,0,0,0,155849.76190185547,0,0,4112314368,0,380149760,0
200,1788374477283,3191,3191,0,0,0,155849.76190185547,0,0,4112314368,0,380149760,0
200,1788374477483,3191,3191,0,0,0,155849.76190185547,0,0,4112314368,0,380149760,0
200,1788374477683,3191,3191,0,0,0,155849.76190185547,0,0,4112314368,0,380149760,0
200,1788374477884,3191,3191,0,0,0,155849.76190185547,0,0,4112314368,0,380149760,0
200,1788374478084,3191,3191,0,0,0,155849.76190185547,0,0,4112314368,0,380149760,0
200,1788374478284,3191,3191,0,0,0,155849.78741455078,0,0,4112314368,0,380149760,0
200,1788374478484,3191,3191,0,0,0,155849.78741455078,0,0,4112314368,0,380149760,0
200,1788374478685,3191,3191,0,0,0,155849.78741455078,0,0,4112314368,0,380149760,0
200,1788374478885,3191,3191,0,0,0,155849.78741455078,0,0,4112314368,0,380149760,0
200,1788374479085,3191,3191,0,0,0,155849.78741455078,0,0,4112314368,0,380149760,0
200,1788374479285,3191,3191,0,0,0,155849.78741455078,0,0,4112314368,0,380149760,0
200,1788374479486,3191,3191,0,0,0,155849.78741455078,0,0,4112314368,0,380149760,0
200,1788374479686,3191,3191,0,0,0,155849.78741455078,0,0,4112314368,0,380149760,0
200,1788374479886,3191,3191,0,0,0,155849.78741455078,0,0,4112314368,0,380149760,0
200,1788374480087,3191,3191,0,0,0,155849.78741455078,0,0,4112314368,0,380149760,0
200,1788374480287,3191,3191,0,0,0,155849.7935180664,0,0,4112314368,0,380149760,0
200,1788374480487,3191,3191,0,0,0,155849.7935180664,0,0,4112314368,0,380149760,0
200,1788374480688,3191,3191,0,0,0,155849.7935180664,0,0,4112314368,0,380149760,0
200,1788374480888,3191,3191,0,0,0,155849.7935180664,0,0,4112314368,0,380149760,0
200,1788374481088,3191,3191,0,0,0,155849.7935180664,0,0,4112314368,0,380149760,0
200,1788374481289,3191,3191,0,0,0,155849.7935180664,0,0,4112314368,0,380149760,0
200,1788374481489,3191,3191,0,0,0,155849.7935180664,0,0,4112314368,0,380149760,0
200,1788374481689,3191,3191,0,0,0,155849.7935180664,0,0,4112314368,0,380149760,0
200,1788374481889,3191,3191,0,0,0,155849.7935180664,0,0,4112314368,0,380149760,0
200,1788374482089,3191,3191,0,0,0,155849.7935180664,0,0,4112314368,0,380149760,0
200,1788374482289,3191,3191,0,0,0,155849.7935180664,0,0,4112314368,0,380149760,0
200,1788374482490,3191,3191,0,0,0,155849.7935180664,0,0,4112314368,0,380149760,0
200,1788374482690,3191,3191,0,0,0,155849.7935180664,0,0,4112314368,0,380149760,0
200,1788374482890,3191,3191,0,0,0,155849.7935180664,0,0,4112314368,0,380149760,0
200,1788374483091,3191,3191,0,0,0,155849.7935180664,0,0,4112314368,0,380149760,0
200,1788374483291,3191,3191,0,0,0,155849.79962158203,0,0,4112314368,0,380149760,0
200,1788374483491,3191,3191,4.761904716491699,0,0,155849.79962158203,0,0,4112314368,0,380149760,0
200,1788374483692,3191,3191,0,0,0,155849.79962158203,0,0,4112314368,0,380149760,0
200,1788374483892,3191,3191,0,0,0,155849.79962158203,0,0,4112314368,0,380149760,0
200,1788374484092,3191,3191,0,0,0,155849.79962158203,0,0,4112314368,0,380149760,0
200,1788374484293,3191,3191,0,0,0,155849.79962158203,0,0,4112314368,0,380149760,0
200,1788374484493,3191,3191,0,0,0,155849.79962158203,0,0,4112314368,0,380149760,0
200,1788374484693,3191,3191,0,0,0,155849.79962158203,0,0,4112314368,0,380149760,0
200,1788374484894,3191,3191,0,0,0,155849.79962158203,0,0,4112314368,0,380149760,0
200,1788374485094,3191,3191,0,0,0,155849.79962158203,0,0,4112314368,0,380149760,0
200,1788374485294,3191,3191,0,0,0,155849.79962158203,0,0,4112314368,0,380149760,0
200,1788374485494,3191,3191,0,0,0,155849.79962158203,0,0,4112314368,0,380149760,0
200,1788374485695,3191,3191,0,0,0,155849.79962158203,0,0,4112314368,0,380149760,0
200,1788374485895,3191,3191,0,0,0,155849.79962158203,0,0,4112314368,0,380149760,0
200,1788374486095,3191,3191,0,0,0,155849.79962158203,0,0,4112314368,0,380149760,0
200,1788374486295,3191,3191,0,0,0,155849.8172607422,0,0,4112314368,0,380149760,0
200,1788374486495,3191,3191,4.761904716491699,0,0,155849.8172607422,0,0,4112314368,0,380149760,0
200,1788374486696,3191,3191,0,0,0,155849.8172607422,0,0,4112314368,0,380149760,0
200,1788374486896,3191,3191,0,0,0,155849.8172607422,0,0,4112314368,0,380149760,0
200,1788374487096,3191,3191,0,0,0,155849.8172607422,0,0,4112314368,0,380149760,0
200,1788374487296,3191,3191,0,0,0,155849.8172607422,0,0,4112314368,0,380149760,0
200,1788374487496,3191,3191,0,0,0,155849.8172607422,0,0,4112314368,0,380149760,0
200,1788374487697,3191,3191,0,0,0,155849.8172607422,0,0,4112314368,0,380149760,0
200,1788374487897,3191,3191,0,0,0,155849.8172607422,0,0,4112314368,0,380149760,0
200,1788374488097,3191,3191,0,4.761904716491699,0,155849.8172607422,0,0,4112314368,0,380149760,0
200,1788374488297,3191,3191,0,0,0,155849.8172607422,0,0,4112314368,0,380149760,0
200,1788374488498,3191,3191,0,0,0,155849.8172607422,0,0,4112314368,0,380149760,0
200,1788374488698,3191,3191,0,0,0,155849.8172607422,0,0,4112314368,0,380149760,0
200,1788374488898,3191,3191,0,0,0,155849.8172607422,0,0,4112314368,0,380149760,0
200,1788374489099,3191,3191,0,0,0,155849.8172607422,0,0,4112314368,0,380149760,0
200,1788374489299,3191,3191,0,0,0,155849.8172607422,0,0,4112314368,0,380149760,0
200,1788374489499,3191,3191,0,0,0,155849.8172607422,0,0,4112314368,0,380149760,0
200,1788374489699,3191,3191,0,0,0,155849.8172607422,0,0,4112314368,0,380149760,0
200,1788374489900,3191,3191,0,0,0,155849.8172607422,0,0,4112314368,0,380149760,0
200,1788374490100,3191,3191,0,0,0,155849.8172607422,0,0,4112314368,0,380149760,0
200,1788374490300,3191,3191,0,0,0,155849.82940673828,0,0,4112314368,0,380149760,0
200,1788374490500,3191,3191,0,0,0,155849.82940673828,0,0,4112314368,0,380149760,0
200,1788374490701,3191,3191,0,0,0,155849.82940673828,0,0,4112314368,0,380149760,0
200,1788374490901,3191,3191,0,0,0,155849.82940673828,0,0,4112314368,0,380149760,0
200,1788374491101,3191,3191,0,0,0,155849.82940673828,0,0,4112314368,0,380149760,0
200,1788374491302,3191,3191,0,0,0,155849.82940673828,0,0,4112314368,0,380149760,0
200,1788374491502,3191,3191,0,0,0,155849.82940673828,0,0,4112314368,0,380149760,0
200,1788374491702,3191,3191,0,0,0,155849.82940673828,0,0,4112314368,0,380149760,0
200,1788374491902,3191,3191,0,0,0,155849.82940673828,0,0,4112314368,0,380149760,0
200,1788374492103,3191,3191,0,0,0,155849.82940673828,0,0,4112314368,0,380149760,0
200,1788374492303,3191,3191,0,0,0,155849.83612060547,0,0,4112314368,0,380149760,0
200,1788374492503,3191,3191,0,0,0,155849.83612060547,0,0,4112314368,0,380149760,0
200,1788374492704,3191,3191,0,0,0,155849.83612060547,0,0,4112314368,0,380149760,0
200,1788374492904,3191,3191,0,0,0,155849.83612060547,0,0,4112314368,0,380149760,0
200,1788374493104,3191,3191,0,0,0,155849.83612060547,0,0,4112314368,0,380149760,0
200,1788374493305,3191,3191,0,0,0,155849.83612060547,0,0,4112314368,0,380149760,0
200,1788374493505,3191,3191,0,0,0,155849.83612060547,0,0,4112314368,0,380149760,0
200,1788374493705,3191,3191,0,0,0,155849.83612060547,0,0,4112314368,0,380149760,0
200,1788374493905,3191,3191,0,0,0,155849.83612060547,0,0,4112314368,0,380149760,0
200,1788374494105,3191,3191,0,0,0,155849.83612060547,0,0,4112314368,0,380149760,0
200,1788374494305,3191,3191,0,0,0,155849.83612060547,0,0,4112314368,0,380149760,0
200,1788374494506,3191,3191,0,0,0,155849.83612060547,0,0,4112314368,0,380149760,0
200,1788374494706,3191,3191,0,0,0,155849.83612060547,0,0,4112314368,0,380149760,0
200,1788374494906,3191,3191,0,0,0,155849.83612060547,0,0,4112314368,0,380149760,0
200,1788374495107,3191,3191,0,0,0,155849.83612060547,0,0,4112314368,0,380149760,0
200,1788374495307,3191,3191,0,0,0,155849.83612060547,0,0,4112314368,0,380149760,0
200,1788374495507,3191,3191,0,0,0,155849.83612060547,0,0,4112314368,0,380149760,0
200,1788374495707,3191,3191,0,0,0,155849.83612060547,0,0,4112314368,0,380149760,0
200,1788374495908,3191,3191,0,0,0,155849.83612060547,0,0,4112314368,0,380149760,0
200,1788374496108,3191,3191,0,0,0,155849.83612060547,0,0,4112314368,0,380149760,0
200,1788374496308,3191,3191,0,0,0,155849.87615966797,0,0,4112314368,0,380149760,0
200,1788374496509,3191,3191,0,0,0,155849.87615966797,0,0,4112314368,0,380149760,0
200,1788374496709,3191,3191,0,0,0,155849.87615966797,0,0,4112314368,0,380149760,0
200,1788374496909,3191,3191,0,0,0,155849.87615966797,0,0,4112314368,0,380149760,0
200,1788374497109,3191,3191,0,0,0,155849.87615966797,0,0,4112314368,0,380149760,0
200,1788374497309,3191,3191,0,0,0,155849.87615966797,0,0,4112314368,0,380149760,0
200,1788374497510,3191,3191,0,0,0,155849.87615966797,0,0,4112314368,0,380149760,0
200,1788374497710,3191,3191,0,0,0,155849.87615966797,0,0,4112314368,0,380149760,0
200,1788374497910,3191,3191,0,0,0,155849.87615966797,0,0,4112314368,0,380149760,0
200,1788374498111,3191,3191,0,0,0,155849.87615966797,0,0,4112314368,0,380149760,0
200,1788374498311,3191,3191,0,0,0,155849.87615966797,0,0,4112314368,0,380149760,0
200,1788374498511,3191,3191,0,0,0,155849.87615966797,0,0,4112314368,0,380149760,0
200,1788374498712,3191,3191,0,0,0,155849.87615966797,0,0,4112314368,0,380149760,0
200,1788374498912,3191,3191,0,0,0,155849.87615966797,0,0,4112314368,0,380149760,0
200,1788374499112,3191,3191,0,0,0,155849.87615966797,0,0,4112314368,0,380149760,0
200,1788374499313,3191,3191,0,0,0,155849.88842773438,0,0,4112314368,0,380149760,0
200,1788374499513,3191,3191,0,0,0,155849.88842773438,0,0,4112314368,0,380149760,0
200,1788374499713,3191,3191,0,0,0,155849.88842773438,0,0,4112314368,0,380149760,0
200,1788374499913,3191,3191,0,0,0,155849.88842773438,0,0,4112314368,0,380149760,0
200,1788374500114,3191,3191,0,0,0,155849.88842773438,0,0,4112314368,0,380149760,0
200,1788374500314,3191,3191,0,0,0,155849.88842773438,0,0,4112314368,0,380149760,0
200,1788374500514,3191,3191,0,0,0,155849.88842773438,0,0,4112314368,0,380149760,0
200,1788374500715,3191,3191,0,0,0,155849.88842773438,0,0,4112314368,0,380149760,0
200,1788374500915,3191,3191,0,0,0,155849.88842773438,0,0,4112314368,0,380149760,0
200,1788374501115,3191,3191,4.761904716491699,0,0,155849.88842773438,0,0,4112314368,0,380149760,0
200,1788374501316,3191,3191,0,0,0,155849.88842773438,0,0,4112314368,0,380149760,0
200,1788374501516,3191,3191,0,0,0,155849.88842773438,0,0,4112314368,0,380149760,0
200,1788374501716,3191,3191,0,0,0,155849.88842773438,0,0,4112314368,0,380149760,0
200,1788374501916,3191,3191,0,0,0,155849.88842773438,0,0,4112314368,0,380149760,0
200,1788374502117,3191,3191,0,0,0,155849.88842773438,0,0,4112314368,0,380149760,0
200,1788374502317,3191,3191,0,0,0,155849.89520263672,0,0,4112314368,0,380149760,0
200,1788374502517,3191,3191,0,0,0,155849.89520263672,0,0,4112314368,0,380149760,0
200,1788374502717,3191,3191,0,0,0,155849.89520263672,0,0,4112314368,0,380149760,0
200,1788374502917,3191,3191,0,0,0,155849.89520263672,0,0,4112314368,0,380149760,0
200,1788374503118,3191,3191,0,0,0,155849.89520263672,0,0,4112314368,0,380149760,0
200,1788374503318,3191,3191,0,0,0,155849.89520263672,0,0,4112314368,0,380149760,0
200,1788374503518,3191,3191,0,0,0,155849.89520263672,0,0,4112314368,0,380149760,0
200,1788374503719,3191,3191,0,0,0,155849.89520263672,0,0,4112314368,0,380149760,0
200,1788374503919,3191,3191,0,0,0,155849.89520263672,0,0,4112314368,0,380149760,0
200,1788374504119,3191,3191,4.761904716491699,0,0,155849.89520263672,0,0,4112314368,0,380149760,0
200,1788374504320,3191,3191,0,0,0,155849.89520263672,0,0,4112314368,0,380149760,0
200,1788374504520,3191,3191,0,0,0,155849.89520263672,0,0,4112314368,0,380149760,0
200,1788374504720,3191,3191,0,0,0,155849.89520263672,0,0,4112314368,0,380149760,0
200,1788374504920,3191,3191,0,0,0,155849.89520263672,0,0,4112314368,0,380149760,0
200,1788374505121,3191,3191,0,0,0,155849.89520263672,0,0,4112314368,0,380149760,0
200,1788374505321,3191,3191,0,0,0,155849.90240478516,0,0,4112314368,0,380149760,0
200,1788374505521,3191,3191,0,0,0,155849.90240478516,0,0,4112314368,0,380149760,0
200,1788374505721,3191,3191,0,0,0,155849.90240478516,0,0,4112314368,0,380149760,0
200,1788374505921,3191,3191,0,0,0,155849.90240478516,0,0,4112314368,0,380149760,0
200,1788374506121,3191,3191,0,0,0,155849.90240478516,0,0,4112314368,0,380149760,0
200,1788374506321,3191,3191,0,0,0,155849.90240478516,0,0,4112314368,0,380149760,0
200,1788374506522,3191,3191,0,0,0,155849.90240478516,0,0,4112314368,0,380149760,0
200,1788374506722,3191,3191,0,0,0,155849.90240478516,0,0,4112314368,0,380149760,0
200,1788374506923,3191,3191,0,0,0,155849.90240478516,0,0,4112314368,0,380149760,0
200,1788374507123,3191,3191,0,0,0,155849.90240478516,0,0,4112314368,0,380149760,0
200,1788374507323,3191,3191,0,0,0,155849.90240478516,0,0,4112314368,0,380149760,0
200,1788374507524,3191,3191,0,0,0,155849.90240478516,0,0,4112314368,0,380149760,0
200,1788374507724,3191,3191,0,0,0,155849.90240478516,0,0,4112314368,0,380149760,0
200,1788374507924,3191,3191,0,0,0,155849.90240478516,0,0,4112314368,0,380149760,0
200,1788374508124,3191,3191,0,0,0,155849.90240478516,0,0,4112314368,0,380149760,0
200,1788374508325,3191,3191,0,0,0,155849.90850830078,0,0,4112314368,0,380149760,0
200,1788374508525,3191,3191,0,0,0,155849.90850830078,0,0,4112314368,0,380149760,0
200,1788374508725,3191,3191,0,0,0,155849.90850830078,0,0,4112314368,0,380149760,0
200,1788374508925,3191,3191,0,0,0,155849.90850830078,0,0,4112314368,0,380149760,0
200,1788374509126,3191,3191,0,0,0,155849.90850830078,0,0,4112314368,0,380149760,0
200,1788374509326,3191,3191,0,0,0,155849.90850830078,0,0,4112314368,0,380149760,0
200,1788374509526,3191,3191,0,0,0,155849.90850830078,0,0,4112314368,0,380149760,0
200,1788374509727,3191,3191,0,0,0,155849.90850830078,0,0,4112314368,0,380149760,0
200,1788374509927,3191,3191,0,0,0,155849.90850830078,0,0,4112314368,0,380149760,0
200,1788374510127,3191,3191,0,0,0,155849.90850830078,0,0,4112314368,0,380149760,0
200,1788374510328,3191,3191,0,0,0,155849.90850830078,0,0,4112314368,0,380149760,0
200,1788374510528,3191,3191,0,0,0,155849.90850830078,0,0,4112314368,0,380149760,0
200,1788374510728,3191,3191,0,0,0,155849.90850830078,0,0,4112314368,0,380149760,0
200,1788374510928,3191,3191,0,0,0,155849.90850830078,0,0,4112314368,0,380149760,0
200,1788374511129,3191,3191,0,0,0,155849.90850830078,0,0,4112314368,0,380149760,0
200,1788374511329,3191,3191,0,0,0,155849.92041015625,0,0,4112314368,0,380149760,0
200,1788374511529,3191,3191,0,0,0,155849.92041015625,0,0,4112314368,0,380149760,0
200,1788374511729,3191,3191,0,0,0,155849.92041015625,0,0,4112314368,0,380149760,0
200,1788374511930,3191,3191,0,0,0,155849.92041015625,0,0,4112314368,0,380149760,0
200,1788374512130,3191,3191,0,0,0,155849.92041015625,0,0,4112314368,0,380149760,0
200,1788374512330,3191,3191,0,0,0,155849.92041015625,0,0,4112314368,0,380149760,0
200,1788374512530,3191,3191,0,0,0,155849.92041015625,0,0,4112314368,0,380149760,0
200,1788374512731,3191,3191,0,0,0,155849.92041015625,0,0,4112314368,0,380149760,0
200,1788374512931,3191,3191,0,0,0,155849.92041015625,0,0,4112314368,0,380149760,0
200,1788374513132,3191,3191,4.761904716491699,0,0,155849.92041015625,0,0,4112314368,0,380149760,0
200,1788374513332,3191,3191,0,0,0,155849.92041015625,0,0,4112314368,0,380149760,0
200,1788374513532,3191,3191,0,0,0,155849.92041015625,0,0,4112314368,0,380149760,0
200,1788374513732,3191,3191,0,0,0,155849.92041015625,0,0,4112314368,0,380149760,0
200,1788374513933,3191,3191,0,0,0,155849.92041015625,0,0,4112314368,0,380149760,0
200,1788374514133,3191,3191,0,0,0,155849.92041015625,0,0,4112314368,0,380149760,0
200,1788374514333,3191,3191,0,0,0,155849.9282836914,0,0,4112314368,0,380149760,0
200,1788374514533,3191,3191,0,0,0,155849.9282836914,0,0,4112314368,0,380149760,0
200,1788374514733,3191,3191,0,0,0,155849.9282836914,0,0,4112314368,0,380149760,0
200,1788374514934,3191,3191,0,0,0,155849.9282836914,0,0,4112314368,0,380149760,0
200,1788374515134,3191,3191,0,0,0,155849.9282836914,0,0,4112314368,0,380149760,0
200,1788374515334,3191,3191,0,0,0,155849.9282836914,0,0,4112314368,0,380149760,0
200,1788374515534,3191,3191,0,0,0,155849.9282836914,0,0,4112314368,0,380149760,0
200,1788374515735,3191,3191,0,0,0,155849.9282836914,0,0,4112314368,0,380149760,0
200,1788374515935,3191,3191,0,0,0,155849.9282836914,0,0,4112314368,0,380149760,0
200,1788374516135,3191,3191,0,0,0,155849.9282836914,0,0,4112314368,0,380149760,0
200,1788374516335,3191,3191,4.761904716491699,0,0,155849.9282836914,0,0,4112314368,0,380149760,0
200,1788374516536,3191,3191,0,0,0,155849.9282836914,0,0,4112314368,0,380149760,0
200,1788374516736,3191,3191,0,0,0,155849.9282836914,0,0,4112314368,0,380149760,0
200,1788374516936,3191,3191,0,0,0,155849.9282836914,0,0,4112314368,0,380149760,0
200,1788374517136,3191,3191,0,0,0,155849.9282836914,0,0,4112314368,0,380149760,0
200,1788374517337,3191,3191,0,0,0,155849.9282836914,0,0,4112314368,0,380149760,0
200,1788374517537,3191,3191,0,0,0,155849.9282836914,0,0,4112314368,0,380149760,0
200,1788374517737,3191,3191,0,0,0,155849.9282836914,0,0,4112314368,0,380149760,0
200,1788374517937,3191,3191,0,0,0,155849.9282836914,0,0,4112314368,0,380149760,0
200,1788374518138,3191,3191,0,0,0,155849.9282836914,0,0,4112314368,0,380149760,0
200,1788374518338,3191,3191,0,0,0,155849.9405517578,0,0,4112314368,0,380149760,0
200,1788374518538,3191,3191,0,0,0,155849.9405517578,0,0,4112314368,0,380149760,0
200,1788374518739,3191,3191,0,0,0,155849.9405517578,0,0,4112314368,0,380149760,0
200,1788374518939,3191,3191,0,0,0,155849.9405517578,0,0,4112314368,0,380149760,0
200,1788374519140,3191,3191,0,0,0,155849.9405517578,0,0,4112314368,0,380149760,0
200,1788374519340,3191,3191,0,0,0,155849.9405517578,0,0,4112314368,0,380149760,0
200,1788374519540,3191,3191,0,0,0,155849.9405517578,0,0,4112314368,0,380149760,0
200,1788374519740,3191,3191,0,0,0,155849.9405517578,0,0,4112314368,0,380149760,0
200,1788374519940,3191,3191,0,0,0,155849.9405517578,0,0,4112314368,0,380149760,0
200,1788374520140,3191,3191,0,0,0,155849.9405517578,0,0,4112314368,0,380149760,0
200,1788374520341,3191,3191,0,0,0,155849.9405517578,0,0,4112314368,0,380149760,0
200,1788374520541,3191,3191,0,0,0,155849.9405517578,0,0,4112314368,0,380149760,0
200,1788374520741,3191,3191,0,0,0,155849.9405517578,0,0,4112314368,0,380149760,0
200,1788374520941,3191,3191,0,0,0,155849.9405517578,0,0,4112314368,0,380149760,0
200,1788374521142,3191,3191,0,0,0,155849.9405517578,0,0,4112314368,0,380149760,0
200,1788374521342,3191,3191,0,0,0,155849.9405517578,0,0,4112314368,0,380149760,0
200,1788374521543,3191,3191,0,0,0,155849.9405517578,0,0,4112314368,0,380149760,0
200,1788374521743,3191,3191,0,0,0,155849.9405517578,0,0,4112314368,0,380149760,0
200,1788374521943,3191,3191,0,0,0,155849.9405517578,0,0,4112314368,0,380149760,0
200,1788374522144,3191,3191,0,0,0,155849.9405517578,0,0,4112314368,0,380149760,0
200,1788374522344,3191,3191,0,0,0,155849.95611572266,0,0,4112314368,0,380149760,0
200,1788374522544,3191,3191,0,0,0,155849.95611572266,0,0,4112314368,0,380149760,0
200,1788374522744,3191,3191,0,0,0,155849.95611572266,0,0,4112314368,0,380149760,0
200,1788374522945,3191,3191,0,0,0,155849.95611572266,0,0,4112314368,0,380149760,0
200,1788374523145,3191,3191,0,0,0,155849.95611572266,0,0,4112314368,0,380149760,0
200,1788374523345,3191,3191,0,0,0,155849.95611572266,0,0,4112314368,0,380149760,0
200,1788374523545,3191,3191,0,0,0,155849.95611572266,0,0,4112314368,0,380149760,0
200,1788374523746,3191,3191,0,0,0,155849.95611572266,0,0,4112314368,0,380149760,0
200,1788374523946,3191,3191,0,0,0,155849.95611572266,0,0,4112314368,0,380149760,0
200,1788374524146,3191,3191,0,0,0,155849.95611572266,0,0,4112314368,0,380149760,0
200,1788374524346,3191,3191,0,0,0,155849.95611572266,0,0,4112314368,0,380149760,0
200,1788374524547,3191,3191,0,0,0,155849.95611572266,0,0,4112314368,0,380149760,0
200,1788374524747,3191,3191,0,0,0,155849.95611572266,0,0,4112314368,0,380149760,0
200,1788374524948,3191,3191,0,0,0,155849.95611572266,0,0,4112314368,0,380149760,0
200,1788374525148,3191,3191,0,0,0,155849.95611572266,0,0,4112314368,0,380149760,0
200,1788374525348,3191,3191,0,0,0,155849.96221923828,0,0,4112314368,0,380149760,0
200,1788374525548,3191,3191,0,0,0,155849.96221923828,0,0,4112314368,0,380149760,0
200,1788374525749,3191,3191,0,0,0,155849.96221923828,0,0,4112314368,0,380149760,0
200,1788374525949,3191,3191,0,0,0,155849.96221923828,0,0,4112314368,0,380149760,0
200,1788374526149,3191,3191,0,0,0,155849.96221923828,0,0,4112314368,0,380149760,0
200,1788374526349,3191,3191,0,0,0,155849.96221923828,0,0,4112314368,0,380149760,0
200,1788374526549,3191,3191,0,0,0,155849.96221923828,0,0,4112314368,0,380149760,0
200,1788374526749,3191,3191,0,0,0,155849.96221923828,0,0,4112314368,0,380149760,0
200,1788374526950,3191,3191,0,0,0,155849.96221923828,0,0,4112314368,0,380149760,0
200,1788374527150,3191,3191,0,0,0,155849.96221923828,0,0,4112314368,0,380149760,0
200,1788374527351,3191,3191,0,0,0,155849.96221923828,0,0,4112314368,0,380149760,0
200,1788374527551,3191,3191,0,0,0,155849.96221923828,0,0,4112314368,0,380149760,0
200,1788374527751,3191,3191,0,0,0,155849.96221923828,0,0,4112314368,0,380149760,0
200,1788374527951,3191,3191,0,0,0,155849.96221923828,0,0,4112314368,0,380149760,0
200,1788374528152,3191,3191,0,0,0,155849.96221923828,0,0,4112314368,0,380149760,0
200,1788374528352,3191,3191,0,0,0,155849.96838378906,0,0,4112314368,0,380149760,0
200,1788374528552,3191,3191,0,0,0,155849.96838378906,0,0,4112314368,0,380149760,0
200,1788374528753,3191,3191,0,0,0,155849.96838378906,0,0,4112314368,0,380149760,0
200,1788374528953,3191,3191,0,0,0,155849.96838378906,0,0,4112314368,0,380149760,0
200,1788374529153,3191,3191,0,0,0,155849.96838378906,0,0,4112314368,0,380149760,0
200,1788374529353,3191,3191,0,0,0,155849.96838378906,0,0,4112314368,0,380149760,0
200,1788374529554,3191,3191,0,0,0,155849.96838378906,0,0,4112314368,0,380149760,0
200,1788374529754,3191,3191,0,0,0,155849.96838378906,0,0,4112314368,0,380149760,0
200,1788374529954,3191,3191,5,0,0,155849.96838378906,0,0,4112314368,0,380149760,0
200,1788374530155,3191,3191,0,0,0,155849.96838378906,0,0,4112314368,0,380149760,0
200,1788374530355,3191,3191,0,0,0,155849.96838378906,0,0,4112314368,0,380149760,0
200,1788374530555,3191,3191,0,0,0,155849.96838378906,0,0,4112314368,0,380149760,0
200,1788374530756,3191,3191,0,0,0,155849.96838378906,0,0,4112314368,0,380149760,0
200,1788374530956,3191,3191,0,0,0,155849.96838378906,0,0,4112314368,0,380149760,0
200,1788374531156,3191,3191,0,0,0,155849.96838378906,0,0,4112314368,0,380149760,0
200,1788374531356,3191,3191,0,0,0,155849.9805908203,0,0,4112314368,0,380149760,0
200,1788374531557,3191,3191,0,0,0,155849.9805908203,0,0,4112314368,0,380149760,0
200,1788374531757,3191,3191,0,0,0,155849.9805908203,0,0,4112314368,0,380149760,0
200,1788374531957,3191,3191,0,0,0,155849.9805908203,0,0,4112314368,0,380149760,0
200,1788374532157,3191,3191,0,0,0,155849.9805908203,0,0,4112314368,0,380149760,0
200,1788374532358,3191,3191,0,0,0,155849.9805908203,0,0,4112314368,0,380149760,0
200,1788374532558,3191,3191,0,0,0,155849.9805908203,0,0,4112314368,0,380149760,0
200,1788374532758,3191,3191,0,0,0,155849.9805908203,0,0,4112314368,0,380149760,0
200,1788374532959,3191,3191,0,0,0,155849.9805908203,0,0,4112314368,0,380149760,0
200,1788374533159,3191,3191,0,0,0,155849.9805908203,0,0,4112314368,0,380149760,0
200,1788374533359,3191,3191,4.761904716491699,0,0,155849.9867553711,0,0,4112314368,0,380149760,0
200,1788374533560,3191,3191,0,0,0,155849.9867553711,0,0,4112314368,0,380149760,0
200,1788374533760,3191,3191,0,0,0,155849.9867553711,0,0,4112314368,0,380149760,0
200,1788374533960,3191,3191,0,0,0,155849.9867553711,0,0,4112314368,0,380149760,0
200,1788374534161,3191,3191,0,0,0,155849.9867553711,0,0,4112314368,0,380149760,0
200,1788374534361,3191,3191,0,0,0,155849.99475097656,0,0,4112314368,0,380149760,0
200,1788374534561,3191,3191,0,0,0,155849.99475097656,0,0,4112314368,0,380149760,0
200,1788374534761,3191,3191,0,0,0,155849.99475097656,0,0,4112314368,0,380149760,0
200,1788374534961,3191,3191,0,0,0,155849.99475097656,0,0,4112314368,0,380149760,0
200,1788374535162,3191,3191,0,0,0,155849.99475097656,0,0,4112314368,0,380149760,0
200,1788374535362,3191,3191,0,0,0,155849.99475097656,0,0,4112314368,0,380149760,0
200,1788374535562,3191,3191,0,0,0,155849.99475097656,0,0,4112314368,0,380149760,0
200,1788374535762,3191,3191,0,0,0,155849.99475097656,0,0,4112314368,0,380149760,0
200,1788374535962,3191,3191,0,0,0,155849.99475097656,0,0,4112314368,0,380149760,0
200,1788374536163,3191,3191,0,0,0,155849.99475097656,0,0,4112314368,0,380149760,0
200,1788374536363,3191,3191,0,0,0,155849.99475097656,0,0,4112314368,0,380149760,0
200,1788374536563,3191,3191,0,0,0,155849.99475097656,0,0,4112314368,0,380149760,0
200,1788374536764,3191,3191,0,0,0,155849.99475097656,0,0,4112314368,0,380149760,0
200,1788374536964,3191,3191,0,0,0,155849.99475097656,0,0,4112314368,0,380149760,0
200,1788374537164,3191,3191,0,0,0,155849.99475097656,0,0,4112314368,0,380149760,0
200,1788374537364,3191,3191,0,0,0,155850.00219726563,0,0,4112314368,0,380149760,0
200,1788374537565,3191,3191,0,0,0,155850.00219726563,0,0,4112314368,0,380149760,0
200,1788374537765,3191,3191,0,0,0,155850.00219726563,0,0,4112314368,0,380149760,0
200,1788374537965,3191,3191,0,0,0,155850.00219726563,0,0,4112314368,0,380149760,0
200,1788374538165,3191,3191,0,0,0,155850.00219726563,0,0,4112314368,0,380149760,0
200,1788374538365,3191,3191,0,0,0,155850.00219726563,0,0,4112314368,0,380149760,0
200,1788374538565,3191,3191,0,0,0,155850.00219726563,0,0,4112314368,0,380149760,0
200,1788374538766,3191,3191,0,0,0,155850.00219726563,0,0,4112314368,0,380149760,0
200,1788374538966,3191,3191,0,0,0,155850.00219726563,0,0,4112314368,0,380149760,0
200,1788374539166,3191,3191,0,0,0,155850.00219726563,0,0,4112314368,0,380149760,0
200,1788374539367,3191,3191,0,0,0,155850.00219726563,0,0,4112314368,0,380149760,0
200,1788374539567,3191,3191,0,0,0,155850.00219726563,0,0,4112314368,0,380149760,0
200,1788374539768,3191,3191,0,0,0,155850.00219726563,0,0,4112314368,0,380149760,0
200,1788374539968,3191,3191,0,0,0,155850.00219726563,0,0,4112314368,0,380149760,0
200,1788374540168,3191,3191,0,0,0,155850.00219726563,0,0,4112314368,0,380149760,0
200,1788374540368,3191,3191,0,0,0,155850.00219726563,0,0,4112314368,0,380149760,0
200,1788374540569,3191,3191,0,0,0,155850.00219726563,0,0,4112314368,0,380149760,0
200,1788374540769,3191,3191,0,0,0,155850.00219726563,0,0,4112314368,0,380149760,0
200,1788374540969,3191,3191,0,0,0,155850.00219726563,0,0,4112314368,0,380149760,0
200,1788374541169,3191,3191,0,0,0,155850.00219726563,0,0,4112314368,0,380149760,0
200,1788374541370,3191,3191,0,0,0,155850.02044677734,0,0,4112314368,0,380149760,0
200,1788374541570,3191,3191,0,0,0,155850.02044677734,0,0,4112314368,0,380149760,0
200,1788374541770,3191,3191,0,0,0,155850.02044677734,0,0,4112314368,0,380149760,0
200,1788374541971,3191,3191,0,0,0,155850.02044677734,0,0,4112314368,0,380149760,0
200,1788374542171,3191,3191,0,0,0,155850.02044677734,0,0,4112314368,0,380149760,0
200,1788374542371,3191,3191,4.761904716491699,0,0,155850.02044677734,0,0,4112314368,0,380149760,0
200,1788374542572,3191,3191,0,0,0,155850.02044677734,0,0,4112314368,0,380149760,0
200,1788374542772,3191,3191,0,0,0,155850.02044677734,0,0,4112314368,0,380149760,0
200,1788374542972,3191,3191,0,0,0,155850.02044677734,0,0,4112314368,0,380149760,0
200,1788374543172,3191,3191,0,0,0,155850.02044677734,0,0,4112314368,0,380149760,0
200,1788374543373,3191,3191,0,0,0,155850.02044677734,0,0,4112314368,0,380149760,0
200,1788374543573,3191,3191,0,0,0,155850.02044677734,0,0,4112314368,0,380149760,0
200,1788374543773,3191,3191,0,0,0,155850.02044677734,0,0,4112314368,0,380149760,0
200,1788374543973,3191,3191,0,0,0,155850.02044677734,0,0,4112314368,0,380149760,0
200,1788374544174,3191,3191,0,0,0,155850.02044677734,0,0,4112314368,0,380149760,0
200,1788374544374,3191,3191,0,0,0,155850.02850341797,0,0,4112314368,0,380149760,0
200,1788374544574,3191,3191,0,0,0,155850.02850341797,0,0,4112314368,0,380149760,0
200,1788374544775,3191,3191,0,0,0,155850.02850341797,0,0,4112314368,0,380149760,0
200,1788374544975,3191,3191,0,0,0,155850.02850341797,0,0,4112314368,0,380149760,0
200,1788374545175,3191,3191,0,0,0,155850.02850341797,0,0,4112314368,0,380149760,0
200,1788374545376,3191,3191,0,0,0,155850.02850341797,0,0,4112314368,0,380149760,0
200,1788374545576,3191,3191,0,0,0,155850.02850341797,0,0,4112314368,0,380149760,0
200,1788374545776,3191,3191,0,0,0,155850.02850341797,0,0,4112314368,0,380149760,0
200,1788374545976,3191,3191,0,0,0,155850.02850341797,0,0,4112314368,0,380149760,0
200,1788374546176,3191,3191,0,0,0,155850.02850341797,0,0,4112314368,0,380149760,0
200,1788374546376,3191,3191,0,0,0,155850.02850341797,0,0,4112314368,0,380149760,0
200,1788374546577,3191,3191,0,0,0,155850.02850341797,0,0,4112314368,0,380149760,0
200,1788374546777,3191,3191,0,0,0,155850.02850341797,0,0,4112314368,0,380141568,0
200,1788374546977,3191,3191,0,0,0,155850.02850341797,0,0,4112314368,0,380141568,0
200,1788374547177,3191,3191,0,0,0,155850.02850341797,0,0,4112314368,0,380141568,0
200,1788374547378,3191,3191,0,0,0,155850.0352783203,0,0,4112314368,0,380141568,0
200,1788374547578,3191,3191,0,0,0,155850.0352783203,0,0,4112314368,0,380141568,0
200,1788374547778,3191,3191,0,0,0,155850.0352783203,0,0,4112314368,0,380141568,0
200,1788374547978,3191,3191,0,0,0,155850.0352783203,0,0,4112314368,0,380141568,0
200,1788374548179,3191,3191,0,0,0,155850.0352783203,0,0,4112314368,0,380141568,0
200,1788374548379,3191,3191,0,0,0,155850.0352783203,0,0,4112314368,0,380141568,0
200,1788374548580,3191,3191,0,0,0,155850.0352783203,0,0,4112314368,0,380141568,0
200,1788374548780,3191,3191,0,0,0,155850.0352783203,0,0,4112314368,0,380141568,0
200,1788374548980,3191,3191,0,0,0,155850.0352783203,0,0,4112314368,0,380141568,0
200,1788374549180,3191,3191,0,0,0,155850.0352783203,0,0,4112314368,0,380141568,0
200,1788374549380,3191,3191,0,0,0,155850.0352783203,0,0,4112314368,0,380141568,0
200,1788374549581,3191,3191,0,0,0,155850.0352783203,0,0,4112314368,0,380141568,0
200,1788374549781,3191,3191,0,0,0,155850.0352783203,0,0,4112314368,0,380141568,0
200,1788374549981,3191,3191,0,0,0,155850.0352783203,0,0,4112314368,0,380141568,0
200,1788374550181,3191,3191,0,0,0,155850.0352783203,0,0,4112314368,0,380141568,0
200,1788374550381,3191,3191,0,0,0,155850.05377197266,0,0,4112314368,0,380141568,0
200,1788374550581,3191,3191,0,0,0,155850.05377197266,0,0,4112314368,0,380141568,0
200,1788374550781,3191,3191,0,0,0,155850.05377197266,0,0,4112314368,0,380141568,0
200,1788374550982,3191,3191,0,0,0,155850.05377197266,0,0,4112314368,0,380141568,0
200,1788374551182,3191,3191,0,0,0,155850.05377197266,0,0,4112314368,0,380141568,0
200,1788374551383,3191,3191,0,0,0,155850.05377197266,0,0,4112314368,0,380141568,0
200,1788374551583,3191,3191,0,0,0,155850.05377197266,0,0,4112314368,0,380141568,0
200,1788374551783,3191,3191,0,0,0,155850.05377197266,0,0,4112314368,0,380141568,0
200,1788374551984,3191,3191,4.761904716491699,0,0,155850.05377197266,0,0,4112314368,0,380141568,0
200,1788374552184,3191,3191,0,0,0,155850.05377197266,0,0,4112314368,0,380141568,0
200,1788374552384,3191,3191,0,0,0,155850.05377197266,0,0,4112314368,0,380141568,0
200,1788374552584,3191,3191,0,0,0,155850.05377197266,0,0,4112314368,0,380141568,0
200,1788374552785,3191,3191,0,0,0,155850.05377197266,0,0,4112314368,0,380141568,0
200,1788374552985,3191,3191,0,0,0,155850.05377197266,0,0,4112314368,0,380141568,0
200,1788374553185,3191,3191,0,0,0,155850.05377197266,0,0,4112314368,0,380141568,0
200,1788374553385,3191,3191,0,0,0,155850.05993652344,0,0,4112314368,0,380141568,0
200,1788374553586,3191,3191,0,0,0,155850.05993652344,0,0,4112314368,0,380141568,0
200,1788374553786,3191,3191,0,0,0,155850.05993652344,0,0,4112314368,0,380141568,0
200,1788374553986,3191,3191,0,0,0,155850.05993652344,0,0,4112314368,0,380141568,0
200,1788374554187,3191,3191,0,0,0,155850.05993652344,0,0,4112314368,0,380141568,0
200,1788374554387,3191,3191,0,0,0,155850.05993652344,0,0,4112314368,0,380141568,0
200,1788374554587,3191,3191,0,0,0,155850.05993652344,0,0,4112314368,0,380141568,0
200,1788374554788,3191,3191,0,0,0,155850.05993652344,0,0,4112314368,0,380141568,0
200,1788374554988,3191,3191,0,0,0,155850.05993652344,0,0,4112314368,0,380141568,0
200,1788374555188,3191,3191,0,0,0,155850.05993652344,0,0,4112314368,0,380141568,0
200,1788374555388,3191,3191,0,0,0,155850.05993652344,0,0,4112314368,0,380141568,0
200,1788374555588,3191,3191,0,0,0,155850.05993652344,0,0,4112314368,0,380141568,0
200,1788374555789,3191,3191,0,0,0,155850.05993652344,0,0,4112314368,0,380141568,0
200,1788374555989,3191,3191,0,0,0,155850.05993652344,0,0,4112314368,0,380141568,0
200,1788374556189,3191,3191,0,0,0,155850.05993652344,0,0,4112314368,0,380141568,0
200,1788374556389,3191,3191,0,0,0,155850.0762939453,0,0,4112314368,0,380141568,0
200,1788374556590,3191,3191,0,0,0,155850.0762939453,0,0,4112314368,0,380141568,0
200,1788374556790,3191,3191,0,0,0,155850.0762939453,0,0,4112314368,0,380141568,0
200,1788374556990,3191,3191,0,0,0,155850.0762939453,0,0,4112314368,0,380141568,0
200,1788374557191,3191,3191,0,0,0,155850.0762939453,0,0,4112314368,0,380141568,0
200,1788374557391,3191,3191,0,0,0,155850.0762939453,0,0,4112314368,0,380141568,0
200,1788374557591,3191,3191,0,0,0,155850.0762939453,0,0,4112314368,0,380141568,0
200,1788374557792,3191,3191,0,0,0,155850.0762939453,0,0,4112314368,0,380141568,0
200,1788374557992,3191,3191,0,0,0,155850.0762939453,0,0,4112314368,0,380141568,0
200,1788374558192,3191,3191,0,0,0,155850.0762939453,0,0,4112314368,0,380141568,0
200,1788374558392,3191,3191,0,0,0,155850.0762939453,0,0,4112314368,0,380141568,0
200,1788374558593,3191,3191,0,0,0,155850.0762939453,0,0,4112314368,0,380141568,0
200,1788374558793,3191,3191,0,0,0,155850.0762939453,0,0,4112314368,0,380141568,0
200,1788374558993,3191,3191,0,0,0,155850.0762939453,0,0,4112314368,0,380141568,0
200,1788374559193,3191,3191,0,0,0,155850.0762939453,0,0,4112314368,0,380141568,0
200,1788374559394,3191,3191,0,0,0,155850.0762939453,0,0,4112314368,0,380141568,0
200,1788374559594,3191,3191,0,0,0,155850.0762939453,0,0,4112314368,0,380141568,0
200,1788374559794,3191,3191,0,0,0,155850.0762939453,0,0,4112314368,0,380141568,0
200,1788374559995,3191,3191,0,0,0,155850.0762939453,0,0,4112314368,0,380141568,0
200,1788374560195,3191,3191,0,0,0,155850.0762939453,0,0,4112314368,0,380141568,0
200,1788374560395,3191,3191,4.761904716491699,0,0,155850.0889892578,0,0,4112314368,0,380141568,0
200,1788374560596,3191,3191,0,0,0,155850.0889892578,0,0,4112314368,0,380141568,0
200,1788374560796,3191,3191,0,0,0,155850.0889892578,0,0,4112314368,0,380141568,0
200,1788374560996,3191,3191,0,0,0,155850.0889892578,0,0,4112314368,0,380141568,0
200,1788374561197,3191,3191,0,0,0,155850.0889892578,0,0,4112314368,0,380141568,0
200,1788374561397,3191,3191,0,0,0,155850.0889892578,0,0,4112314368,0,380141568,0
200,1788374561597,3191,3191,0,0,0,155850.0889892578,0,0,4112314368,0,380141568,0
200,1788374561797,3191,3191,0,0,0,155850.0889892578,0,0,4112314368,0,380141568,0
200,1788374561997,3191,3191,0,0,0,155850.0889892578,0,0,4112314368,0,380141568,0
200,1788374562197,3191,3191,0,0,0,155850.0889892578,0,0,4112314368,0,380141568,0
200,1788374562398,3191,3191,0,0,0,155850.0889892578,0,0,4112314368,0,380141568,0
200,1788374562598,3191,3191,0,0,0,155850.0889892578,0,0,4112314368,0,380141568,0
200,1788374562798,3191,3191,0,0,0,155850.0889892578,0,0,4112314368,0,380141568,0
200,1788374562999,3191,3191,0,0,0,155850.0889892578,0,0,4112314368,0,380141568,0
200,1788374563199,3191,3191,0,0,0,155850.0889892578,0,0,4112314368,0,380141568,0
200,1788374563399,3191,3191,0,0,0,155850.10107421875,0,0,4112314368,0,380141568,0
200,1788374563600,3191,3191,0,0,0,155850.10107421875,0,0,4112314368,0,380141568,0
200,1788374563800,3191,3191,0,0,0,155850.10107421875,0,0,4112314368,0,380141568,0
200,1788374564000,3191,3191,0,0,0,155850.10107421875,0,0,4112314368,0,380141568,0
200,1788374564200,3191,3191,0,0,0,155850.10107421875,0,0,4112314368,0,380141568,0
200,1788374564401,3191,3191,0,0,0,155850.10107421875,0,0,4112314368,0,380141568,0
200,1788374564601,3191,3191,0,0,0,155850.10107421875,0,0,4112314368,0,380141568,0
200,1788374564801,3191,3191,0,0,0,155850.10107421875,0,0,4112314368,0,380141568,0
200,1788374565001,3191,3191,0,0,0,155850.10107421875,0,0,4112314368,0,380141568,0
200,1788374565201,3191,3191,0,0,0,155850.10107421875,0,0,4112314368,0,380141568,0
200,1788374565402,3191,3191,0,0,0,155850.10107421875,0,0,4112314368,0,380141568,0
200,1788374565602,3191,3191,0,0,0,155850.10107421875,0,0,4112314368,0,380141568,0
200,1788374565802,3191,3191,0,0,0,155850.10107421875,0,0,4112314368,0,380141568,0
200,1788374566003,3191,3191,0,0,0,155850.10107421875,0,0,4112314368,0,380141568,0
200,1788374566203,3191,3191,0,0,0,155850.10107421875,0,0,4112314368,0,380141568,0
200,1788374566403,3191,3191,0,0,0,155850.11462402344,0,0,4112314368,0,380141568,0
200,1788374566603,3191,3191,0,0,0,155850.11462402344,0,0,4112314368,0,380141568,0
200,1788374566803,3191,3191,0,0,0,155850.11462402344,0,0,4112314368,0,380141568,0
200,1788374567004,3191,3191,0,0,0,155850.11462402344,0,0,4112314368,0,380141568,0
200,1788374567204,3191,3191,0,0,0,155850.11462402344,0,0,4112314368,0,380141568,0
200,1788374567404,3191,3191,0,0,0,155850.11462402344,0,0,4112314368,0,380141568,0
200,1788374567604,3191,3191,0,0,0,155850.11462402344,0,0,4112314368,0,380141568,0
200,1788374567805,3191,3191,0,0,0,155850.11462402344,0,0,4112314368,0,380141568,0
200,1788374568005,3191,3191,0,0,0,155850.11462402344,0,0,4112314368,0,380141568,0
200,1788374568205,3191,3191,0,0,0,155850.11462402344,0,0,4112314368,0,380141568,0
200,1788374568405,3191,3191,0,0,0,155850.11462402344,0,0,4112314368,0,380141568,0
200,1788374568606,3191,3191,0,0,0,155850.11462402344,0,0,4112314368,0,380141568,0
200,1788374568806,3191,3191,0,0,0,155850.11462402344,0,0,4112314368,0,380141568,0
200,1788374569006,3191,3191,0,0,0,155850.11462402344,0,0,4112314368,0,380141568,0
200,1788374569207,3191,3191,0,0,0,155850.11462402344,0,0,4112314368,0,380141568,0
200,1788374569407,3191,3191,0,0,0,155850.12072753906,0,0,4112314368,0,380141568,0
200,1788374569607,3191,3191,0,0,0,155850.12072753906,0,0,4112314368,0,380141568,0
200,1788374569808,3191,3191,0,0,0,155850.12072753906,0,0,4112314368,0,380141568,0
200,1788374570008,3191,3191,0,0,0,155850.12072753906,0,0,4112314368,0,380141568,0
200,1788374570208,3191,3191,0,0,0,155850.12072753906,0,0,4112314368,0,380141568,0
200,1788374570408,3191,3191,0,0,0,155850.12072753906,0,0,4112314368,0,380141568,0
200,1788374570609,3191,3191,0,0,0,155850.12072753906,0,0,4112314368,0,380141568,0
200,1788374570809,3191,3191,0,0,0,155850.12072753906,0,0,4112314368,0,380141568,0
200,1788374571009,3191,3191,0,0,0,155850.12072753906,0,0,4112314368,0,380141568,0
200,1788374571210,3191,3191,0,0,0,155850.12072753906,0,0,4112314368,0,380141568,0
200,1788374571410,3191,3191,0,0,0,155850.12072753906,0,0,4112314368,0,380141568,0
200,1788374571610,3191,3191,0,0,0,155850.12072753906,0,0,4112314368,0,380141568,0
200,1788374571810,3191,3191,0,0,0,155850.12072753906,0,0,4112314368,0,380141568,0
200,1788374572011,3191,3191,0,0,0,155850.12072753906,0,0,4112314368,0,380141568,0
200,1788374572211,3191,3191,0,0,0,155850.12072753906,0,0,4112314368,0,380141568,0
200,1788374572411,3191,3191,4.761904716491699,0,0,155850.13354492188,0,0,4112314368,0,380141568,0
200,1788374572612,3191,3191,0,0,0,155850.13354492188,0,0,4112314368,0,380141568,0
200,1788374572812,3191,3191,0,0,0,155850.13354492188,0,0,4112314368,0,380141568,0
200,1788374573012,3191,3191,0,0,0,155850.13354492188,0,0,4112314368,0,380141568,0
200,1788374573213,3191,3191,0,0,0,155850.13354492188,0,0,4112314368,0,380141568,0
200,1788374573413,3191,3191,0,0,0,155850.13958740234,0,0,4112314368,0,380141568,0
200,1788374573613,3191,3191,0,0,0,155850.13958740234,0,0,4112314368,0,380141568,0
200,1788374573813,3191,3191,0,0,0,155850.13958740234,0,0,4112314368,0,380141568,0
200,1788374574013,3191,3191,0,0,0,155850.13958740234,0,0,4112314368,0,380141568,0
200,1788374574213,3191,3191,0,0,0,155850.13958740234,0,0,4112314368,0,380141568,0
200,1788374574414,3191,3191,0,0,0,155850.13958740234,0,0,4112314368,0,380141568,0
200,1788374574614,3191,3191,0,0,0,155850.13958740234,0,0,4112314368,0,380141568,0
200,1788374574814,3191,3191,0,0,0,155850.13958740234,0,0,4112314368,0,380141568,0
200,1788374575015,3191,3191,0,0,0,155850.13958740234,0,0,4112314368,0,380141568,0
200,1788374575215,3191,3191,0,0,0,155850.13958740234,0,0,4112314368,0,380141568,0
200,1788374575415,3191,3191,0,0,0,155850.14575195313,0,0,4112314368,0,380141568,0
200,1788374575616,3191,3191,0,0,0,155850.14575195313,0,0,4112314368,0,380141568,0
200,1788374575816,3191,3191,0,0,0,155850.14575195313,0,0,4112314368,0,380141568,0
200,1788374576016,3191,3191,0,0,0,155850.14575195313,0,0,4112314368,0,380141568,0
200,1788374576216,3191,3191,0,0,0,155850.14575195313,0,0,4112314368,0,380141568,0
200,1788374576416,3191,3191,0,0,0,155850.14575195313,0,0,4112314368,0,380141568,0
200,1788374576617,3191,3191,0,0,0,155850.14575195313,0,0,4112314368,0,380141568,0
200,1788374576817,3191,3191,0,0,0,155850.14575195313,0,0,4112314368,0,380141568,0
200,1788374577017,3191,3191,0,0,0,155850.14575195313,0,0,4112314368,0,380141568,0
200,1788374577217,3191,3191,0,0,0,155850.14575195313,0,0,4112314368,0,380141568,0
200,1788374577417,3191,3191,0,0,0,155850.14575195313,0,0,4112314368,0,380141568,0
200,1788374577618,3191,3191,0,0,0,155850.14575195313,0,0,4112314368,0,380141568,0
200,1788374577818,3191,3191,0,0,0,155850.14575195313,0,0,4112314368,0,380141568,0
200,1788374578018,3191,3191,0,0,0,155850.14575195313,0,0,4112314368,0,380141568,0
200,1788374578219,3191,3191,0,0,0,155850.14575195313,0,0,4112314368,0,380141568,0
200,1788374578419,3191,3191,0,0,0,155850.15209960938,0,0,4112314368,0,380141568,0
200,1788374578619,3191,3191,0,0,0,155850.15209960938,0,0,4112314368,0,380141568,0
200,1788374578820,3191,3191,0,0,0,155850.15209960938,0,0,4112314368,0,380141568,0
200,1788374579020,3191,3191,0,0,0,155850.15209960938,0,0,4112314368,0,380141568,0
200,1788374579220,3191,3191,0,0,0,155850.15209960938,0,0,4112314368,0,380141568,0
200,1788374579421,3191,3191,0,0,0,155850.15209960938,0,0,4112314368,0,380141568,0
200,1788374579621,3191,3191,0,0,0,155850.15209960938,0,0,4112314368,0,380141568,0
200,1788374579821,3191,3191,0,0,0,155850.15209960938,0,0,4112314368,0,380141568,0
200,1788374580021,3191,3191,0,0,0,155850.15209960938,0,0,4112314368,0,380141568,0
200,1788374580222,3191,3191,0,0,0,155850.15209960938,0,0,4112314368,0,380141568,0
200,1788374580422,3191,3191,0,0,0,155850.15209960938,0,0,4112314368,0,380141568,0
200,1788374580622,3191,3191,0,0,0,155850.15209960938,0,0,4112314368,0,380141568,0
200,1788374580823,3191,3191,0,0,0,155850.15209960938,0,0,4112314368,0,380141568,0
200,1788374581023,3191,3191,0,0,0,155850.15209960938,0,0,4112314368,0,380141568,0
200,1788374581223,3191,3191,4.761904716491699,0,0,155850.15209960938,0,0,4112314368,0,380141568,0
200,1788374581423,3191,3191,0,0,0,155850.1641845703,0,0,4112314368,0,380141568,0
200,1788374581624,3191,3191,0,0,0,155850.1641845703,0,0,4112314368,0,380141568,0
200,1788374581824,3191,3191,0,0,0,155850.1641845703,0,0,4112314368,0,380141568,0
200,1788374582024,3191,3191,0,0,0,155850.1641845703,0,0,4112314368,0,380141568,0
200,1788374582224,3191,3191,0,0,0,155850.1641845703,0,0,4112314368,0,380141568,0
200,1788374582425,3191,3191,0,0,0,155850.1641845703,0,0,4112314368,0,380141568,0
200,1788374582625,3191,3191,0,0,0,155850.1641845703,0,0,4112314368,0,380141568,0
200,1788374582825,3191,3191,0,0,0,155850.1641845703,0,0,4112314368,0,380141568,0
200,1788374583026,3191,3191,0,0,0,155850.1641845703,0,0,4112314368,0,380141568,0
200,1788374583226,3191,3191,0,0,0,155850.1641845703,0,0,4112314368,0,380141568,0
200,1788374583426,3191,3191,0,0,0,155850.1641845703,0,0,4112314368,0,380141568,0
200,1788374583627,3191,3191,0,0,0,155850.1641845703,0,0,4112314368,0,380141568,0
200,1788374583827,3191,3191,0,0,0,155850.1641845703,0,0,4112314368,0,380141568,0
200,1788374584027,3191,3191,0,0,0,155850.1641845703,0,0,4112314368,0,380141568,0
200,1788374584227,3191,3191,0,0,0,155850.1641845703,0,0,4112314368,0,380141568,0
200,1788374584428,3191,3191,0,0,0,155850.17211914063,0,0,4112314368,0,380141568,0
200,1788374584628,3191,3191,0,0,0,155850.17211914063,0,0,4112314368,0,380141568,0
200,1788374584828,3191,3191,0,0,0,155850.17211914063,0,0,4112314368,0,380141568,0
200,1788374585029,3191,3191,0,0,0,155850.17211914063,0,0,4112314368,0,380141568,0
200,1788374585229,3191,3191,0,0,0,155850.17211914063,0,0,4112314368,0,380141568,0
200,1788374585429,3191,3191,0,0,0,155850.17211914063,0,0,4112314368,0,380141568,0
200,1788374585629,3191,3191,0,0,0,155850.17211914063,0,0,4112314368,0,380141568,0
200,1788374585829,3191,3191,0,0,0,155850.17211914063,0,0,4112314368,0,380141568,0
200,1788374586029,3191,3191,0,0,0,155850.17211914063,0,0,4112314368,0,380141568,0
200,1788374586229,3191,3191,0,0,0,155850.17211914063,0,0,4112314368,0,380141568,0
200,1788374586430,3191,3191,0,0,0,155850.17211914063,0,0,4112314368,0,380141568,0
200,1788374586630,3191,3191,0,0,0,155850.17211914063,0,0,4112314368,0,380141568,0
200,1788374586830,3191,3191,0,0,0,155850.17211914063,0,0,4112314368,0,380141568,0
200,1788374587031,3191,3191,0,4.761904716491699,0,155850.17211914063,0,0,4112314368,0,380141568,0
200,1788374587231,3191,3191,0,0,0,155850.17211914063,0,0,4112314368,0,380141568,0
200,1788374587431,3191,3191,0,0,0,155850.17822265625,0,0,4112314368,0,380141568,0
200,1788374587632,3191,3191,0,0,0,155850.17822265625,0,0,4112314368,0,380141568,0
200,1788374587832,3191,3191,0,0,0,155850.17822265625,0,0,4112314368,0,380141568,0
200,1788374588032,3191,3191,0,0,0,155850.17822265625,0,0,4112314368,0,380141568,0
200,1788374588232,3191,3191,0,0,0,155850.17822265625,0,0,4112314368,0,380141568,0
200,1788374588433,3191,3191,0,0,0,155850.17822265625,0,0,4112314368,0,380141568,0
200,1788374588633,3191,3191,0,0,0,155850.17822265625,0,0,4112314368,0,380141568,0
200,1788374588833,3191,3191,0,0,0,155850.17822265625,0,0,4112314368,0,380141568,0
200,1788374589034,3191,3191,0,0,0,155850.17822265625,0,0,4112314368,0,380141568,0
200,1788374589234,3191,3191,0,0,0,155850.17822265625,0,0,4112314368,0,380141568,0
200,1788374589434,3191,3191,0,0,0,155850.17822265625,0,0,4112314368,0,380141568,0
200,1788374589635,3191,3191,0,0,0,155850.17822265625,0,0,4112314368,0,380141568,0
200,1788374589835,3191,3191,0,0,0,155850.17822265625,0,0,4112314368,0,380141568,0
200,1788374590035,3191,3191,4.761904716491699,0,0,155850.17822265625,0,0,4112314368,0,380141568,0
200,1788374590236,3191,3191,0,0,0,155850.17822265625,0,0,4112314368,0,380141568,0
200,1788374590436,3191,3191,0,0,0,155850.1905517578,0,0,4112314368,0,380141568,0
200,1788374590636,3191,3191,0,0,0,155850.1905517578,0,0,4112314368,0,380141568,0
200,1788374590837,3191,3191,0,0,0,155850.1905517578,0,0,4112314368,0,380141568,0
200,1788374591037,3191,3191,0,0,0,155850.1905517578,0,0,4112314368,0,380141568,0
200,1788374591237,3191,3191,0,0,0,155850.1905517578,0,0,4112314368,0,380141568,0
200,1788374591437,3191,3191,0,0,0,155850.19647216797,0,0,4112314368,0,380141568,0
200,1788374591638,3191,3191,0,0,0,155850.19647216797,0,0,4112314368,0,380141568,0
200,1788374591838,3191,3191,0,0,0,155850.19647216797,0,0,4112314368,0,380141568,0
200,1788374592038,3191,3191,0,0,0,155850.19647216797,0,0,4112314368,0,380141568,0
200,1788374592239,3191,3191,0,0,0,155850.19647216797,0,0,4112314368,0,380141568,0
200,1788374592439,3191,3191,0,0,0,155850.19647216797,0,0,4112314368,0,380141568,0
200,1788374592639,3191,3191,0,0,0,155850.19647216797,0,0,4112314368,0,380141568,0
200,1788374592840,3191,3191,0,0,0,155850.19647216797,0,0,4112314368,0,380141568,0
200,1788374593040,3191,3191,0,0,0,155850.19647216797,0,0,4112314368,0,380141568,0
200,1788374593240,3191,3191,0,0,0,155850.19647216797,0,0,4112314368,0,380141568,0
200,1788374593441,3191,3191,0,0,0,155850.205078125,0,0,4112314368,0,380141568,0
200,1788374593641,3191,3191,0,0,0,155850.205078125,0,0,4112314368,0,380141568,0
200,1788374593841,3191,3191,0,0,0,155850.205078125,0,0,4112314368,0,380141568,0
200,1788374594041,3191,3191,0,0,0,155850.205078125,0,0,4112314368,0,380141568,0
200,1788374594242,3191,3191,0,0,0,155850.205078125,0,0,4112314368,0,380141568,0
200,1788374594442,3191,3191,0,0,0,155850.205078125,0,0,4112314368,0,380141568,0
200,1788374594642,3191,3191,0,0,0,155850.205078125,0,0,4112314368,0,380141568,0
200,1788374594843,3191,3191,0,0,0,155850.205078125,0,0,4112314368,0,380141568,0
200,1788374595043,3191,3191,0,0,0,155850.205078125,0,0,4112314368,0,380141568,0
200,1788374595243,3191,3191,4.761904716491699,0,0,155850.205078125,0,0,4112314368,0,380141568,0
200,1788374595443,3191,3191,0,0,0,155850.205078125,0,0,4112314368,0,380141568,0
200,1788374595644,3191,3191,0,0,0,155850.205078125,0,0,4112314368,0,380141568,0
200,1788374595844,3191,3191,0,0,0,155850.205078125,0,0,4112314368,0,380141568,0
200,1788374596044,3191,3191,0,0,0,155850.205078125,0,0,4112314368,0,380141568,0
200,1788374596244,3191,3191,0,0,0,155850.205078125,0,0,4112314368,0,380141568,0
200,1788374596445,3191,3191,0,0,0,155850.205078125,0,0,4112314368,0,380141568,0
200,1788374596645,3191,3191,0,0,0,155850.205078125,0,0,4112314368,0,380141568,0
200,1788374596845,3191,3191,0,0,0,155850.205078125,0,0,4112314368,0,380141568,0
200,1788374597045,3191,3191,0,0,0,155850.205078125,0,0,4112314368,0,380141568,0
200,1788374597246,3191,3191,0,0,0,155850.205078125,0,0,4112314368,0,380141568,0
200,1788374597446,3191,3191,0,0,0,155850.21124267578,0,0,4112314368,0,380141568,0
200,1788374597646,3191,3191,0,0,0,155850.21124267578,0,0,4112314368,0,380141568,0
200,1788374597846,3191,3191,0,0,0,155850.21124267578,0,0,4112314368,0,380141568,0
200,1788374598047,3191,3191,0,0,0,155850.21124267578,0,0,4112314368,0,380141568,0
200,1788374598247,3191,3191,0,0,0,155850.21124267578,0,0,4112314368,0,380141568,0
200,1788374598447,3191,3191,0,0,0,155850.21124267578,0,0,4112314368,0,380141568,0
200,1788374598648,3191,3191,0,0,0,155850.21124267578,0,0,4112314368,0,380141568,0
200,1788374598848,3191,3191,0,0,0,155850.21124267578,0,0,4112314368,0,380141568,0
200,1788374599048,3191,3191,0,4.761904716491699,0,155850.21124267578,0,0,4112314368,0,380141568,0
200,1788374599249,3191,3191,0,0,0,155850.21124267578,0,0,4112314368,0,380141568,0
200,1788374599449,3191,3191,0,0,0,155850.22357177734,0,0,4112314368,0,380141568,0
200,1788374599649,3191,3191,0,0,0,155850.22357177734,0,0,4112314368,0,380141568,0
200,1788374599849,3191,3191,0,0,0,155850.22357177734,0,0,4112314368,0,380141568,0
200,1788374600050,3191,3191,0,0,0,155850.22357177734,0,0,4112314368,0,380141568,0
200,1788374600250,3191,3191,0,0,0,155850.22357177734,0,0,4112314368,0,380141568,0
200,1788374600450,3191,3191,0,0,0,155850.22357177734,0,0,4112314368,0,380141568,0
0,1788374600651,3191,3191,0,0,0,155850.22357177734,0,0,4112314368,0,379932672,0
