Delta,Time,CPU_FREQUENCY_0,CPU_FREQUENCY_1,CPU_USAGE_0,CPU_USAGE_1,DRAM_ENERGY (J),PACKAGE_ENERGY (J),PP0_ENERGY (J),PP1_ENERGY (J),TOTAL_MEMORY,TOTAL_SWAP,USED_MEMORY,USED_SWAP
0,1788377433138,3191,3191,9.090909004211426,4.761904716491699,0,155955.96185302734,0,0,4112314368,0,850542592,0
200,1788377433138,3191,3191,9.090909004211426,4.761904716491699,0,155955.96185302734,0,0,4112314368,0,850542592,0
200,1788377433338,3191,3191,0,0,0,155955.9849243164,0,0,4112314368,0,850751488,0
200,1788377433539,3191,3191,0,0,0,155955.9849243164,0,0,4112314368,0,850751488,0
200,1788377433739,3191,3191,0,0,0,155955.9849243164,0,0,4112314368,0,850808832,0
200,1788377433939,3191,3191,0,0,0,155955.9849243164,0,0,4112314368,0,850808832,0
200,1788377434139,3191,3191,0,0,0,155955.9849243164,0,0,4112314368,0,850808832,0
200,1788377434339,3191,3191,4.761904716491699,4.761904716491699,0,155956.00177001953,0,0,4112314368,0,850808832,0
200,1788377434540,3191,3191,0,0,0,155956.00177001953,0,0,4112314368,0,850808832,0
200,1788377434740,3191,3191,0,0,0,155956.00177001953,0,0,4112314368,0,850808832,0
200,1788377434940,3191,3191,0,0,0,155956.00177001953,0,0,4112314368,0,850808832,0
200,1788377435140,3191,3191,0,0,0,155956.00177001953,0,0,4112314368,0,850808832,0
200,1788377435340,3191,3191,0,0,0,155956.00177001953,0,0,4112314368,0,850808832,0
200,1788377435540,3191,3191,0,0,0,155956.00177001953,0,0,4112314368,0,850808832,0
200,1788377435741,3191,3191,0,0,0,155956.00177001953,0,0,4112314368,0,850808832,0
200,1788377435941,3191,3191,0,0,0,155956.00177001953,0,0,4112314368,0,850808832,0
200,1788377436141,3191,3191,0,0,0,155956.00177001953,0,0,4112314368,0,850808832,0
200,1788377436341,3191,3191,0,4.761904716491699,0,155956.01879882813,0,0,4112314368,0,850808832,0
200,1788377436541,3191,3191,0,0,0,155956.01879882813,0,0,4112314368,0,850808832,0
200,1788377436742,3191,3191,0,0,0,155956.01879882813,0,0,4112314368,0,850808832,0
200,1788377436942,3191,3191,0,0,0,155956.01879882813,0,0,4112314368,0,850808832,0
200,1788377437143,3191,3191,0,0,0,155956.01879882813,0,0,4112314368,0,850808832,0
200,1788377437343,3191,3191,0,0,0,155956.02850341797,0,0,4112314368,0,850808832,0
200,1788377437543,3191,3191,0,0,0,155956.02850341797,0,0,4112314368,0,850808832,0
200,1788377437743,3191,3191,0,0,0,155956.02850341797,0,0,4112314368,0,850808832,0
200,1788377437943,3191,3191,0,0,0,155956.02850341797,0,0,4112314368,0,850808832,0
200,1788377438143,3191,3191,4.761904716491699,0,0,155956.02850341797,0,0,4112314368,0,850808832,0
200,1788377438344,3191,3191,0,0,0,155956.04302978516,0,0,4112314368,0,850808832,0
200,1788377438544,3191,3191,0,0,0,155956.04302978516,0,0,4112314368,0,850808832,0
200,1788377438744,3191,3191,0,0,0,155956.04302978516,0,0,4112314368,0,850808832,0
200,1788377438944,3191,3191,0,0,0,155956.04302978516,0,0,4112314368,0,850808832,0
200,1788377439145,3191,3191,0,0,0,155956.04302978516,0,0,4112314368,0,850808832,0
200,1788377439345,3191,3191,0,0,0,155956.0496826172,0,0,4112314368,0,850808832,0
200,1788377439545,3191,3191,0,0,0,155956.0496826172,0,0,4112314368,0,850808832,0
200,1788377439746,3191,3191,0,0,0,155956.0496826172,0,0,4112314368,0,850808832,0
200,1788377439946,3191,3191,0,0,0,155956.0496826172,0,0,4112314368,0,850808832,0
200,1788377440147,3191,3191,0,0,0,155956.0496826172,0,0,4112314368,0,850808832,0
200,1788377440347,3191,3191,0,0,0,155956.0496826172,0,0,4112314368,0,850808832,0
200,1788377440547,3191,3191,0,0,0,155956.0496826172,0,0,4112314368,0,850808832,0
200,1788377440747,3191,3191,0,0,0,155956.0496826172,0,0,4112314368,0,850808832,0
200,1788377440947,3191,3191,5,0,0,155956.0496826172,0,0,4112314368,0,850808832,0
200,1788377441147,3191,3191,0,0,0,155956.0496826172,0,0,4112314368,0,850808832,0
200,1788377441348,3191,3191,0,0,0,155956.0562133789,0,0,4112314368,0,850808832,0
200,1788377441548,3191,3191,0,0,0,155956.0562133789,0,0,4112314368,0,850808832,0
200,1788377441748,3191,3191,0,0,0,155956.0562133789,0,0,4112314368,0,850808832,0
200,1788377441949,3191,3191,0,0,0,155956.0562133789,0,0,4112314368,0,850808832,0
200,1788377442149,3191,3191,0,0,0,155956.0562133789,0,0,4112314368,0,850808832,0
200,1788377442349,3191,3191,0,0,0,155956.06939697266,0,0,4112314368,0,850808832,0
200,1788377442550,3191,3191,0,0,0,155956.06939697266,0,0,4112314368,0,850808832,0
200,1788377442750,3191,3191,0,0,0,155956.06939697266,0,0,4112314368,0,850808832,0
200,1788377442951,3191,3191,0,0,0,155956.06939697266,0,0,4112314368,0,850808832,0
200,1788377443151,3191,3191,0,0,0,155956.06939697266,0,0,4112314368,0,850808832,0
200,1788377443351,3191,3191,0,0,0,155956.06939697266,0,0,4112314368,0,850808832,0
200,1788377443551,3191,3191,0,0,0,155956.06939697266,0,0,4112314368,0,850808832,0
199,1788377443751,3191,3191,0,0,0,155956.06939697266,0,0,4112314368,0,850808832,0
200,1788377443951,3191,3191,0,0,0,155956.06939697266,0,0,4112314368,0,850808832,0
200,1788377444152,3191,3191,0,0,0,155956.06939697266,0,0,4112314368,0,850808832,0
200,1788377444352,3191,3191,0,0,0,155956.07781982422,0,0,4112314368,0,850808832,0
200,1788377444552,3191,3191,0,0,0,155956.07781982422,0,0,4112314368,0,850808832,0
200,1788377444752,3191,3191,0,0,0,155956.07781982422,0,0,4112314368,0,850808832,0
200,1788377444953,3191,3191,0,0,0,155956.07781982422,0,0,4112314368,0,850808832,0
200,1788377445153,3191,3191,0,0,0,155956.07781982422,0,0,4112314368,0,850808832,0
200,1788377445353,3191,3191,0,0,0,155956.0908203125,0,0,4112314368,0,850808832,0
200,1788377445553,3191,3191,0,0,0,155956.0908203125,0,0,4112314368,0,850808832,0
200,1788377445753,3191,3191,0,0,0,155956.0908203125,0,0,4112314368,0,850808832,0
200,1788377445953,3191,3191,0,0,0,155956.0908203125,0,0,4112314368,0,850808832,0
200,1788377446154,3191,3191,0,0,0,155956.0908203125,0,0,4112314368,0,850808832,0
200,1788377446354,3191,3191,0,0,0,155956.0908203125,0,0,4112314368,0,850808832,0
200,1788377446554,3191,3191,0,0,0,155956.0908203125,0,0,4112314368,0,850808832,0
200,1788377446755,3191,3191,0,0,0,155956.0908203125,0,0,4112314368,0,850808832,0
200,1788377446955,3191,3191,0,0,0,155956.0908203125,0,0,4112314368,0,850808832,0
200,1788377447155,3191,3191,0,0,0,155956.0908203125,0,0,4112314368,0,850808832,0
200,1788377447355,3191,3191,0,0,0,155956.11962890625,0,0,4112314368,0,850808832,0
200,1788377447555,3191,3191,4.761904716491699,0,0,155956.11962890625,0,0,4112314368,0,850808832,0
200,1788377447755,3191,3191,4.761904716491699,0,0,155956.11962890625,0,0,4112314368,0,850808832,0
200,1788377447956,3191,3191,0,0,0,155956.11962890625,0,0,4112314368,0,850808832,0
200,1788377448156,3191,3191,0,0,0,155956.11962890625,0,0,4112314368,0,850808832,0
200,1788377448356,3191,3191,0,0,0,155956.12677001953,0,0,4112314368,0,850808832,0
200,1788377448556,3191,3191,0,0,0,155956.12677001953,0,0,4112314368,0,850808832,0
200,1788377448757,3191,3191,0,0,0,155956.12677001953,0,0,4112314368,0,850808832,0
200,1788377448957,3191,3191,0,0,0,155956.12677001953,0,0,4112314368,0,850808832,0
200,1788377449157,3191,3191,0,0,0,155956.12677001953,0,0,4112314368,0,850808832,0
200,1788377449357,3191,3191,0,0,0,155956.12677001953,0,0,4112314368,0,850808832,0
200,1788377449558,3191,3191,0,0,0,155956.12677001953,0,0,4112314368,0,850808832,0
200,1788377449758,3191,3191,0,0,0,155956.12677001953,0,0,4112314368,0,850808832,0
200,1788377449958,3191,3191,0,0,0,155956.12677001953,0,0,4112314368,0,850808832,0
200,1788377450159,3191,3191,0,0,0,155956.12677001953,0,0,4112314368,0,850808832,0
200,1788377450359,3191,3191,0,0,0,155956.12677001953,0,0,4112314368,0,850808832,0
200,1788377450559,3191,3191,0,0,0,155956.12677001953,0,0,4112314368,0,850808832,0
200,1788377450759,3191,3191,0,0,0,155956.12677001953,0,0,4112314368,0,850808832,0
200,1788377450959,3191,3191,0,0,0,155956.12677001953,0,0,4112314368,0,850808832,0
200,1788377451160,3191,3191,0,0,0,155956.12677001953,0,0,4112314368,0,850808832,0
200,1788377451360,3191,3191,0,0,0,155956.1463623047,0,0,4112314368,0,850808832,0
200,1788377451560,3191,3191,0,0,0,155956.1463623047,0,0,4112314368,0,850808832,0
200,1788377451760,3191,3191,0,0,0,155956.1463623047,0,0,4112314368,0,850808832,0
200,1788377451960,3191,3191,0,0,0,155956.1463623047,0,0,4112314368,0,850808832,0
200,1788377452161,3191,3191,0,0,0,155956.1463623047,0,0,4112314368,0,850808832,0
200,1788377452361,3191,3191,0,0,0,155956.1463623047,0,0,4112314368,0,850808832,0
200,1788377452561,3191,3191,0,0,0,155956.1463623047,0,0,4112314368,0,850808832,0
200,1788377452762,3191,3191,0,0,0,155956.1463623047,0,0,4112314368,0,850808832,0
200,1788377452962,3191,3191,0,0,0,155956.1463623047,0,0,4112314368,0,850808832,0
200,1788377453162,3191,3191,0,0,0,155956.1463623047,0,0,4112314368,0,850808832,0
200,1788377453363,3191,3191,0,4.761904716491699,0,155956.15966796875,0,0,4112314368,0,850808832,0
200,1788377453563,3191,3191,0,0,0,155956.15966796875,0,0,4112314368,0,850808832,0
200,1788377453763,3191,3191,0,0,0,155956.15966796875,0,0,4112314368,0,850808832,0
200,1788377453963,3191,3191,0,0,0,155956.15966796875,0,0,4112314368,0,850808832,0
200,1788377454163,3191,3191,0,0,0,155956.15966796875,0,0,4112314368,0,850808832,0
200,1788377454363,3191,3191,4.761904716491699,0,0,155956.15966796875,0,0,4112314368,0,850808832,0
200,1788377454563,3191,3191,0,0,0,155956.15966796875,0,0,4112314368,0,850808832,0
200,1788377454764,3191,3191,0,0,0,155956.15966796875,0,0,4112314368,0,850800640,0
200,1788377454964,3191,3191,0,0,0,155956.15966796875,0,0,4112314368,0,850800640,0
200,1788377455164,3191,3191,0,0,0,155956.15966796875,0,0,4112314368,0,850800640,0
200,1788377455364,3191,3191,0,0,0,155956.15966796875,0,0,4112314368,0,850800640,0
200,1788377455564,3191,3191,0,0,0,155956.15966796875,0,0,4112314368,0,850800640,0
200,1788377455765,3191,3191,0,0,0,155956.15966796875,0,0,4112314368,0,850800640,0
200,1788377455965,3191,3191,0,0,0,155956.15966796875,0,0,4112314368,0,850800640,0
200,1788377456165,3191,3191,5,4.761904716491699,0,155956.15966796875,0,0,4112314368,0,850800640,0
200,1788377456365,3191,3191,0,0,0,155956.18646240234,0,0,4112314368,0,850800640,0
200,1788377456566,3191,3191,0,0,0,155956.18646240234,0,0,4112314368,0,850800640,0
200,1788377456766,3191,3191,0,0,0,155956.18646240234,0,0,4112314368,0,850800640,0
200,1788377456966,3191,3191,0,0,0,155956.18646240234,0,0,4112314368,0,850800640,0
200,1788377457167,3191,3191,0,0,0,155956.18646240234,0,0,4112314368,0,850800640,0
200,1788377457367,3191,3191,0,0,0,155956.19952392578,0,0,4112314368,0,850800640,0
200,1788377457567,3191,3191,0,0,0,155956.19952392578,0,0,4112314368,0,850800640,0
200,1788377457767,3191,3191,0,0,0,155956.19952392578,0,0,4112314368,0,850800640,0
200,1788377457967,3191,3191,4.761904716491699,0,0,155956.19952392578,0,0,4112314368,0,850800640,0
200,1788377458168,3191,3191,0,0,0,155956.19952392578,0,0,4112314368,0,850800640,0
200,1788377458368,3191,3191,0,0,0,155956.2124633789,0,0,4112314368,0,850800640,0
200,1788377458568,3191,3191,0,0,0,155956.2124633789,0,0,4112314368,0,850800640,0
200,1788377458769,3191,3191,0,0,0,155956.2124633789,0,0,4112314368,0,850800640,0
200,1788377458969,3191,3191,0,0,0,155956.2124633789,0,0,4112314368,0,850800640,0
200,1788377459169,3191,3191,0,0,0,155956.2124633789,0,0,4112314368,0,850800640,0
200,1788377459370,3191,3191,0,0,0,155956.2124633789,0,0,4112314368,0,850800640,0
200,1788377459570,3191,3191,0,0,0,155956.2124633789,0,0,4112314368,0,850800640,0
200,1788377459771,3191,3191,0,0,0,155956.2124633789,0,0,4112314368,0,850800640,0
200,1788377459971,3191,3191,0,0,0,155956.2124633789,0,0,4112314368,0,850800640,0
200,1788377460171,3191,3191,0,0,0,155956.2124633789,0,0,4112314368,0,850800640,0
200,1788377460371,3191,3191,10,5,0,155956.22564697266,0,0,4112314368,0,850800640,0
200,1788377460572,3191,3191,0,0,0,155956.22564697266,0,0,4112314368,0,850800640,0
200,1788377460772,3191,3191,0,0,0,155956.22564697266,0,0,4112314368,0,850800640,0
200,1788377460972,3191,3191,0,0,0,155956.22564697266,0,0,4112314368,0,850800640,0
200,1788377461172,3191,3191,0,0,0,155956.22564697266,0,0,4112314368,0,850800640,0
200,1788377461373,3191,3191,0,0,0,155956.24731445313,0,0,4112314368,0,850800640,0
200,1788377461573,3191,3191,0,0,0,155956.24731445313,0,0,4112314368,0,850800640,0
200,1788377461774,3191,3191,0,0,0,155956.24731445313,0,0,4112314368,0,850800640,0
200,1788377461974,3191,3191,0,0,0,155956.24731445313,0,0,4112314368,0,850800640,0
200,1788377462174,3191,3191,0,0,0,155956.24731445313,0,0,4112314368,0,850800640,0
200,1788377462375,3191,3191,0,0,0,155956.24731445313,0,0,4112314368,0,850800640,0
200,1788377462575,3191,3191,0,0,0,155956.24731445313,0,0,4112314368,0,850800640,0
200,1788377462775,3191,3191,0,0,0,155956.24731445313,0,0,4112314368,0,850800640,0
200,1788377462975,3191,3191,0,0,0,155956.24731445313,0,0,4112314368,0,850800640,0
200,1788377463176,3191,3191,4.761904716491699,0,0,155956.24731445313,0,0,4112314368,0,850800640,0
200,1788377463376,3191,3191,0,0,0,155956.26104736328,0,0,4112314368,0,850800640,0
200,1788377463576,3191,3191,0,0,0,155956.26104736328,0,0,4112314368,0,850800640,0
200,1788377463776,3191,3191,0,0,0,155956.26104736328,0,0,4112314368,0,850800640,0
200,1788377463977,3191,3191,0,0,0,155956.26104736328,0,0,4112314368,0,850800640,0
200,1788377464177,3191,3191,0,0,0,155956.26104736328,0,0,4112314368,0,850800640,0
200,1788377464378,3191,3191,0,0,0,155956.26104736328,0,0,4112314368,0,850800640,0
200,1788377464578,3191,3191,0,0,0,155956.26104736328,0,0,4112314368,0,850800640,0
200,1788377464778,3191,3191,0,0,0,155956.26104736328,0,0,4112314368,0,850800640,0
200,1788377464979,3191,3191,0,0,0,155956.26104736328,0,0,4112314368,0,850800640,0
200,1788377465179,3191,3191,0,0,0,155956.26104736328,0,0,4112314368,0,850800640,0
200,1788377465379,3191,3191,0,0,0,155956.27423095703,0,0,4112314368,0,850800640,0
200,1788377465579,3191,3191,0,0,0,155956.27423095703,0,0,4112314368,0,850800640,0
200,1788377465779,3191,3191,4.761904716491699,0,0,155956.27423095703,0,0,4112314368,0,850800640,0
200,1788377465980,3191,3191,0,0,0,155956.27423095703,0,0,4112314368,0,850800640,0
200,1788377466180,3191,3191,0,0,0,155956.27423095703,0,0,4112314368,0,850800640,0
200,1788377466380,3191,3191,0,0,0,155956.27423095703,0,0,4112314368,0,850800640,0
200,1788377466580,3191,3191,0,0,0,155956.27423095703,0,0,4112314368,0,850800640,0
200,1788377466780,3191,3191,0,0,0,155956.27423095703,0,0,4112314368,0,850800640,0
200,1788377466981,3191,3191,0,0,0,155956.27423095703,0,0,4112314368,0,850800640,0
200,1788377467181,3191,3191,0,0,0,155956.27423095703,0,0,4112314368,0,850800640,0
200,1788377467381,3191,3191,0,0,0,155956.31689453125,0,0,4112314368,0,850800640,0
200,1788377467582,3191,3191,0,0,0,155956.31689453125,0,0,4112314368,0,850800640,0
200,1788377467782,3191,3191,0,0,0,155956.31689453125,0,0,4112314368,0,850800640,0
200,1788377467982,3191,3191,0,0,0,155956.31689453125,0,0,4112314368,0,850800640,0
200,1788377468183,3191,3191,0,0,0,155956.31689453125,0,0,4112314368,0,850800640,0
200,1788377468383,3191,3191,0,0,0,155956.31689453125,0,0,4112314368,0,850800640,0
200,1788377468583,3191,3191,0,0,0,155956.31689453125,0,0,4112314368,0,850800640,0
200,1788377468783,3191,3191,0,0,0,155956.31689453125,0,0,4112314368,0,850800640,0
200,1788377468984,3191,3191,0,0,0,155956.31689453125,0,0,4112314368,0,850800640,0
200,1788377469184,3191,3191,0,0,0,155956.31689453125,0,0,4112314368,0,850800640,0
200,1788377469384,3191,3191,0,0,0,155956.3310546875,0,0,4112314368,0,850800640,0
200,1788377469585,3191,3191,0,0,0,155956.3310546875,0,0,4112314368,0,850800640,0
200,1788377469785,3191,3191,0,0,0,155956.3310546875,0,0,4112314368,0,850800640,0
200,1788377469985,3191,3191,0,0,0,155956.3310546875,0,0,4112314368,0,850800640,0
200,1788377470185,3191,3191,0,0,0,155956.3310546875,0,0,4112314368,0,850800640,0
200,1788377470386,3191,3191,0,0,0,155956.3397216797,0,0,4112314368,0,850800640,0
200,1788377470586,3191,3191,0,0,0,155956.3397216797,0,0,4112314368,0,850800640,0
200,1788377470786,3191,3191,0,0,0,155956.3397216797,0,0,4112314368,0,850800640,0
200,1788377470987,3191,3191,0,0,0,155956.3397216797,0,0,4112314368,0,850800640,0
200,1788377471187,3191,3191,0,0,0,155956.3397216797,0,0,4112314368,0,850800640,0
200,1788377471387,3191,3191,0,0,0,155956.3397216797,0,0,4112314368,0,850800640,0
200,1788377471587,3191,3191,0,0,0,155956.3397216797,0,0,4112314368,0,850800640,0
200,1788377471788,3191,3191,5,0,0,155956.3397216797,0,0,4112314368,0,850800640,0
200,1788377471988,3191,3191,0,0,0,155956.3397216797,0,0,4112314368,0,850800640,0
200,1788377472188,3191,3191,0,0,0,155956.3397216797,0,0,4112314368,0,850800640,0
200,1788377472388,3191,3191,0,0,0,155956.3526611328,0,0,4112314368,0,850800640,0
200,1788377472588,3191,3191,0,0,0,155956.3526611328,0,0,4112314368,0,850800640,0
200,1788377472789,3191,3191,0,0,0,155956.3526611328,0,0,4112314368,0,850800640,0
200,1788377472989,3191,3191,0,0,0,155956.3526611328,0,0,4112314368,0,850800640,0
200,1788377473189,3191,3191,0,0,0,155956.3526611328,0,0,4112314368,0,850800640,0
200,1788377473390,3191,3191,0,0,0,155956.3526611328,0,0,4112314368,0,850800640,0
200,1788377473590,3191,3191,0,0,0,155956.3526611328,0,0,4112314368,0,850800640,0
200,1788377473790,3191,3191,4.761904716491699,0,0,155956.3526611328,0,0,4112314368,0,850800640,0
200,1788377473991,3191,3191,0,0,0,155956.3526611328,0,0,4112314368,0,850800640,0
200,1788377474191,3191,3191,0,0,0,155956.3526611328,0,0,4112314368,0,850800640,0
200,1788377474391,3191,3191,0,0,0,155956.37084960938,0,0,4112314368,0,850800640,0
200,1788377474591,3191,3191,0,0,0,155956.37084960938,0,0,4112314368,0,850800640,0
200,1788377474792,3191,3191,0,0,0,155956.37084960938,0,0,4112314368,0,850800640,0
200,1788377474992,3191,3191,0,0,0,155956.37084960938,0,0,4112314368,0,850800640,0
200,1788377475192,3191,3191,0,0,0,155956.37084960938,0,0,4112314368,0,850800640,0
200,1788377475392,3191,3191,0,0,0,155956.37084960938,0,0,4112314368,0,850800640,0
200,1788377475592,3191,3191,0,0,0,155956.37084960938,0,0,4112314368,0,850800640,0
200,1788377475793,3191,3191,0,0,0,155956.37084960938,0,0,4112314368,0,850800640,0
200,1788377475993,3191,3191,0,0,0,155956.37084960938,0,0,4112314368,0,850800640,0
199,1788377476193,3191,3191,0,0,0,155956.37084960938,0,0,4112314368,0,850800640,0
200,1788377476393,3191,3191,0,0,0,155956.3995361328,0,0,4112314368,0,850800640,0
200,1788377476593,3191,3191,0,0,0,155956.3995361328,0,0,4112314368,0,850800640,0
200,1788377476794,3191,3191,0,0,0,155956.3995361328,0,0,4112314368,0,850800640,0
200,1788377476994,3191,3191,0,0,0,155956.3995361328,0,0,4112314368,0,850800640,0
200,1788377477195,3191,3191,0,0,0,155956.3995361328,0,0,4112314368,0,850800640,0
200,1788377477395,3191,3191,0,0,0,155956.3995361328,0,0,4112314368,0,850800640,0
200,1788377477595,3191,3191,0,0,0,155956.3995361328,0,0,4112314368,0,850800640,0
200,1788377477795,3191,3191,0,0,0,155956.3995361328,0,0,4112314368,0,850800640,0
200,1788377477995,3191,3191,0,0,0,155956.3995361328,0,0,4112314368,0,850800640,0
200,1788377478196,3191,3191,0,0,0,155956.3995361328,0,0,4112314368,0,850800640,0
200,1788377478396,3191,3191,0,0,0,155956.40600585938,0,0,4112314368,0,850800640,0
200,1788377478596,3191,3191,0,0,0,155956.40600585938,0,0,4112314368,0,850800640,0
200,1788377478796,3191,3191,0,0,0,155956.40600585938,0,0,4112314368,0,850800640,0
200,1788377478997,3191,3191,0,0,0,155956.40600585938,0,0,4112314368,0,850800640,0
200,1788377479197,3191,3191,0,0,0,155956.40600585938,0,0,4112314368,0,850800640,0
200,1788377479397,3191,3191,0,0,0,155956.40600585938,0,0,4112314368,0,850800640,0
200,1788377479598,3191,3191,0,0,0,155956.40600585938,0,0,4112314368,0,850800640,0
200,1788377479798,3191,3191,0,0,0,155956.40600585938,0,0,4112314368,0,850800640,0
200,1788377479998,3191,3191,0,0,0,155956.40600585938,0,0,4112314368,0,850800640,0
200,1788377480199,3191,3191,0,0,0,155956.40600585938,0,0,4112314368,0,850800640,0
200,1788377480399,3191,3191,0,0,0,155956.4266357422,0,0,4112314368,0,850800640,0
200,1788377480599,3191,3191,0,0,0,155956.4266357422,0,0,4112314368,0,850800640,0
200,1788377480799,3191,3191,0,0,0,155956.4266357422,0,0,4112314368,0,850800640,0
200,1788377480999,3191,3191,4.761904716491699,4.761904716491699,0,155956.4266357422,0,0,4112314368,0,850800640,0
200,1788377481200,3191,3191,0,0,0,155956.4266357422,0,0,4112314368,0,850800640,0
200,1788377481400,3191,3191,0,0,0,155956.4266357422,0,0,4112314368,0,850800640,0
200,1788377481600,3191,3191,0,0,0,155956.4266357422,0,0,4112314368,0,850800640,0
200,1788377481800,3191,3191,0,0,0,155956.4266357422,0,0,4112314368,0,850800640,0
200,1788377482001,3191,3191,0,0,0,155956.4266357422,0,0,4112314368,0,850800640,0
200,1788377482201,3191,3191,0,0,0,155956.4266357422,0,0,4112314368,0,850800640,0
200,1788377482402,3191,3191,0,0,0,155956.4395751953,0,0,4112314368,0,850800640,0
200,1788377482602,3191,3191,0,0,0,155956.4395751953,0,0,4112314368,0,850800640,0
200,1788377482802,3191,3191,0,0,0,155956.4395751953,0,0,4112314368,0,850800640,0
200,1788377483003,3191,3191,0,0,0,155956.4395751953,0,0,4112314368,0,850800640,0
200,1788377483203,3191,3191,0,0,0,155956.4395751953,0,0,4112314368,0,850800640,0
200,1788377483403,3191,3191,0,0,0,155956.4395751953,0,0,4112314368,0,850800640,0
200,1788377483603,3191,3191,0,0,0,155956.4395751953,0,0,4112314368,0,850800640,0
200,1788377483803,3191,3191,0,0,0,155956.4395751953,0,0,4112314368,0,850800640,0
200,1788377484003,3191,3191,0,0,0,155956.4395751953,0,0,4112314368,0,850800640,0
200,1788377484204,3191,3191,0,0,0,155956.4395751953,0,0,4112314368,0,850800640,0
200,1788377484404,3191,3191,0,4.761904716491699,0,155956.45764160156,0,0,4112314368,0,850800640,0
200,1788377484604,3191,3191,0,0,0,155956.45764160156,0,0,4112314368,0,850800640,0
200,1788377484804,3191,3191,0,0,0,155956.45764160156,0,0,4112314368,0,850800640,0
200,1788377485005,3191,3191,0,0,0,155956.45764160156,0,0,4112314368,0,850800640,0
200,1788377485205,3191,3191,0,0,0,155956.45764160156,0,0,4112314368,0,850800640,0
200,1788377485405,3191,3191,0,0,0,155956.46417236328,0,0,4112314368,0,850800640,0
200,1788377485606,3191,3191,0,0,0,155956.46417236328,0,0,4112314368,0,850800640,0
200,1788377485806,3191,3191,0,0,0,155956.46417236328,0,0,4112314368,0,850800640,0
200,1788377486006,3191,3191,0,0,0,155956.46417236328,0,0,4112314368,0,850800640,0
200,1788377486206,3191,3191,0,0,0,155956.46417236328,0,0,4112314368,0,850800640,0
200,1788377486406,3191,3191,0,0,0,155956.48388671875,0,0,4112314368,0,850800640,0
200,1788377486607,3191,3191,0,0,0,155956.48388671875,0,0,4112314368,0,850800640,0
200,1788377486807,3191,3191,0,0,0,155956.48388671875,0,0,4112314368,0,850800640,0
200,1788377487007,3191,3191,0,0,0,155956.48388671875,0,0,4112314368,0,850800640,0
200,1788377487207,3191,3191,4.761904716491699,0,0,155956.48388671875,0,0,4112314368,0,850800640,0
200,1788377487407,3191,3191,0,0,0,155956.48388671875,0,0,4112314368,0,850800640,0
200,1788377487608,3191,3191,0,0,0,155956.48388671875,0,0,4112314368,0,850800640,0
200,1788377487808,3191,3191,0,0,0,155956.48388671875,0,0,4112314368,0,850800640,0
200,1788377488008,3191,3191,0,0,0,155956.48388671875,0,0,4112314368,0,850800640,0
200,1788377488209,3191,3191,0,0,0,155956.48388671875,0,0,4112314368,0,850800640,0
200,1788377488409,3191,3191,0,0,0,155956.50439453125,0,0,4112314368,0,850800640,0
200,1788377488609,3191,3191,0,0,0,155956.50439453125,0,0,4112314368,0,850800640,0
200,1788377488810,3191,3191,0,4.761904716491699,0,155956.50439453125,0,0,4112314368,0,850800640,0
200,1788377489010,3191,3191,0,0,0,155956.50439453125,0,0,4112314368,0,850800640,0
200,1788377489210,3191,3191,0,0,0,155956.50439453125,0,0,4112314368,0,850800640,0
200,1788377489411,3191,3191,0,0,0,155956.50439453125,0,0,4112314368,0,850800640,0
200,1788377489611,3191,3191,0,0,0,155956.50439453125,0,0,4112314368,0,850800640,0
200,1788377489811,3191,3191,0,0,0,155956.50439453125,0,0,4112314368,0,850800640,0
200,1788377490011,3191,3191,0,0,0,155956.50439453125,0,0,4112314368,0,850800640,0
200,1788377490212,3191,3191,0,0,0,155956.50439453125,0,0,4112314368,0,850800640,0
200,1788377490412,3191,3191,0,0,0,155956.5174560547,0,0,4112314368,0,850800640,0
200,1788377490612,3191,3191,0,0,0,155956.5174560547,0,0,4112314368,0,850800640,0
200,1788377490812,3191,3191,0,0,0,155956.5174560547,0,0,4112314368,0,850800640,0
200,1788377491013,3191,3191,0,0,0,155956.5174560547,0,0,4112314368,0,850800640,0
200,1788377491213,3191,3191,0,0,0,155956.5174560547,0,0,4112314368,0,850800640,0
200,1788377491413,3191,3191,0,0,0,155956.5174560547,0,0,4112314368,0,850800640,0
200,1788377491614,3191,3191,0,0,0,155956.5174560547,0,0,4112314368,0,850800640,0
200,1788377491814,3191,3191,0,0,0,155956.5174560547,0,0,4112314368,0,850800640,0
200,1788377492014,3191,3191,0,0,0,155956.5174560547,0,0,4112314368,0,850800640,0
200,1788377492215,3191,3191,0,0,0,155956.5174560547,0,0,4112314368,0,850800640,0
200,1788377492415,3191,3191,0,0,0,155956.53491210938,0,0,4112314368,0,850800640,0
200,1788377492615,3191,3191,0,0,0,155956.53491210938,0,0,4112314368,0,850800640,0
200,1788377492815,3191,3191,0,0,0,155956.53491210938,0,0,4112314368,0,850800640,0
200,1788377493015,3191,3191,4.761904716491699,0,0,155956.53491210938,0,0,4112314368,0,850800640,0
200,1788377493215,3191,3191,0,0,0,155956.53491210938,0,0,4112314368,0,850800640,0
200,1788377493416,3191,3191,0,0,0,155956.53491210938,0,0,4112314368,0,850800640,0
200,1788377493616,3191,3191,0,0,0,155956.53491210938,0,0,4112314368,0,850800640,0
200,1788377493816,3191,3191,0,0,0,155956.53491210938,0,0,4112314368,0,850800640,0
200,1788377494017,3191,3191,0,0,0,155956.53491210938,0,0,4112314368,0,850800640,0
200,1788377494217,3191,3191,0,0,0,155956.53491210938,0,0,4112314368,0,850800640,0
200,1788377494417,3191,3191,0,0,0,155956.53491210938,0,0,4112314368,0,850800640,0
200,1788377494618,3191,3191,0,0,0,155956.53491210938,0,0,4112314368,0,850800640,0
200,1788377494818,3191,3191,0,0,0,155956.53491210938,0,0,4112314368,0,850800640,0
200,1788377495018,3191,3191,0,4.761904716491699,0,155956.53491210938,0,0,4112314368,0,850800640,0
200,1788377495219,3191,3191,0,0,0,155956.53491210938,0,0,4112314368,0,850800640,0
200,1788377495419,3191,3191,0,0,0,155956.55041503906,0,0,4112314368,0,850800640,0
200,1788377495619,3191,3191,0,0,0,155956.55041503906,0,0,4112314368,0,850800640,0
200,1788377495819,3191,3191,0,0,0,155956.55041503906,0,0,4112314368,0,850800640,0
200,1788377496019,3191,3191,0,0,0,155956.55041503906,0,0,4112314368,0,850800640,0
200,1788377496219,3191,3191,0,0,0,155956.55041503906,0,0,4112314368,0,850800640,0
200,1788377496419,3191,3191,0,0,0,155956.55041503906,0,0,4112314368,0,850800640,0
200,1788377496620,3191,3191,0,0,0,155956.55041503906,0,0,4112314368,0,850800640,0
200,1788377496820,3191,3191,0,0,0,155956.55041503906,0,0,4112314368,0,850800640,0
200,1788377497020,3191,3191,0,0,0,155956.55041503906,0,0,4112314368,0,850800640,0
200,1788377497221,3191,3191,0,0,0,155956.55041503906,0,0,4112314368,0,850800640,0
200,1788377497421,3191,3191,0,0,0,155956.55041503906,0,0,4112314368,0,850800640,0
200,1788377497621,3191,3191,0,0,0,155956.55041503906,0,0,4112314368,0,850800640,0
200,1788377497822,3191,3191,0,0,0,155956.55041503906,0,0,4112314368,0,850800640,0
200,1788377498022,3191,3191,0,0,0,155956.55041503906,0,0,4112314368,0,850800640,0
200,1788377498223,3191,3191,0,0,0,155956.55041503906,0,0,4112314368,0,850800640,0
200,1788377498423,3191,3191,0,0,0,155956.5906982422,0,0,4112314368,0,850800640,0
200,1788377498623,3191,3191,0,0,0,155956.5906982422,0,0,4112314368,0,850800640,0
200,1788377498823,3191,3191,0,0,0,155956.5906982422,0,0,4112314368,0,850800640,0
200,1788377499024,3191,3191,4.761904716491699,4.761904716491699,0,155956.5906982422,0,0,4112314368,0,850800640,0
200,1788377499224,3191,3191,0,0,0,155956.5906982422,0,0,4112314368,0,850800640,0
200,1788377499424,3191,3191,0,0,0,155956.5906982422,0,0,4112314368,0,850800640,0
200,1788377499624,3191,3191,0,0,0,155956.5906982422,0,0,4112314368,0,850800640,0
200,1788377499825,3191,3191,0,0,0,155956.5906982422,0,0,4112314368,0,850800640,0
200,1788377500025,3191,3191,0,0,0,155956.5906982422,0,0,4112314368,0,850800640,0
200,1788377500226,3191,3191,0,0,0,155956.5906982422,0,0,4112314368,0,850800640,0
200,1788377500426,3191,3191,0,0,0,155956.5906982422,0,0,4112314368,0,850800640,0
200,1788377500626,3191,3191,0,0,0,155956.5906982422,0,0,4112314368,0,850800640,0
200,1788377500827,3191,3191,0,0,0,155956.5906982422,0,0,4112314368,0,850800640,0
200,1788377501027,3191,3191,0,0,0,155956.5906982422,0,0,4112314368,0,850800640,0
200,1788377501227,3191,3191,0,0,0,155956.5906982422,0,0,4112314368,0,850800640,0
200,1788377501427,3191,3191,0,0,0,155956.6036376953,0,0,4112314368,0,850800640,0
200,1788377501627,3191,3191,0,0,0,155956.6036376953,0,0,4112314368,0,850800640,0
200,1788377501827,3191,3191,4.761904716491699,0,0,155956.6036376953,0,0,4112314368,0,850800640,0
200,1788377502027,3191,3191,0,0,0,155956.6036376953,0,0,4112314368,0,850800640,0
200,1788377502228,3191,3191,0,0,0,155956.6036376953,0,0,4112314368,0,850800640,0
200,1788377502428,3191,3191,0,0,0,155956.61657714844,0,0,4112314368,0,850800640,0
200,1788377502628,3191,3191,0,0,0,155956.61657714844,0,0,4112314368,0,850800640,0
200,1788377502829,3191,3191,0,0,0,155956.61657714844,0,0,4112314368,0,850800640,0
200,1788377503029,3191,3191,0,0,0,155956.61657714844,0,0,4112314368,0,850800640,0
200,1788377503229,3191,3191,0,0,0,155956.61657714844,0,0,4112314368,0,850800640,0
200,1788377503430,3191,3191,0,0,0,155956.61657714844,0,0,4112314368,0,850800640,0
200,1788377503630,3191,3191,0,0,0,155956.61657714844,0,0,4112314368,0,850800640,0
200,1788377503831,3191,3191,0,0,0,155956.61657714844,0,0,4112314368,0,850800640,0
200,1788377504031,3191,3191,0,0,0,155956.61657714844,0,0,4112314368,0,850800640,0
200,1788377504231,3191,3191,0,0,0,155956.61657714844,0,0,4112314368,0,850800640,0
200,1788377504431,3191,3191,0,0,0,155956.61657714844,0,0,4112314368,0,850800640,0
200,1788377504631,3191,3191,4.761904716491699,0,0,155956.61657714844,0,0,4112314368,0,850800640,0
200,1788377504832,3191,3191,0,0,0,155956.61657714844,0,0,4112314368,0,850800640,0
200,1788377505032,3191,3191,0,0,0,155956.61657714844,0,0,4112314368,0,850800640,0
200,1788377505232,3191,3191,0,0,0,155956.61657714844,0,0,4112314368,0,850800640,0
200,1788377505432,3191,3191,0,0,0,155956.642578125,0,0,4112314368,0,850800640,0
200,1788377505632,3191,3191,0,4.761904716491699,0,155956.642578125,0,0,4112314368,0,850800640,0
200,1788377505833,3191,3191,0,0,0,155956.642578125,0,0,4112314368,0,850800640,0
200,1788377506033,3191,3191,4.761904716491699,0,0,155956.642578125,0,0,4112314368,0,850800640,0
200,1788377506233,3191,3191,0,0,0,155956.642578125,0,0,4112314368,0,850800640,0
200,1788377506434,3191,3191,0,0,0,155956.642578125,0,0,4112314368,0,850800640,0
200,1788377506634,3191,3191,0,0,0,155956.642578125,0,0,4112314368,0,850800640,0
200,1788377506834,3191,3191,0,0,0,155956.642578125,0,0,4112314368,0,850800640,0
200,1788377507035,3191,3191,0,0,0,155956.642578125,0,0,4112314368,0,850800640,0
200,1788377507235,3191,3191,0,0,0,155956.642578125,0,0,4112314368,0,850800640,0
200,1788377507435,3191,3191,0,0,0,155956.642578125,0,0,4112314368,0,850800640,0
200,1788377507635,3191,3191,0,0,0,155956.642578125,0,0,4112314368,0,850800640,0
200,1788377507836,3191,3191,0,0,0,155956.642578125,0,0,4112314368,0,850800640,0
200,1788377508036,3191,3191,0,0,0,155956.642578125,0,0,4112314368,0,850800640,0
200,1788377508236,3191,3191,0,0,0,155956.642578125,0,0,4112314368,0,850800640,0
200,1788377508437,3191,3191,0,0,0,155956.65563964844,0,0,4112314368,0,850800640,0
200,1788377508637,3191,3191,0,0,0,155956.65563964844,0,0,4112314368,0,850800640,0
200,1788377508837,3191,3191,0,0,0,155956.65563964844,0,0,4112314368,0,850800640,0
200,1788377509038,3191,3191,0,0,0,155956.65563964844,0,0,4112314368,0,850800640,0
200,1788377509238,3191,3191,0,0,0,155956.65563964844,0,0,4112314368,0,850800640,0
200,1788377509438,3191,3191,0,0,0,155956.65563964844,0,0,4112314368,0,850800640,0
200,1788377509639,3191,3191,0,0,0,155956.65563964844,0,0,4112314368,0,850800640,0
200,1788377509839,3191,3191,0,0,0,155956.65563964844,0,0,4112314368,0,850800640,0
200,1788377510039,3191,3191,0,0,0,155956.65563964844,0,0,4112314368,0,850800640,0
200,1788377510239,3191,3191,0,0,0,155956.65563964844,0,0,4112314368,0,850800640,0
200,1788377510439,3191,3191,0,0,0,155956.65563964844,0,0,4112314368,0,850800640,0
200,1788377510639,3191,3191,4.761904716491699,4.761904716491699,0,155956.65563964844,0,0,4112314368,0,850800640,0
200,1788377510840,3191,3191,0,0,0,155956.65563964844,0,0,4112314368,0,850800640,0
200,1788377511040,3191,3191,0,0,0,155956.65563964844,0,0,4112314368,0,850800640,0
200,1788377511240,3191,3191,0,0,0,155956.65563964844,0,0,4112314368,0,850800640,0
200,1788377511440,3191,3191,0,0,0,155956.6759033203,0,0,4112314368,0,850800640,0
200,1788377511641,3191,3191,0,5,0,155956.6759033203,0,0,4112314368,0,850800640,0
200,1788377511841,3191,3191,0,0,0,155956.6759033203,0,0,4112314368,0,850800640,0
200,1788377512041,3191,3191,0,0,0,155956.6759033203,0,0,4112314368,0,850800640,0
200,1788377512242,3191,3191,0,0,0,155956.6759033203,0,0,4112314368,0,850800640,0
200,1788377512442,3191,3191,0,0,0,155956.6759033203,0,0,4112314368,0,850800640,0
200,1788377512642,3191,3191,0,0,0,155956.6759033203,0,0,4112314368,0,850800640,0
200,1788377512842,3191,3191,0,0,0,155956.6759033203,0,0,4112314368,0,850800640,0
200,1788377513043,3191,3191,0,0,0,155956.6759033203,0,0,4112314368,0,850800640,0
200,1788377513243,3191,3191,0,0,0,155956.6759033203,0,0,4112314368,0,850800640,0
200,1788377513443,3191,3191,0,0,0,155956.69091796875,0,0,4112314368,0,850800640,0
200,1788377513643,3191,3191,0,0,0,155956.69091796875,0,0,4112314368,0,850800640,0
200,1788377513843,3191,3191,4.761904716491699,0,0,155956.69091796875,0,0,4112314368,0,850800640,0
200,1788377514044,3191,3191,0,4.761904716491699,0,155956.69091796875,0,0,4112314368,0,850800640,0
200,1788377514244,3191,3191,0,0,0,155956.69091796875,0,0,4112314368,0,850800640,0
200,1788377514444,3191,3191,0,0,0,155956.69091796875,0,0,4112314368,0,850800640,0
200,1788377514644,3191,3191,0,0,0,155956.69091796875,0,0,4112314368,0,850800640,0
200,1788377514845,3191,3191,0,0,0,155956.69091796875,0,0,4112314368,0,850800640,0
200,1788377515045,3191,3191,0,0,0,155956.69091796875,0,0,4112314368,0,850800640,0
200,1788377515245,3191,3191,0,0,0,155956.69091796875,0,0,4112314368,0,850800640,0
200,1788377515445,3191,3191,0,0,0,155956.69091796875,0,0,4112314368,0,850800640,0
200,1788377515646,3191,3191,0,0,0,155956.69091796875,0,0,4112314368,0,850800640,0
200,1788377515846,3191,3191,0,0,0,155956.69091796875,0,0,4112314368,0,850800640,0
200,1788377516046,3191,3191,0,0,0,155956.69091796875,0,0,4112314368,0,850800640,0
200,1788377516246,3191,3191,0,0,0,155956.69091796875,0,0,4112314368,0,850800640,0
200,1788377516446,3191,3191,0,0,0,155956.73364257813,0,0,4112314368,0,850800640,0
200,1788377516647,3191,3191,0,0,0,155956.73364257813,0,0,4112314368,0,850800640,0
200,1788377516847,3191,3191,0,0,0,155956.73364257813,0,0,4112314368,0,850800640,0
200,1788377517047,3191,3191,0,0,0,155956.73364257813,0,0,4112314368,0,850800640,0
200,1788377517247,3191,3191,0,0,0,155956.73364257813,0,0,4112314368,0,850800640,0
200,1788377517448,3191,3191,0,0,0,155956.73364257813,0,0,4112314368,0,850800640,0
200,1788377517648,3191,3191,0,0,0,155956.73364257813,0,0,4112314368,0,850800640,0
200,1788377517848,3191,3191,0,0,0,155956.73364257813,0,0,4112314368,0,850800640,0
200,1788377518048,3191,3191,0,4.761904716491699,0,155956.73364257813,0,0,4112314368,0,850800640,0
200,1788377518249,3191,3191,0,0,0,155956.73364257813,0,0,4112314368,0,850800640,0
200,1788377518449,3191,3191,0,0,0,155956.73364257813,0,0,4112314368,0,850800640,0
200,1788377518649,3191,3191,0,0,0,155956.73364257813,0,0,4112314368,0,850800640,0
200,1788377518850,3191,3191,0,4.761904716491699,0,155956.73364257813,0,0,4112314368,0,850800640,0
200,1788377519050,3191,3191,0,0,0,155956.73364257813,0,0,4112314368,0,850800640,0
200,1788377519250,3191,3191,0,0,0,155956.73364257813,0,0,4112314368,0,850800640,0
200,1788377519451,3191,3191,0,0,0,155956.74743652344,0,0,4112314368,0,850800640,0
200,1788377519651,3191,3191,0,0,0,155956.74743652344,0,0,4112314368,0,850800640,0
200,1788377519851,3191,3191,0,0,0,155956.74743652344,0,0,4112314368,0,850800640,0
200,1788377520051,3191,3191,4.761904716491699,0,0,155956.74743652344,0,0,4112314368,0,850800640,0
200,1788377520251,3191,3191,0,0,0,155956.74743652344,0,0,4112314368,0,850800640,0
200,1788377520452,3191,3191,0,0,0,155956.74743652344,0,0,4112314368,0,850800640,0
200,1788377520652,3191,3191,0,0,0,155956.74743652344,0,0,4112314368,0,850800640,0
200,1788377520852,3191,3191,0,0,0,155956.74743652344,0,0,4112314368,0,850800640,0
200,1788377521052,3191,3191,0,0,0,155956.74743652344,0,0,4112314368,0,850800640,0
200,1788377521253,3191,3191,0,0,0,155956.74743652344,0,0,4112314368,0,850800640,0
200,1788377521453,3191,3191,0,0,0,155956.7606201172,0,0,4112314368,0,850800640,0
200,1788377521654,3191,3191,0,0,0,155956.7606201172,0,0,4112314368,0,850800640,0
200,1788377521854,3191,3191,0,0,0,155956.7606201172,0,0,4112314368,0,850800640,0
200,1788377522054,3191,3191,0,0,0,155956.7606201172,0,0,4112314368,0,850800640,0
200,1788377522255,3191,3191,0,0,0,155956.7606201172,0,0,4112314368,0,850800640,0
200,1788377522455,3191,3191,0,0,0,155956.77368164063,0,0,4112314368,0,850800640,0
200,1788377522655,3191,3191,0,0,0,155956.77368164063,0,0,4112314368,0,850800640,0
200,1788377522855,3191,3191,0,0,0,155956.77368164063,0,0,4112314368,0,850800640,0
200,1788377523055,3191,3191,0,0,0,155956.77368164063,0,0,4112314368,0,850800640,0
200,1788377523256,3191,3191,0,0,0,155956.77368164063,0,0,4112314368,0,850800640,0
200,1788377523456,3191,3191,0,4.761904716491699,0,155956.78240966797,0,0,4112314368,0,850800640,0
200,1788377523656,3191,3191,0,0,0,155956.78240966797,0,0,4112314368,0,850800640,0
200,1788377523856,3191,3191,0,0,0,155956.78240966797,0,0,4112314368,0,850800640,0
200,1788377524056,3191,3191,15.000000953674316,5.263157844543457,0,155956.78240966797,0,0,4112314368,0,855252992,0
200,1788377524256,3191,3191,0,0,0,155956.78240966797,0,0,4112314368,0,855252992,0
200,1788377524457,3191,3191,0,4.761904716491699,0,155956.82220458984,0,0,4112314368,0,855252992,0
200,1788377524657,3191,3191,0,0,0,155956.82220458984,0,0,4112314368,0,855244800,0
200,1788377524858,3191,3191,0,0,0,155956.82220458984,0,0,4112314368,0,855244800,0
200,1788377525058,3191,3191,0,0,0,155956.82220458984,0,0,4112314368,0,855244800,0
200,1788377525258,3191,3191,0,0,0,155956.82220458984,0,0,4112314368,0,855244800,0
200,1788377525459,3191,3191,0,0,0,155956.82220458984,0,0,4112314368,0,855244800,0
200,1788377525659,3191,3191,0,0,0,155956.82220458984,0,0,4112314368,0,855244800,0
200,1788377525859,3191,3191,0,0,0,155956.82220458984,0,0,4112314368,0,855244800,0
200,1788377526059,3191,3191,0,0,0,155956.82220458984,0,0,4112314368,0,855244800,0
200,1788377526259,3191,3191,0,0,0,155956.82220458984,0,0,4112314368,0,855244800,0
200,1788377526459,3191,3191,4.761904716491699,0,0,155956.82220458984,0,0,4112314368,0,855244800,0
200,1788377526659,3191,3191,0,0,0,155956.82220458984,0,0,4112314368,0,855244800,0
200,1788377526860,3191,3191,0,0,0,155956.82220458984,0,0,4112314368,0,855244800,0
200,1788377527060,3191,3191,0,0,0,155956.82220458984,0,0,4112314368,0,855244800,0
200,1788377527260,3191,3191,0,0,0,155956.82220458984,0,0,4112314368,0,855244800,0
200,1788377527460,3191,3191,0,0,0,155956.8583984375,0,0,4112314368,0,855244800,0
200,1788377527661,3191,3191,0,0,0,155956.8583984375,0,0,4112314368,0,855244800,0
200,1788377527861,3191,3191,0,0,0,155956.8583984375,0,0,4112314368,0,855244800,0
200,1788377528061,3191,3191,0,0,0,155956.8583984375,0,0,4112314368,0,855244800,0
200,1788377528262,3191,3191,0,0,0,155956.8583984375,0,0,4112314368,0,855244800,0
200,1788377528462,3191,3191,0,0,0,155956.8583984375,0,0,4112314368,0,855244800,0
200,1788377528663,3191,3191,0,0,0,155956.8583984375,0,0,4112314368,0,855244800,0
200,1788377528863,3191,3191,0,0,0,155956.8583984375,0,0,4112314368,0,855244800,0
200,1788377529063,3191,3191,0,0,0,155956.8583984375,0,0,4112314368,0,855244800,0
200,1788377529263,3191,3191,0,0,0,155956.8583984375,0,0,4112314368,0,855244800,0
200,1788377529463,3191,3191,0,0,0,155956.87280273438,0,0,4112314368,0,855244800,0
200,1788377529663,3191,3191,0,0,0,155956.87280273438,0,0,4112314368,0,855244800,0
200,1788377529864,3191,3191,0,0,0,155956.87280273438,0,0,4112314368,0,855244800,0
200,1788377530064,3191,3191,0,0,0,155956.87280273438,0,0,4112314368,0,855244800,0
200,1788377530264,3191,3191,0,0,0,155956.87280273438,0,0,4112314368,0,855244800,0
200,1788377530464,3191,3191,0,0,0,155956.87280273438,0,0,4112314368,0,855244800,0
200,1788377530665,3191,3191,0,0,0,155956.87280273438,0,0,4112314368,0,855244800,0
200,1788377530865,3191,3191,0,0,0,155956.87280273438,0,0,4112314368,0,855244800,0
200,1788377531065,3191,3191,0,0,0,155956.87280273438,0,0,4112314368,0,855244800,0
200,1788377531266,3191,3191,0,0,0,155956.87280273438,0,0,4112314368,0,855244800,0
200,1788377531466,3191,3191,0,0,0,155956.8793334961,0,0,4112314368,0,855244800,0
200,1788377531666,3191,3191,4.761904716491699,0,0,155956.8793334961,0,0,4112314368,0,855244800,0
200,1788377531867,3191,3191,0,0,0,155956.8793334961,0,0,4112314368,0,855244800,0
200,1788377532067,3191,3191,0,0,0,155956.8793334961,0,0,4112314368,0,855244800,0
200,1788377532267,3191,3191,0,0,0,155956.8793334961,0,0,4112314368,0,855244800,0
200,1788377532467,3191,3191,0,0,0,155956.8793334961,0,0,4112314368,0,855244800,0
200,1788377532668,3191,3191,4.761904716491699,0,0,155956.8793334961,0,0,4112314368,0,855244800,0
200,1788377532868,3191,3191,0,0,0,155956.8793334961,0,0,4112314368,0,855244800,0
200,1788377533068,3191,3191,0,0,0,155956.8793334961,0,0,4112314368,0,855244800,0
200,1788377533268,3191,3191,0,0,0,155956.8793334961,0,0,4112314368,0,855244800,0
200,1788377533469,3191,3191,0,0,0,155956.8939819336,0,0,4112314368,0,855244800,0
200,1788377533669,3191,3191,0,0,0,155956.8939819336,0,0,4112314368,0,855244800,0
200,1788377533869,3191,3191,0,0,0,155956.8939819336,0,0,4112314368,0,855244800,0
200,1788377534070,3191,3191,0,0,0,155956.8939819336,0,0,4112314368,0,855244800,0
200,1788377534270,3191,3191,0,0,0,155956.8939819336,0,0,4112314368,0,855244800,0
200,1788377534471,3191,3191,0,0,0,155956.90850830078,0,0,4112314368,0,855244800,0
200,1788377534671,3191,3191,0,0,0,155956.90850830078,0,0,4112314368,0,855244800,0
200,1788377534871,3191,3191,0,0,0,155956.90850830078,0,0,4112314368,0,855244800,0
200,1788377535071,3191,3191,0,0,0,155956.90850830078,0,0,4112314368,0,855244800,0
200,1788377535271,3191,3191,4.761904716491699,0,0,155956.90850830078,0,0,4112314368,0,855244800,0
200,1788377535471,3191,3191,0,0,0,155956.90850830078,0,0,4112314368,0,855244800,0
200,1788377535672,3191,3191,0,0,0,155956.90850830078,0,0,4112314368,0,855244800,0
200,1788377535872,3191,3191,0,0,0,155956.90850830078,0,0,4112314368,0,855244800,0
200,1788377536072,3191,3191,0,0,0,155956.90850830078,0,0,4112314368,0,855244800,0
200,1788377536272,3191,3191,0,0,0,155956.90850830078,0,0,4112314368,0,855244800,0
200,1788377536472,3191,3191,0,0,0,155956.9487915039,0,0,4112314368,0,855244800,0
200,1788377536672,3191,3191,0,0,0,155956.9487915039,0,0,4112314368,0,855244800,0
200,1788377536873,3191,3191,0,0,0,155956.9487915039,0,0,4112314368,0,855244800,0
200,1788377537073,3191,3191,0,0,0,155956.9487915039,0,0,4112314368,0,855244800,0
200,1788377537274,3191,3191,0,0,0,155956.9487915039,0,0,4112314368,0,855244800,0
200,1788377537474,3191,3191,0,0,0,155956.9487915039,0,0,4112314368,0,855244800,0
200,1788377537674,3191,3191,0,0,0,155956.9487915039,0,0,4112314368,0,855244800,0
200,1788377537875,3191,3191,0,0,0,155956.9487915039,0,0,4112314368,0,855244800,0
200,1788377538075,3191,3191,0,0,0,155956.9487915039,0,0,4112314368,0,855244800,0
200,1788377538275,3191,3191,0,0,0,155956.9487915039,0,0,4112314368,0,855244800,0
200,1788377538475,3191,3191,0,0,0,155956.96612548828,0,0,4112314368,0,855244800,0
200,1788377538676,3191,3191,0,0,0,155956.96612548828,0,0,4112314368,0,855244800,0
200,1788377538876,3191,3191,0,0,0,155956.96612548828,0,0,4112314368,0,855244800,0
200,1788377539076,3191,3191,0,0,0,155956.96612548828,0,0,4112314368,0,855244800,0
200,1788377539276,3191,3191,0,0,0,155956.96612548828,0,0,4112314368,0,855244800,0
200,1788377539477,3191,3191,0,0,0,155956.96612548828,0,0,4112314368,0,855244800,0
200,1788377539677,3191,3191,0,0,0,155956.96612548828,0,0,4112314368,0,855244800,0
200,1788377539877,3191,3191,0,0,0,155956.96612548828,0,0,4112314368,0,855244800,0
200,1788377540078,3191,3191,0,0,0,155956.96612548828,0,0,4112314368,0,855244800,0
200,1788377540278,3191,3191,0,0,0,155956.96612548828,0,0,4112314368,0,855244800,0
200,1788377540478,3191,3191,0,0,0,155956.96612548828,0,0,4112314368,0,855244800,0
200,1788377540679,3191,3191,0,0,0,155956.96612548828,0,0,4112314368,0,855244800,0
200,1788377540879,3191,3191,0,0,0,155956.96612548828,0,0,4112314368,0,855244800,0
200,1788377541079,3191,3191,0,0,0,155956.96612548828,0,0,4112314368,0,855244800,0
200,1788377541279,3191,3191,0,0,0,155956.96612548828,0,0,4112314368,0,855244800,0
200,1788377541480,3191,3191,0,0,0,155956.9862060547,0,0,4112314368,0,855244800,0
200,1788377541680,3191,3191,0,0,0,155956.9862060547,0,0,4112314368,0,855244800,0
200,1788377541880,3191,3191,0,0,0,155956.9862060547,0,0,4112314368,0,855244800,0
200,1788377542081,3191,3191,0,0,0,155956.9862060547,0,0,4112314368,0,855244800,0
200,1788377542281,3191,3191,0,0,0,155956.9862060547,0,0,4112314368,0,855244800,0
200,1788377542481,3191,3191,0,0,0,155956.9862060547,0,0,4112314368,0,855244800,0
200,1788377542682,3191,3191,0,0,0,155956.9862060547,0,0,4112314368,0,855244800,0
200,1788377542882,3191,3191,0,0,0,155956.9862060547,0,0,4112314368,0,855244800,0
200,1788377543082,3191,3191,0,0,0,155956.9862060547,0,0,4112314368,0,855244800,0
200,1788377543282,3191,3191,0,0,0,155956.9862060547,0,0,4112314368,0,855244800,0
200,1788377543483,3191,3191,0,0,0,155957.00030517578,0,0,4112314368,0,855244800,0
200,1788377543683,3191,3191,0,0,0,155957.00030517578,0,0,4112314368,0,855244800,0
200,1788377543883,3191,3191,0,0,0,155957.00030517578,0,0,4112314368,0,855244800,0
200,1788377544083,3191,3191,0,0,0,155957.00030517578,0,0,4112314368,0,855244800,0
200,1788377544283,3191,3191,4.761904716491699,0,0,155957.00030517578,0,0,4112314368,0,855244800,0
200,1788377544484,3191,3191,0,0,0,155957.00030517578,0,0,4112314368,0,855244800,0
200,1788377544684,3191,3191,0,0,0,155957.00030517578,0,0,4112314368,0,855244800,0
200,1788377544884,3191,3191,0,0,0,155957.00030517578,0,0,4112314368,0,855244800,0
200,1788377545085,3191,3191,4.761904716491699,0,0,155957.00030517578,0,0,4112314368,0,855244800,0
200,1788377545285,3191,3191,0,0,0,155957.00030517578,0,0,4112314368,0,855244800,0
200,1788377545485,3191,3191,0,0,0,155957.00030517578,0,0,4112314368,0,855244800,0
200,1788377545685,3191,3191,0,0,0,155957.00030517578,0,0,4112314368,0,855244800,0
200,1788377545886,3191,3191,0,0,0,155957.00030517578,0,0,4112314368,0,855244800,0
200,1788377546086,3191,3191,0,0,0,155957.00030517578,0,0,4112314368,0,855244800,0
200,1788377546286,3191,3191,0,0,0,155957.00030517578,0,0,4112314368,0,855244800,0
200,1788377546486,3191,3191,0,0,0,155957.03369140625,0,0,4112314368,0,855244800,0
200,1788377546687,3191,3191,0,0,0,155957.03369140625,0,0,4112314368,0,855244800,0
200,1788377546887,3191,3191,0,0,0,155957.03369140625,0,0,4112314368,0,855244800,0
200,1788377547087,3191,3191,0,0,0,155957.03369140625,0,0,4112314368,0,855244800,0
200,1788377547287,3191,3191,0,0,0,155957.03369140625,0,0,4112314368,0,855244800,0
200,1788377547487,3191,3191,0,0,0,155957.03369140625,0,0,4112314368,0,855244800,0
200,1788377547688,3191,3191,0,0,0,155957.03369140625,0,0,4112314368,0,855244800,0
200,1788377547888,3191,3191,0,0,0,155957.03369140625,0,0,4112314368,0,855244800,0
200,1788377548088,3191,3191,0,0,0,155957.03369140625,0,0,4112314368,0,855244800,0
200,1788377548289,3191,3191,0,0,0,155957.03369140625,0,0,4112314368,0,855244800,0
200,1788377548489,3191,3191,0,0,0,155957.03369140625,0,0,4112314368,0,855244800,0
200,1788377548690,3191,3191,0,0,0,155957.03369140625,0,0,4112314368,0,855244800,0
200,1788377548890,3191,3191,0,0,0,155957.03369140625,0,0,4112314368,0,855244800,0
200,1788377549090,3191,3191,0,0,0,155957.03369140625,0,0,4112314368,0,855244800,0
200,1788377549290,3191,3191,0,0,0,155957.03369140625,0,0,4112314368,0,855244800,0
200,1788377549491,3191,3191,0,0,0,155957.05462646484,0,0,4112314368,0,855244800,0
200,1788377549691,3191,3191,0,0,0,155957.05462646484,0,0,4112314368,0,855244800,0
200,1788377549891,3191,3191,10,9.523809432983398,0,155957.05462646484,0,0,4112314368,0,855244800,0
200,1788377550091,3191,3191,0,4.761904716491699,0,155957.05462646484,0,0,4112314368,0,855244800,0
200,1788377550292,3191,3191,0,0,0,155957.05462646484,0,0,4112314368,0,855244800,0
200,1788377550492,3191,3191,0,0,0,155957.08367919922,0,0,4112314368,0,855244800,0
200,1788377550692,3191,3191,0,0,0,155957.08367919922,0,0,4112314368,0,855244800,0
200,1788377550893,3191,3191,0,0,0,155957.08367919922,0,0,4112314368,0,855244800,0
200,1788377551093,3191,3191,0,0,0,155957.08367919922,0,0,4112314368,0,855244800,0
200,1788377551293,3191,3191,4.761904716491699,0,0,155957.08367919922,0,0,4112314368,0,855244800,0
200,1788377551494,3191,3191,0,0,0,155957.09698486328,0,0,4112314368,0,855244800,0
200,1788377551694,3191,3191,0,0,0,155957.09698486328,0,0,4112314368,0,855244800,0
200,1788377551894,3191,3191,0,0,0,155957.09698486328,0,0,4112314368,0,855244800,0
200,1788377552095,3191,3191,0,0,0,155957.09698486328,0,0,4112314368,0,855244800,0
200,1788377552295,3191,3191,0,0,0,155957.09698486328,0,0,4112314368,0,855244800,0
200,1788377552495,3191,3191,0,0,0,155957.10357666016,0,0,4112314368,0,855244800,0
200,1788377552695,3191,3191,0,0,0,155957.10357666016,0,0,4112314368,0,855244800,0
200,1788377552896,3191,3191,0,0,0,155957.10357666016,0,0,4112314368,0,855244800,0
200,1788377553096,3191,3191,0,0,0,155957.10357666016,0,0,4112314368,0,855244800,0
200,1788377553296,3191,3191,0,0,0,155957.10357666016,0,0,4112314368,0,855244800,0
200,1788377553497,3191,3191,0,0,0,155957.11010742188,0,0,4112314368,0,855244800,0
200,1788377553697,3191,3191,0,0,0,155957.11010742188,0,0,4112314368,0,855244800,0
200,1788377553897,3191,3191,0,0,0,155957.11010742188,0,0,4112314368,0,855244800,0
200,1788377554098,3191,3191,0,0,0,155957.11010742188,0,0,4112314368,0,855244800,0
200,1788377554298,3191,3191,0,0,0,155957.11010742188,0,0,4112314368,0,855244800,0
200,1788377554498,3191,3191,0,0,0,155957.11010742188,0,0,4112314368,0,855244800,0
200,1788377554698,3191,3191,0,0,0,155957.11010742188,0,0,4112314368,0,855244800,0
200,1788377554898,3191,3191,0,0,0,155957.11010742188,0,0,4112314368,0,855244800,0
200,1788377555099,3191,3191,0,0,0,155957.11010742188,0,0,4112314368,0,855244800,0
200,1788377555299,3191,3191,0,0,0,155957.11010742188,0,0,4112314368,0,855244800,0
200,1788377555499,3191,3191,0,0,0,155957.14196777344,0,0,4112314368,0,855244800,0
200,1788377555699,3191,3191,0,0,0,155957.14196777344,0,0,4112314368,0,855244800,0
200,1788377555899,3191,3191,4.761904716491699,0,0,155957.14196777344,0,0,4112314368,0,855244800,0
200,1788377556100,3191,3191,0,0,0,155957.14196777344,0,0,4112314368,0,855244800,0
200,1788377556300,3191,3191,0,0,0,155957.14196777344,0,0,4112314368,0,855244800,0
200,1788377556500,3191,3191,0,0,0,155957.14196777344,0,0,4112314368,0,855244800,0
200,1788377556701,3191,3191,0,0,0,155957.14196777344,0,0,4112314368,0,855244800,0
200,1788377556901,3191,3191,0,0,0,155957.14196777344,0,0,4112314368,0,855244800,0
200,1788377557102,3191,3191,0,0,0,155957.14196777344,0,0,4112314368,0,855244800,0
200,1788377557302,3191,3191,0,0,0,155957.14196777344,0,0,4112314368,0,855244800,0
200,1788377557502,3191,3191,0,0,0,155957.16357421875,0,0,4112314368,0,855244800,0
200,1788377557702,3191,3191,0,0,0,155957.16357421875,0,0,4112314368,0,855244800,0
200,1788377557903,3191,3191,0,0,0,155957.16357421875,0,0,4112314368,0,855244800,0
200,1788377558103,3191,3191,0,0,0,155957.16357421875,0,0,4112314368,0,855244800,0
200,1788377558303,3191,3191,0,0,0,155957.16357421875,0,0,4112314368,0,855244800,0
200,1788377558503,3191,3191,0,0,0,155957.16357421875,0,0,4112314368,0,855244800,0
200,1788377558703,3191,3191,5,9.523809432983398,0,155957.16357421875,0,0,4112314368,0,855244800,0
200,1788377558904,3191,3191,0,0,0,155957.16357421875,0,0,4112314368,0,855244800,0
200,1788377559104,3191,3191,0,0,0,155957.16357421875,0,0,4112314368,0,855244800,0
200,1788377559304,3191,3191,0,0,0,155957.16357421875,0,0,4112314368,0,855244800,0
200,1788377559505,3191,3191,0,0,0,155957.20092773438,0,0,4112314368,0,855244800,0
200,1788377559705,3191,3191,0,0,0,155957.20092773438,0,0,4112314368,0,855244800,0
200,1788377559906,3191,3191,0,0,0,155957.20092773438,0,0,4112314368,0,855244800,0
200,1788377560106,3191,3191,0,0,0,155957.20092773438,0,0,4112314368,0,855244800,0
200,1788377560306,3191,3191,0,0,0,155957.20092773438,0,0,4112314368,0,855244800,0
200,1788377560506,3191,3191,0,0,0,155957.20092773438,0,0,4112314368,0,855244800,0
200,1788377560706,3191,3191,0,0,0,155957.20092773438,0,0,4112314368,0,855244800,0
200,1788377560907,3191,3191,0,0,0,155957.20092773438,0,0,4112314368,0,855244800,0
200,1788377561107,3191,3191,0,0,0,155957.20092773438,0,0,4112314368,0,855244800,0
200,1788377561307,3191,3191,0,0,0,155957.22576904297,0,0,4112314368,0,855244800,0
200,1788377561508,3191,3191,0,0,0,155957.22576904297,0,0,4112314368,0,855244800,0
200,1788377561708,3191,3191,0,0,0,155957.22576904297,0,0,4112314368,0,855244800,0
200,1788377561908,3191,3191,0,0,0,155957.22576904297,0,0,4112314368,0,855244800,0
200,1788377562109,3191,3191,0,0,0,155957.22576904297,0,0,4112314368,0,855244800,0
200,1788377562309,3191,3191,0,0,0,155957.22576904297,0,0,4112314368,0,855244800,0
200,1788377562509,3191,3191,0,0,0,155957.22576904297,0,0,4112314368,0,855244800,0
200,1788377562710,3191,3191,0,0,0,155957.22576904297,0,0,4112314368,0,855244800,0
200,1788377562910,3191,3191,0,0,0,155957.22576904297,0,0,4112314368,0,855244800,0
200,1788377563110,3191,3191,0,0,0,155957.22576904297,0,0,4112314368,0,855244800,0
200,1788377563310,3191,3191,0,0,0,155957.22576904297,0,0,4112314368,0,855244800,0
200,1788377563510,3191,3191,0,0,0,155957.22576904297,0,0,4112314368,0,855244800,0
200,1788377563711,3191,3191,0,0,0,155957.22576904297,0,0,4112314368,0,855244800,0
200,1788377563911,3191,3191,0,0,0,155957.22576904297,0,0,4112314368,0,855244800,0
200,1788377564111,3191,3191,0,0,0,155957.22576904297,0,0,4112314368,0,855244800,0
200,1788377564311,3191,3191,4.761904716491699,4.761904716491699,0,155957.24127197266,0,0,4112314368,0,855244800,0
200,1788377564512,3191,3191,0,0,0,155957.24127197266,0,0,4112314368,0,855244800,0
200,1788377564712,3191,3191,0,0,0,155957.24127197266,0,0,4112314368,0,855244800,0
200,1788377564912,3191,3191,0,0,0,155957.24127197266,0,0,4112314368,0,855244800,0
200,1788377565113,3191,3191,0,0,0,155957.24127197266,0,0,4112314368,0,855244800,0
200,1788377565313,3191,3191,0,0,0,155957.24127197266,0,0,4112314368,0,855244800,0
200,1788377565513,3191,3191,0,0,0,155957.24127197266,0,0,4112314368,0,855244800,0
200,1788377565714,3191,3191,0,0,0,155957.24127197266,0,0,4112314368,0,855244800,0
200,1788377565914,3191,3191,0,0,0,155957.24127197266,0,0,4112314368,0,855244800,0
200,1788377566114,3191,3191,0,0,0,155957.24127197266,0,0,4112314368,0,855244800,0
200,1788377566314,3191,3191,0,0,0,155957.26275634766,0,0,4112314368,0,855244800,0
200,1788377566514,3191,3191,0,0,0,155957.26275634766,0,0,4112314368,0,855244800,0
200,1788377566714,3191,3191,0,0,0,155957.26275634766,0,0,4112314368,0,855244800,0
200,1788377566915,3191,3191,0,0,0,155957.26275634766,0,0,4112314368,0,855244800,0
200,1788377567115,3191,3191,0,0,0,155957.26275634766,0,0,4112314368,0,855244800,0
200,1788377567315,3191,3191,4.761904716491699,0,0,155957.26275634766,0,0,4112314368,0,855244800,0
200,1788377567516,3191,3191,0,0,0,155957.26275634766,0,0,4112314368,0,855244800,0
200,1788377567716,3191,3191,0,0,0,155957.26275634766,0,0,4112314368,0,855244800,0
200,1788377567916,3191,3191,0,0,0,155957.26275634766,0,0,4112314368,0,855244800,0
200,1788377568117,3191,3191,0,0,0,155957.26275634766,0,0,4112314368,0,855244800,0
200,1788377568317,3191,3191,0,0,0,155957.28088378906,0,0,4112314368,0,855244800,0
200,1788377568517,3191,3191,0,0,0,155957.28088378906,0,0,4112314368,0,855244800,0
200,1788377568718,3191,3191,0,0,0,155957.28088378906,0,0,4112314368,0,855244800,0
200,1788377568918,3191,3191,0,0,0,155957.28088378906,0,0,4112314368,0,855244800,0
200,1788377569118,3191,3191,0,0,0,155957.28088378906,0,0,4112314368,0,855244800,0
200,1788377569318,3191,3191,0,0,0,155957.28088378906,0,0,4112314368,0,855244800,0
200,1788377569518,3191,3191,0,0,0,155957.28088378906,0,0,4112314368,0,855244800,0
200,1788377569719,3191,3191,0,0,0,155957.28088378906,0,0,4112314368,0,855244800,0
200,1788377569919,3191,3191,0,0,0,155957.28088378906,0,0,4112314368,0,855244800,0
200,1788377570119,3191,3191,0,0,0,155957.28088378906,0,0,4112314368,0,855244800,0
200,1788377570319,3191,3191,0,0,0,155957.3006591797,0,0,4112314368,0,855244800,0
200,1788377570519,3191,3191,0,0,0,155957.3006591797,0,0,4112314368,0,855244800,0
200,1788377570720,3191,3191,0,0,0,155957.3006591797,0,0,4112314368,0,855244800,0
200,1788377570920,3191,3191,0,4.761904716491699,0,155957.3006591797,0,0,4112314368,0,855244800,0
200,1788377571120,3191,3191,0,0,0,155957.3006591797,0,0,4112314368,0,855244800,0
200,1788377571321,3191,3191,0,0,0,155957.3006591797,0,0,4112314368,0,855244800,0
200,1788377571521,3191,3191,0,0,0,155957.3006591797,0,0,4112314368,0,855244800,0
200,1788377571721,3191,3191,0,0,0,155957.3006591797,0,0,4112314368,0,855244800,0
200,1788377571921,3191,3191,0,0,0,155957.3006591797,0,0,4112314368,0,855244800,0
200,1788377572122,3191,3191,0,0,0,155957.3006591797,0,0,4112314368,0,855244800,0
200,1788377572322,3191,3191,0,0,0,155957.3006591797,0,0,4112314368,0,855244800,0
200,1788377572522,3191,3191,0,0,0,155957.3006591797,0,0,4112314368,0,855244800,0
200,1788377572722,3191,3191,0,0,0,155957.3006591797,0,0,4112314368,0,855244800,0
200,1788377572923,3191,3191,0,0,0,155957.3006591797,0,0,4112314368,0,855244800,0
200,1788377573123,3191,3191,0,0,0,155957.3006591797,0,0,4112314368,0,855244800,0
200,1788377573323,3191,3191,0,0,0,155957.31353759766,0,0,4112314368,0,855244800,0
200,1788377573523,3191,3191,9.090909004211426,0,0,155957.31353759766,0,0,4112314368,0,855244800,0
200,1788377573724,3191,3191,0,0,0,155957.31353759766,0,0,4112314368,0,855244800,0
200,1788377573924,3191,3191,0,0,0,155957.31353759766,0,0,4112314368,0,855244800,0
200,1788377574124,3191,3191,0,0,0,155957.31353759766,0,0,4112314368,0,855244800,0
200,1788377574325,3191,3191,0,0,0,155957.3316040039,0,0,4112314368,0,855244800,0
200,1788377574525,3191,3191,0,0,0,155957.3316040039,0,0,4112314368,0,855244800,0
200,1788377574725,3191,3191,0,0,0,155957.3316040039,0,0,4112314368,0,855244800,0
200,1788377574926,3191,3191,0,0,0,155957.3316040039,0,0,4112314368,0,855244800,0
200,1788377575126,3191,3191,0,0,0,155957.3316040039,0,0,4112314368,0,855244800,0
200,1788377575326,3191,3191,0,0,0,155957.3316040039,0,0,4112314368,0,855244800,0
200,1788377575526,3191,3191,0,0,0,155957.3316040039,0,0,4112314368,0,855244800,0
200,1788377575726,3191,3191,0,0,0,155957.3316040039,0,0,4112314368,0,855244800,0
200,1788377575926,3191,3191,0,0,0,155957.3316040039,0,0,4112314368,0,855244800,0
200,1788377576127,3191,3191,4.761904716491699,0,0,155957.3316040039,0,0,4112314368,0,855244800,0
200,1788377576327,3191,3191,0,0,0,155957.3575439453,0,0,4112314368,0,855244800,0
200,1788377576527,3191,3191,0,0,0,155957.3575439453,0,0,4112314368,0,855244800,0
200,1788377576728,3191,3191,0,0,0,155957.3575439453,0,0,4112314368,0,855244800,0
200,1788377576928,3191,3191,0,0,0,155957.3575439453,0,0,4112314368,0,855244800,0
200,1788377577128,3191,3191,0,0,0,155957.3575439453,0,0,4112314368,0,855244800,0
200,1788377577329,3191,3191,0,0,0,155957.3575439453,0,0,4112314368,0,855244800,0
200,1788377577529,3191,3191,0,0,0,155957.3575439453,0,0,4112314368,0,855244800,0
200,1788377577729,3191,3191,0,0,0,155957.3575439453,0,0,4112314368,0,855244800,0
200,1788377577929,3191,3191,0,0,0,155957.3575439453,0,0,4112314368,0,855244800,0
200,1788377578130,3191,3191,0,0,0,155957.3575439453,0,0,4112314368,0,855244800,0
200,1788377578330,3191,3191,0,0,0,155957.37060546875,0,0,4112314368,0,855244800,0
200,1788377578530,3191,3191,5.263157844543457,0,0,155957.37060546875,0,0,4112314368,0,855244800,0
200,1788377578730,3191,3191,0,0,0,155957.37060546875,0,0,4112314368,0,855244800,0
200,1788377578930,3191,3191,0,0,0,155957.37060546875,0,0,4112314368,0,855244800,0
200,1788377579130,3191,3191,0,0,0,155957.37060546875,0,0,4112314368,0,855244800,0
200,1788377579331,3191,3191,0,0,0,155957.4022216797,0,0,4112314368,0,855244800,0
200,1788377579531,3191,3191,0,0,0,155957.4022216797,0,0,4112314368,0,855244800,0
200,1788377579731,3191,3191,0,0,0,155957.4022216797,0,0,4112314368,0,855244800,0
200,1788377579932,3191,3191,0,0,0,155957.4022216797,0,0,4112314368,0,855244800,0
200,1788377580132,3191,3191,4.761904716491699,4.761904716491699,0,155957.4022216797,0,0,4112314368,0,855244800,0
200,1788377580332,3191,3191,0,0,0,155957.40869140625,0,0,4112314368,0,855244800,0
200,1788377580532,3191,3191,0,0,0,155957.40869140625,0,0,4112314368,0,855244800,0
200,1788377580733,3191,3191,0,0,0,155957.40869140625,0,0,4112314368,0,855244800,0
200,1788377580933,3191,3191,0,0,0,155957.40869140625,0,0,4112314368,0,855244800,0
200,1788377581133,3191,3191,0,0,0,155957.40869140625,0,0,4112314368,0,855244800,0
200,1788377581333,3191,3191,0,0,0,155957.40869140625,0,0,4112314368,0,855244800,0
200,1788377581534,3191,3191,0,0,0,155957.40869140625,0,0,4112314368,0,855244800,0
200,1788377581734,3191,3191,0,0,0,155957.40869140625,0,0,4112314368,0,855244800,0
200,1788377581934,3191,3191,0,0,0,155957.40869140625,0,0,4112314368,0,855244800,0
200,1788377582134,3191,3191,0,0,0,155957.40869140625,0,0,4112314368,0,855244800,0
200,1788377582335,3191,3191,0,0,0,155957.42810058594,0,0,4112314368,0,855244800,0
200,1788377582535,3191,3191,0,0,0,155957.42810058594,0,0,4112314368,0,855244800,0
200,1788377582735,3191,3191,0,0,0,155957.42810058594,0,0,4112314368,0,855244800,0
200,1788377582936,3191,3191,0,0,0,155957.42810058594,0,0,4112314368,0,855244800,0
200,1788377583136,3191,3191,0,0,0,155957.42810058594,0,0,4112314368,0,855244800,0
200,1788377583336,3191,3191,0,0,0,155957.43518066406,0,0,4112314368,0,855244800,0
200,1788377583537,3191,3191,0,0,0,155957.43518066406,0,0,4112314368,0,855244800,0
200,1788377583737,3191,3191,0,0,0,155957.43518066406,0,0,4112314368,0,855244800,0
200,1788377583937,3191,3191,0,0,0,155957.43518066406,0,0,4112314368,0,855244800,0
200,1788377584137,3191,3191,0,0,0,155957.43518066406,0,0,4112314368,0,855244800,0
200,1788377584337,3191,3191,0,0,0,155957.43518066406,0,0,4112314368,0,855244800,0
200,1788377584538,3191,3191,0,0,0,155957.43518066406,0,0,4112314368,0,855244800,0
200,1788377584738,3191,3191,0,0,0,155957.43518066406,0,0,4112314368,0,855244800,0
200,1788377584938,3191,3191,0,0,0,155957.43518066406,0,0,4112314368,0,855244800,0
200,1788377585138,3191,3191,0,0,0,155957.43518066406,0,0,4112314368,0,855244800,0
200,1788377585339,3191,3191,0,0,0,155957.45263671875,0,0,4112314368,0,855244800,0
200,1788377585539,3191,3191,0,4.761904716491699,0,155957.45263671875,0,0,4112314368,0,855244800,0
200,1788377585739,3191,3191,0,0,0,155957.45263671875,0,0,4112314368,0,855244800,0
200,1788377585939,3191,3191,0,0,0,155957.45263671875,0,0,4112314368,0,855244800,0
200,1788377586139,3191,3191,0,0,0,155957.45263671875,0,0,4112314368,0,855244800,0
200,1788377586340,3191,3191,0,0,0,155957.45263671875,0,0,4112314368,0,855244800,0
200,1788377586540,3191,3191,0,0,0,155957.45263671875,0,0,4112314368,0,855244800,0
200,1788377586740,3191,3191,0,0,0,155957.45263671875,0,0,4112314368,0,855244800,0
200,1788377586941,3191,3191,0,0,0,155957.45263671875,0,0,4112314368,0,855244800,0
200,1788377587141,3191,3191,0,0,0,155957.45263671875,0,0,4112314368,0,855244800,0
200,1788377587341,3191,3191,0,0,0,155957.45263671875,0,0,4112314368,0,855244800,0
200,1788377587541,3191,3191,0,0,0,155957.45263671875,0,0,4112314368,0,855244800,0
200,1788377587742,3191,3191,0,0,0,155957.45263671875,0,0,4112314368,0,855244800,0
200,1788377587942,3191,3191,0,0,0,155957.45263671875,0,0,4112314368,0,855244800,0
200,1788377588142,3191,3191,0,0,0,155957.45263671875,0,0,4112314368,0,855244800,0
200,1788377588342,3191,3191,0,0,0,155957.48596191406,0,0,4112314368,0,855244800,0
200,1788377588543,3191,3191,0,0,0,155957.48596191406,0,0,4112314368,0,855244800,0
200,1788377588743,3191,3191,0,0,0,155957.48596191406,0,0,4112314368,0,855244800,0
200,1788377588943,3191,3191,0,0,0,155957.48596191406,0,0,4112314368,0,855244800,0
200,1788377589144,3191,3191,0,0,0,155957.48596191406,0,0,4112314368,0,855244800,0
200,1788377589344,3191,3191,0,0,0,155957.5,0,0,4112314368,0,855244800,0
200,1788377589544,3191,3191,0,0,0,155957.5,0,0,4112314368,0,855244800,0
200,1788377589744,3191,3191,0,0,0,155957.5,0,0,4112314368,0,855244800,0
200,1788377589945,3191,3191,0,0,0,155957.5,0,0,4112314368,0,855244800,0
200,1788377590145,3191,3191,0,0,0,155957.5,0,0,4112314368,0,855244800,0
200,1788377590345,3191,3191,0,0,0,155957.5,0,0,4112314368,0,855244800,0
200,1788377590545,3191,3191,0,0,0,155957.5,0,0,4112314368,0,855244800,0
200,1788377590746,3191,3191,0,0,0,155957.5,0,0,4112314368,0,855244800,0
200,1788377590946,3191,3191,0,0,0,155957.5,0,0,4112314368,0,855244800,0
200,1788377591146,3191,3191,0,0,0,155957.5,0,0,4112314368,0,855244800,0
200,1788377591346,3191,3191,0,0,0,155957.51300048828,0,0,4112314368,0,855244800,0
200,1788377591547,3191,3191,0,0,0,155957.51300048828,0,0,4112314368,0,855244800,0
200,1788377591747,3191,3191,0,0,0,155957.51300048828,0,0,4112314368,0,855244800,0
200,1788377591947,3191,3191,0,0,0,155957.51300048828,0,0,4112314368,0,855244800,0
200,1788377592148,3191,3191,4.761904716491699,0,0,155957.51300048828,0,0,4112314368,0,855244800,0
200,1788377592348,3191,3191,0,0,0,155957.51300048828,0,0,4112314368,0,855244800,0
200,1788377592548,3191,3191,0,0,0,155957.51300048828,0,0,4112314368,0,855244800,0
200,1788377592749,3191,3191,0,0,0,155957.51300048828,0,0,4112314368,0,855244800,0
200,1788377592949,3191,3191,0,0,0,155957.51300048828,0,0,4112314368,0,855244800,0
200,1788377593149,3191,3191,0,0,0,155957.51300048828,0,0,4112314368,0,855244800,0
200,1788377593349,3191,3191,0,0,0,155957.51300048828,0,0,4112314368,0,855244800,0
200,1788377593549,3191,3191,0,0,0,155957.51300048828,0,0,4112314368,0,855244800,0
200,1788377593750,3191,3191,0,0,0,155957.51300048828,0,0,4112314368,0,855244800,0
200,1788377593950,3191,3191,0,0,0,155957.51300048828,0,0,4112314368,0,855244800,0
200,1788377594150,3191,3191,0,0,0,155957.51300048828,0,0,4112314368,0,855244800,0
200,1788377594351,3191,3191,0,0,0,155957.54620361328,0,0,4112314368,0,855244800,0
200,1788377594551,3191,3191,0,0,0,155957.54620361328,0,0,4112314368,0,855244800,0
200,1788377594751,3191,3191,0,0,0,155957.54620361328,0,0,4112314368,0,855244800,0
200,1788377594952,3191,3191,0,0,0,155957.54620361328,0,0,4112314368,0,855244800,0
200,1788377595152,3191,3191,0,0,0,155957.54620361328,0,0,4112314368,0,855244800,0
200,1788377595352,3191,3191,0,0,0,155957.54620361328,0,0,4112314368,0,855244800,0
200,1788377595552,3191,3191,0,0,0,155957.54620361328,0,0,4112314368,0,855244800,0
200,1788377595753,3191,3191,0,0,0,155957.54620361328,0,0,4112314368,0,855244800,0
200,1788377595953,3191,3191,0,0,0,155957.54620361328,0,0,4112314368,0,855244800,0
200,1788377596153,3191,3191,0,0,0,155957.54620361328,0,0,4112314368,0,855244800,0
200,1788377596353,3191,3191,0,0,0,155957.54620361328,0,0,4112314368,0,855244800,0
200,1788377596553,3191,3191,0,0,0,155957.54620361328,0,0,4112314368,0,855244800,0
200,1788377596753,3191,3191,0,0,0,155957.54620361328,0,0,4112314368,0,855244800,0
200,1788377596953,3191,3191,0,0,0,155957.54620361328,0,0,4112314368,0,855244800,0
200,1788377597154,3191,3191,0,0,0,155957.54620361328,0,0,4112314368,0,855244800,0
200,1788377597354,3191,3191,0,0,0,155957.5703125,0,0,4112314368,0,855244800,0
200,1788377597554,3191,3191,0,0,0,155957.5703125,0,0,4112314368,0,855244800,0
200,1788377597754,3191,3191,0,0,0,155957.5703125,0,0,4112314368,0,855236608,0
200,1788377597955,3191,3191,0,0,0,155957.5703125,0,0,4112314368,0,855236608,0
200,1788377598155,3191,3191,0,0,0,155957.5703125,0,0,4112314368,0,855236608,0
200,1788377598355,3191,3191,0,0,0,155957.5703125,0,0,4112314368,0,855236608,0
200,1788377598556,3191,3191,0,0,0,155957.5703125,0,0,4112314368,0,855236608,0
200,1788377598756,3191,3191,0,0,0,155957.5703125,0,0,4112314368,0,855236608,0
200,1788377598957,3191,3191,0,0,0,155957.5703125,0,0,4112314368,0,855236608,0
200,1788377599157,3191,3191,0,0,0,155957.5703125,0,0,4112314368,0,855236608,0
200,1788377599357,3191,3191,0,0,0,155957.5703125,0,0,4112314368,0,855236608,0
200,1788377599557,3191,3191,0,0,0,155957.5703125,0,0,4112314368,0,855236608,0
200,1788377599758,3191,3191,0,0,0,155957.5703125,0,0,4112314368,0,855236608,0
200,1788377599958,3191,3191,0,0,0,155957.5703125,0,0,4112314368,0,855236608,0
200,1788377600158,3191,3191,0,0,0,155957.5703125,0,0,4112314368,0,855236608,0
200,1788377600359,3191,3191,0,0,0,155957.5897216797,0,0,4112314368,0,855236608,0
200,1788377600559,3191,3191,0,0,0,155957.5897216797,0,0,4112314368,0,855236608,0
200,1788377600759,3191,3191,0,0,0,155957.5897216797,0,0,4112314368,0,855236608,0
200,1788377600960,3191,3191,0,0,0,155957.5897216797,0,0,4112314368,0,855236608,0
200,1788377601160,3191,3191,0,0,0,155957.5897216797,0,0,4112314368,0,855236608,0
200,1788377601360,3191,3191,4.761904716491699,0,0,155957.5897216797,0,0,4112314368,0,855236608,0
200,1788377601561,3191,3191,0,0,0,155957.5897216797,0,0,4112314368,0,855236608,0
200,1788377601761,3191,3191,0,0,0,155957.5897216797,0,0,4112314368,0,855236608,0
200,1788377601961,3191,3191,0,0,0,155957.5897216797,0,0,4112314368,0,855236608,0
200,1788377602161,3191,3191,0,0,0,155957.5897216797,0,0,4112314368,0,855236608,0
200,1788377602361,3191,3191,4.761904716491699,0,0,155957.60229492188,0,0,4112314368,0,855236608,0
200,1788377602561,3191,3191,0,0,0,155957.60229492188,0,0,4112314368,0,855236608,0
200,1788377602762,3191,3191,0,0,0,155957.60229492188,0,0,4112314368,0,855236608,0
200,1788377602962,3191,3191,0,0,0,155957.60229492188,0,0,4112314368,0,855236608,0
200,1788377603162,3191,3191,0,0,0,155957.60229492188,0,0,4112314368,0,855236608,0
200,1788377603363,3191,3191,0,0,0,155957.61499023438,0,0,4112314368,0,855236608,0
200,1788377603563,3191,3191,0,0,0,155957.61499023438,0,0,4112314368,0,855236608,0
200,1788377603763,3191,3191,0,0,0,155957.61499023438,0,0,4112314368,0,855236608,0
200,1788377603963,3191,3191,0,0,0,155957.61499023438,0,0,4112314368,0,855236608,0
200,1788377604164,3191,3191,0,0,0,155957.61499023438,0,0,4112314368,0,855236608,0
200,1788377604364,3191,3191,0,0,0,155957.61499023438,0,0,4112314368,0,855236608,0
200,1788377604564,3191,3191,0,4.761904716491699,0,155957.61499023438,0,0,4112314368,0,855236608,0
200,1788377604764,3191,3191,0,0,0,155957.61499023438,0,0,4112314368,0,855236608,0
200,1788377604964,3191,3191,0,0,0,155957.61499023438,0,0,4112314368,0,855236608,0
200,1788377605165,3191,3191,0,0,0,155957.61499023438,0,0,4112314368,0,855236608,0
200,1788377605365,3191,3191,0,0,0,155957.6279296875,0,0,4112314368,0,855236608,0
200,1788377605565,3191,3191,0,0,0,155957.6279296875,0,0,4112314368,0,855236608,0
200,1788377605765,3191,3191,0,0,0,155957.6279296875,0,0,4112314368,0,855236608,0
200,1788377605965,3191,3191,0,0,0,155957.6279296875,0,0,4112314368,0,855236608,0
200,1788377606166,3191,3191,0,0,0,155957.6279296875,0,0,4112314368,0,855236608,0
200,1788377606366,3191,3191,0,0,0,155957.65600585938,0,0,4112314368,0,855236608,0
200,1788377606566,3191,3191,0,0,0,155957.65600585938,0,0,4112314368,0,855236608,0
200,1788377606766,3191,3191,0,0,0,155957.65600585938,0,0,4112314368,0,855236608,0
200,1788377606967,3191,3191,0,0,0,155957.65600585938,0,0,4112314368,0,855236608,0
200,1788377607167,3191,3191,0,0,0,155957.65600585938,0,0,4112314368,0,855236608,0
200,1788377607367,3191,3191,0,0,0,155957.65600585938,0,0,4112314368,0,855236608,0
200,1788377607567,3191,3191,0,0,0,155957.65600585938,0,0,4112314368,0,855236608,0
200,1788377607768,3191,3191,0,0,0,155957.65600585938,0,0,4112314368,0,855236608,0
200,1788377607968,3191,3191,0,0,0,155957.65600585938,0,0,4112314368,0,855236608,0
200,1788377608168,3191,3191,0,0,0,155957.65600585938,0,0,4112314368,0,855236608,0
200,1788377608369,3191,3191,0,0,0,155957.6771850586,0,0,4112314368,0,855236608,0
200,1788377608569,3191,3191,0,0,0,155957.6771850586,0,0,4112314368,0,855236608,0
200,1788377608769,3191,3191,4.761904716491699,0,0,155957.6771850586,0,0,4112314368,0,855236608,0
200,1788377608969,3191,3191,0,0,0,155957.6771850586,0,0,4112314368,0,855236608,0
200,1788377609170,3191,3191,0,0,0,155957.6771850586,0,0,4112314368,0,855236608,0
200,1788377609370,3191,3191,0,0,0,155957.6771850586,0,0,4112314368,0,855236608,0
200,1788377609570,3191,3191,0,0,0,155957.6771850586,0,0,4112314368,0,855236608,0
200,1788377609771,3191,3191,0,0,0,155957.6771850586,0,0,4112314368,0,855236608,0
200,1788377609971,3191,3191,0,0,0,155957.6771850586,0,0,4112314368,0,855236608,0
200,1788377610171,3191,3191,0,0,0,155957.6771850586,0,0,4112314368,0,855236608,0
200,1788377610372,3191,3191,0,0,0,155957.69061279297,0,0,4112314368,0,855236608,0
200,1788377610572,3191,3191,0,0,0,155957.69061279297,0,0,4112314368,0,855236608,0
200,1788377610772,3191,3191,0,0,0,155957.69061279297,0,0,4112314368,0,855236608,0
200,1788377610972,3191,3191,0,0,0,155957.69061279297,0,0,4112314368,0,855236608,0
200,1788377611173,3191,3191,0,0,0,155957.69061279297,0,0,4112314368,0,855236608,0
200,1788377611373,3191,3191,0,0,0,155957.69061279297,0,0,4112314368,0,855236608,0
200,1788377611573,3191,3191,0,0,0,155957.69061279297,0,0,4112314368,0,855236608,0
200,1788377611773,3191,3191,0,0,0,155957.69061279297,0,0,4112314368,0,855236608,0
200,1788377611973,3191,3191,0,0,0,155957.69061279297,0,0,4112314368,0,855236608,0
200,1788377612174,3191,3191,4.761904716491699,4.761904716491699,0,155957.69061279297,0,0,4112314368,0,855236608,0
200,1788377612374,3191,3191,0,0,0,155957.70330810547,0,0,4112314368,0,855236608,0
200,1788377612574,3191,3191,0,0,0,155957.70330810547,0,0,4112314368,0,855236608,0
200,1788377612774,3191,3191,0,0,0,155957.70330810547,0,0,4112314368,0,855236608,0
200,1788377612975,3191,3191,0,0,0,155957.70330810547,0,0,4112314368,0,855236608,0
200,1788377613175,3191,3191,0,0,0,155957.70330810547,0,0,4112314368,0,855236608,0
200,1788377613375,3191,3191,4.761904716491699,0,0,155957.70330810547,0,0,4112314368,0,855236608,0
200,1788377613576,3191,3191,0,0,0,155957.70330810547,0,0,4112314368,0,855236608,0
200,1788377613776,3191,3191,0,0,0,155957.70330810547,0,0,4112314368,0,855236608,0
200,1788377613976,3191,3191,0,0,0,155957.70330810547,0,0,4112314368,0,855236608,0
200,1788377614176,3191,3191,0,0,0,155957.70330810547,0,0,4112314368,0,855236608,0
200,1788377614376,3191,3191,0,0,0,155957.71197509766,0,0,4112314368,0,855236608,0
200,1788377614576,3191,3191,0,0,0,155957.71197509766,0,0,4112314368,0,855236608,0
200,1788377614776,3191,3191,0,0,0,155957.71197509766,0,0,4112314368,0,855236608,0
200,1788377614976,3191,3191,0,4.761904716491699,0,155957.71197509766,0,0,4112314368,0,855236608,0
200,1788377615177,3191,3191,0,0,0,155957.71197509766,0,0,4112314368,0,855236608,0
200,1788377615377,3191,3191,0,0,0,155957.73193359375,0,0,4112314368,0,855236608,0
200,1788377615577,3191,3191,0,0,0,155957.73193359375,0,0,4112314368,0,855236608,0
200,1788377615777,3191,3191,0,0,0,155957.73193359375,0,0,4112314368,0,855236608,0
200,1788377615977,3191,3191,0,0,0,155957.73193359375,0,0,4112314368,0,855236608,0
200,1788377616177,3191,3191,0,0,0,155957.73193359375,0,0,4112314368,0,855236608,0
200,1788377616378,3191,3191,0,0,0,155957.73193359375,0,0,4112314368,0,855236608,0
200,1788377616578,3191,3191,0,0,0,155957.73193359375,0,0,4112314368,0,855236608,0
200,1788377616778,3191,3191,0,0,0,155957.73193359375,0,0,4112314368,0,855236608,0
200,1788377616979,3191,3191,0,0,0,155957.73193359375,0,0,4112314368,0,855236608,0
200,1788377617179,3191,3191,0,0,0,155957.73193359375,0,0,4112314368,0,855236608,0
200,1788377617379,3191,3191,0,0,0,155957.74963378906,0,0,4112314368,0,855236608,0
200,1788377617580,3191,3191,0,0,0,155957.74963378906,0,0,4112314368,0,855236608,0
200,1788377617780,3191,3191,0,0,0,155957.74963378906,0,0,4112314368,0,855236608,0
200,1788377617980,3191,3191,0,0,0,155957.74963378906,0,0,4112314368,0,855236608,0
200,1788377618180,3191,3191,0,0,0,155957.74963378906,0,0,4112314368,0,855236608,0
200,1788377618380,3191,3191,0,0,0,155957.74963378906,0,0,4112314368,0,855236608,0
200,1788377618581,3191,3191,0,0,0,155957.74963378906,0,0,4112314368,0,855236608,0
200,1788377618781,3191,3191,0,0,0,155957.74963378906,0,0,4112314368,0,855236608,0
200,1788377618981,3191,3191,0,0,0,155957.74963378906,0,0,4112314368,0,855236608,0
200,1788377619181,3191,3191,0,0,0,155957.74963378906,0,0,4112314368,0,855236608,0
200,1788377619382,3191,3191,0,0,0,155957.76879882813,0,0,4112314368,0,855236608,0
200,1788377619582,3191,3191,0,0,0,155957.76879882813,0,0,4112314368,0,855236608,0
200,1788377619782,3191,3191,0,0,0,155957.76879882813,0,0,4112314368,0,855236608,0
200,1788377619983,3191,3191,0,0,0,155957.76879882813,0,0,4112314368,0,855236608,0
200,1788377620183,3191,3191,0,0,0,155957.76879882813,0,0,4112314368,0,855236608,0
200,1788377620383,3191,3191,0,0,0,155957.76879882813,0,0,4112314368,0,855236608,0
200,1788377620584,3191,3191,0,0,0,155957.76879882813,0,0,4112314368,0,855236608,0
200,1788377620784,3191,3191,0,0,0,155957.76879882813,0,0,4112314368,0,855236608,0
200,1788377620984,3191,3191,0,0,0,155957.76879882813,0,0,4112314368,0,855236608,0
200,1788377621184,3191,3191,0,0,0,155957.76879882813,0,0,4112314368,0,855236608,0
200,1788377621384,3191,3191,0,0,0,155957.76879882813,0,0,4112314368,0,855236608,0
200,1788377621585,3191,3191,0,0,0,155957.76879882813,0,0,4112314368,0,855236608,0
200,1788377621785,3191,3191,0,0,0,155957.76879882813,0,0,4112314368,0,855236608,0
200,1788377621985,3191,3191,0,0,0,155957.76879882813,0,0,4112314368,0,855236608,0
200,1788377622186,3191,3191,0,0,0,155957.76879882813,0,0,4112314368,0,855236608,0
200,1788377622386,3191,3191,0,0,0,155957.78802490234,0,0,4112314368,0,855236608,0
200,1788377622586,3191,3191,0,0,0,155957.78802490234,0,0,4112314368,0,855236608,0
200,1788377622787,3191,3191,0,0,0,155957.78802490234,0,0,4112314368,0,855236608,0
200,1788377622987,3191,3191,0,0,0,155957.78802490234,0,0,4112314368,0,855236608,0
200,1788377623187,3191,3191,0,4.761904716491699,0,155957.78802490234,0,0,4112314368,0,855236608,0
200,1788377623388,3191,3191,0,0,0,155957.78802490234,0,0,4112314368,0,855236608,0
200,1788377623588,3191,3191,0,0,0,155957.78802490234,0,0,4112314368,0,855236608,0
200,1788377623788,3191,3191,0,0,0,155957.78802490234,0,0,4112314368,0,855236608,0
200,1788377623988,3191,3191,0,0,0,155957.78802490234,0,0,4112314368,0,855236608,0
200,1788377624189,3191,3191,0,0,0,155957.78802490234,0,0,4112314368,0,855236608,0
200,1788377624389,3191,3191,0,0,0,155957.81085205078,0,0,4112314368,0,855236608,0
200,1788377624589,3191,3191,0,0,0,155957.81085205078,0,0,4112314368,0,855236608,0
200,1788377624789,3191,3191,0,0,0,155957.81085205078,0,0,4112314368,0,855236608,0
200,1788377624989,3191,3191,0,0,0,155957.81085205078,0,0,4112314368,0,855236608,0
200,1788377625190,3191,3191,0,0,0,155957.81085205078,0,0,4112314368,0,855236608,0
200,1788377625390,3191,3191,0,0,0,155957.8246459961,0,0,4112314368,0,855236608,0
200,1788377625590,3191,3191,0,0,0,155957.8246459961,0,0,4112314368,0,855236608,0
200,1788377625790,3191,3191,0,0,0,155957.8246459961,0,0,4112314368,0,855236608,0
200,1788377625990,3191,3191,0,0,0,155957.8246459961,0,0,4112314368,0,855236608,0
200,1788377626191,3191,3191,0,0,0,155957.8246459961,0,0,4112314368,0,855236608,0
200,1788377626391,3191,3191,0,0,0,155957.8246459961,0,0,4112314368,0,855236608,0
200,1788377626591,3191,3191,0,0,0,155957.8246459961,0,0,4112314368,0,855236608,0
200,1788377626791,3191,3191,0,4.761904716491699,0,155957.8246459961,0,0,4112314368,0,855236608,0
200,1788377626992,3191,3191,0,0,0,155957.8246459961,0,0,4112314368,0,855236608,0
200,1788377627192,3191,3191,0,0,0,155957.8246459961,0,0,4112314368,0,855236608,0
200,1788377627392,3191,3191,0,0,0,155957.8246459961,0,0,4112314368,0,855236608,0
200,1788377627592,3191,3191,0,0,0,155957.8246459961,0,0,4112314368,0,855236608,0
200,1788377627792,3191,3191,0,0,0,155957.8246459961,0,0,4112314368,0,855236608,0
200,1788377627993,3191,3191,0,0,0,155957.8246459961,0,0,4112314368,0,855236608,0
200,1788377628193,3191,3191,0,0,0,155957.8246459961,0,0,4112314368,0,855236608,0
200,1788377628393,3191,3191,0,0,0,155957.84338378906,0,0,4112314368,0,855236608,0
200,1788377628593,3191,3191,0,0,0,155957.84338378906,0,0,4112314368,0,855236608,0
200,1788377628793,3191,3191,0,0,0,155957.84338378906,0,0,4112314368,0,855236608,0
200,1788377628994,3191,3191,0,0,0,155957.84338378906,0,0,4112314368,0,855236608,0
200,1788377629194,3191,3191,0,0,0,155957.84338378906,0,0,4112314368,0,855236608,0
200,1788377629394,3191,3191,0,0,0,155957.84338378906,0,0,4112314368,0,855236608,0
200,1788377629595,3191,3191,0,0,0,155957.84338378906,0,0,4112314368,0,855236608,0
200,1788377629795,3191,3191,0,0,0,155957.84338378906,0,0,4112314368,0,855236608,0
200,1788377629995,3191,3191,0,4.761904716491699,0,155957.84338378906,0,0,4112314368,0,855236608,0
200,1788377630196,3191,3191,0,0,0,155957.84338378906,0,0,4112314368,0,855236608,0
200,1788377630396,3191,3191,0,0,0,155957.8663330078,0,0,4112314368,0,855236608,0
200,1788377630596,3191,3191,0,0,0,155957.8663330078,0,0,4112314368,0,855236608,0
200,1788377630797,3191,3191,0,0,0,155957.8663330078,0,0,4112314368,0,855236608,0
200,1788377630997,3191,3191,0,0,0,155957.8663330078,0,0,4112314368,0,855236608,0
200,1788377631197,3191,3191,0,0,0,155957.8663330078,0,0,4112314368,0,855236608,0
200,1788377631397,3191,3191,5,0,0,155957.88806152344,0,0,4112314368,0,855236608,0
200,1788377631598,3191,3191,0,0,0,155957.88806152344,0,0,4112314368,0,855236608,0
200,1788377631798,3191,3191,0,0,0,155957.88806152344,0,0,4112314368,0,855236608,0
200,1788377631999,3191,3191,0,0,0,155957.88806152344,0,0,4112314368,0,855236608,0
200,1788377632199,3191,3191,0,0,0,155957.88806152344,0,0,4112314368,0,855236608,0
200,1788377632399,3191,3191,0,0,0,155957.9005126953,0,0,4112314368,0,855236608,0
200,1788377632600,3191,3191,0,0,0,155957.9005126953,0,0,4112314368,0,855236608,0
200,1788377632800,3191,3191,0,0,0,155957.9005126953,0,0,4112314368,0,855236608,0
200,1788377633000,3191,3191,0,0,0,155957.9005126953,0,0,4112314368,0,855236608,0
200,1788377633200,3191,3191,0,0,0,155957.9005126953,0,0,4112314368,0,855236608,0
200,1788377633400,3191,3191,0,0,0,155957.9005126953,0,0,4112314368,0,855236608,0
200,1788377633601,3191,3191,0,0,0,155957.9005126953,0,0,4112314368,0,855236608,0
200,1788377633801,3191,3191,0,0,0,155957.9005126953,0,0,4112314368,0,855236608,0
200,1788377634001,3191,3191,0,0,0,155957.9005126953,0,0,4112314368,0,855236608,0
200,1788377634202,3191,3191,0,0,0,155957.9005126953,0,0,4112314368,0,855236608,0
200,1788377634402,3191,3191,0,0,0,155957.9005126953,0,0,4112314368,0,855236608,0
200,1788377634602,3191,3191,0,0,0,155957.9005126953,0,0,4112314368,0,855236608,0
200,1788377634803,3191,3191,0,0,0,155957.9005126953,0,0,4112314368,0,855236608,0
200,1788377635003,3191,3191,0,0,0,155957.9005126953,0,0,4112314368,0,855236608,0
200,1788377635203,3191,3191,0,4.761904716491699,0,155957.9005126953,0,0,4112314368,0,855236608,0
200,1788377635404,3191,3191,0,0,0,155957.9253540039,0,0,4112314368,0,855236608,0
200,1788377635604,3191,3191,0,0,0,155957.9253540039,0,0,4112314368,0,855236608,0
200,1788377635804,3191,3191,0,0,0,155957.9253540039,0,0,4112314368,0,855236608,0
200,1788377636004,3191,3191,0,0,0,155957.9253540039,0,0,4112314368,0,855236608,0
200,1788377636204,3191,3191,0,0,0,155957.9253540039,0,0,4112314368,0,855236608,0
200,1788377636404,3191,3191,0,0,0,155957.9253540039,0,0,4112314368,0,855236608,0
200,1788377636604,3191,3191,0,0,0,155957.9253540039,0,0,4112314368,0,855236608,0
200,1788377636805,3191,3191,0,0,0,155957.9253540039,0,0,4112314368,0,855236608,0
200,1788377637005,3191,3191,4.761904716491699,0,0,155957.9253540039,0,0,4112314368,0,855236608,0
200,1788377637205,3191,3191,0,0,0,155957.9253540039,0,0,4112314368,0,855236608,0
200,1788377637405,3191,3191,0,0,0,155957.95056152344,0,0,4112314368,0,855236608,0
200,1788377637606,3191,3191,0,0,0,155957.95056152344,0,0,4112314368,0,855236608,0
200,1788377637806,3191,3191,0,0,0,155957.95056152344,0,0,4112314368,0,855236608,0
200,1788377638007,3191,3191,0,0,0,155957.95056152344,0,0,4112314368,0,855236608,0
200,1788377638207,3191,3191,0,0,0,155957.95056152344,0,0,4112314368,0,855236608,0
200,1788377638407,3191,3191,5,0,0,155957.95703125,0,0,4112314368,0,855236608,0
200,1788377638608,3191,3191,0,0,0,155957.95703125,0,0,4112314368,0,855236608,0
200,1788377638808,3191,3191,0,0,0,155957.95703125,0,0,4112314368,0,855236608,0
200,1788377639008,3191,3191,0,0,0,155957.95703125,0,0,4112314368,0,855236608,0
200,1788377639208,3191,3191,0,0,0,155957.95703125,0,0,4112314368,0,855236608,0
200,1788377639409,3191,3191,0,0,0,155957.9697265625,0,0,4112314368,0,855236608,0
200,1788377639609,3191,3191,0,0,0,155957.9697265625,0,0,4112314368,0,855236608,0
200,1788377639809,3191,3191,0,0,0,155957.9697265625,0,0,4112314368,0,855236608,0
200,1788377640010,3191,3191,0,0,0,155957.9697265625,0,0,4112314368,0,855236608,0
200,1788377640210,3191,3191,0,0,0,155957.9697265625,0,0,4112314368,0,855236608,0
200,1788377640410,3191,3191,0,0,0,155957.9697265625,0,0,4112314368,0,855236608,0
200,1788377640611,3191,3191,0,0,0,155957.9697265625,0,0,4112314368,0,855236608,0
200,1788377640811,3191,3191,0,0,0,155957.9697265625,0,0,4112314368,0,855236608,0
200,1788377641012,3191,3191,0,0,0,155957.9697265625,0,0,4112314368,0,855236608,0
200,1788377641212,3191,3191,0,0,0,155957.9697265625,0,0,4112314368,0,855236608,0
200,1788377641412,3191,3191,0,0,0,155957.98986816406,0,0,4112314368,0,855236608,0
200,1788377641612,3191,3191,0,0,0,155957.98986816406,0,0,4112314368,0,855236608,0
200,1788377641812,3191,3191,0,0,0,155957.98986816406,0,0,4112314368,0,855236608,0
200,1788377642013,3191,3191,0,0,0,155957.98986816406,0,0,4112314368,0,855236608,0
200,1788377642213,3191,3191,0,0,0,155957.98986816406,0,0,4112314368,0,855236608,0
200,1788377642413,3191,3191,0,4.761904716491699,0,155957.98986816406,0,0,4112314368,0,855236608,0
200,1788377642614,3191,3191,0,0,0,155957.98986816406,0,0,4112314368,0,855236608,0
200,1788377642814,3191,3191,0,0,0,155957.98986816406,0,0,4112314368,0,855236608,0
200,1788377643014,3191,3191,0,0,0,155957.98986816406,0,0,4112314368,0,855236608,0
200,1788377643215,3191,3191,0,0,0,155957.98986816406,0,0,4112314368,0,855236608,0
200,1788377643415,3191,3191,0,0,0,155957.98986816406,0,0,4112314368,0,855236608,0
200,1788377643615,3191,3191,0,0,0,155957.98986816406,0,0,4112314368,0,855236608,0
200,1788377643815,3191,3191,4.761904716491699,0,0,155957.98986816406,0,0,4112314368,0,855236608,0
200,1788377644016,3191,3191,0,0,0,155957.98986816406,0,0,4112314368,0,855236608,0
200,1788377644216,3191,3191,0,0,0,155957.98986816406,0,0,4112314368,0,855236608,0
200,1788377644416,3191,3191,0,0,0,155958.01245117188,0,0,4112314368,0,855236608,0
200,1788377644616,3191,3191,0,0,0,155958.01245117188,0,0,4112314368,0,855236608,0
200,1788377644816,3191,3191,0,0,0,155958.01245117188,0,0,4112314368,0,855236608,0
200,1788377645017,3191,3191,0,0,0,155958.01245117188,0,0,4112314368,0,855236608,0
200,1788377645217,3191,3191,0,0,0,155958.01245117188,0,0,4112314368,0,855236608,0
200,1788377645417,3191,3191,0,0,0,155958.01245117188,0,0,4112314368,0,855236608,0
200,1788377645617,3191,3191,0,0,0,155958.01245117188,0,0,4112314368,0,855236608,0
200,1788377645817,3191,3191,0,0,0,155958.01245117188,0,0,4112314368,0,855236608,0
200,1788377646018,3191,3191,0,0,0,155958.01245117188,0,0,4112314368,0,855236608,0
200,1788377646218,3191,3191,0,0,0,155958.01245117188,0,0,4112314368,0,855236608,0
200,1788377646419,3191,3191,0,0,0,155958.01245117188,0,0,4112314368,0,855236608,0
200,1788377646619,3191,3191,0,0,0,155958.01245117188,0,0,4112314368,0,855236608,0
200,1788377646819,3191,3191,4.761904716491699,0,0,155958.01245117188,0,0,4112314368,0,855236608,0
200,1788377647019,3191,3191,0,0,0,155958.01245117188,0,0,4112314368,0,855236608,0
200,1788377647220,3191,3191,0,0,0,155958.01245117188,0,0,4112314368,0,855236608,0
200,1788377647420,3191,3191,0,0,0,155958.03186035156,0,0,4112314368,0,855236608,0
200,1788377647620,3191,3191,0,0,0,155958.03186035156,0,0,4112314368,0,855236608,0
200,1788377647820,3191,3191,0,0,0,155958.03186035156,0,0,4112314368,0,855236608,0
200,1788377648020,3191,3191,0,0,0,155958.03186035156,0,0,4112314368,0,855236608,0
200,1788377648220,3191,3191,0,0,0,155958.03186035156,0,0,4112314368,0,855236608,0
200,1788377648421,3191,3191,0,0,0,155958.03186035156,0,0,4112314368,0,855236608,0
200,1788377648621,3191,3191,0,0,0,155958.03186035156,0,0,4112314368,0,855236608,0
200,1788377648821,3191,3191,0,0,0,155958.03186035156,0,0,4112314368,0,855236608,0
200,1788377649022,3191,3191,0,0,0,155958.03186035156,0,0,4112314368,0,855236608,0
200,1788377649222,3191,3191,0,0,0,155958.03186035156,0,0,4112314368,0,855236608,0
200,1788377649423,3191,3191,0,0,0,155958.0509033203,0,0,4112314368,0,855236608,0
200,1788377649623,3191,3191,0,0,0,155958.0509033203,0,0,4112314368,0,855236608,0
200,1788377649823,3191,3191,0,0,0,155958.0509033203,0,0,4112314368,0,855236608,0
200,1788377650023,3191,3191,0,0,0,155958.0509033203,0,0,4112314368,0,855236608,0
200,1788377650223,3191,3191,0,0,0,155958.0509033203,0,0,4112314368,0,855236608,0
200,1788377650424,3191,3191,0,0,0,155958.05792236328,0,0,4112314368,0,855236608,0
200,1788377650624,3191,3191,0,0,0,155958.05792236328,0,0,4112314368,0,855236608,0
200,1788377650824,3191,3191,0,0,0,155958.05792236328,0,0,4112314368,0,855236608,0
200,1788377651025,3191,3191,0,0,0,155958.05792236328,0,0,4112314368,0,855236608,0
200,1788377651225,3191,3191,0,0,0,155958.05792236328,0,0,4112314368,0,855236608,0
200,1788377651425,3191,3191,0,0,0,155958.07061767578,0,0,4112314368,0,855236608,0
200,1788377651626,3191,3191,0,0,0,155958.07061767578,0,0,4112314368,0,855236608,0
200,1788377651826,3191,3191,0,0,0,155958.07061767578,0,0,4112314368,0,855236608,0
200,1788377652026,3191,3191,0,0,0,155958.07061767578,0,0,4112314368,0,855236608,0
200,1788377652227,3191,3191,0,0,0,155958.07061767578,0,0,4112314368,0,855236608,0
200,1788377652427,3191,3191,0,0,0,155958.07061767578,0,0,4112314368,0,855236608,0
200,1788377652627,3191,3191,0,0,0,155958.07061767578,0,0,4112314368,0,855236608,0
200,1788377652827,3191,3191,0,0,0,155958.07061767578,0,0,4112314368,0,855236608,0
200,1788377653028,3191,3191,0,0,0,155958.07061767578,0,0,4112314368,0,855236608,0
200,1788377653228,3191,3191,0,0,0,155958.07061767578,0,0,4112314368,0,855236608,0
200,1788377653428,3191,3191,0,0,0,155958.07946777344,0,0,4112314368,0,855236608,0
200,1788377653629,3191,3191,0,0,0,155958.07946777344,0,0,4112314368,0,855236608,0
200,1788377653829,3191,3191,0,0,0,155958.07946777344,0,0,4112314368,0,855236608,0
200,1788377654029,3191,3191,0,0,0,155958.07946777344,0,0,4112314368,0,855236608,0
200,1788377654229,3191,3191,0,0,0,155958.07946777344,0,0,4112314368,0,855236608,0
200,1788377654430,3191,3191,0,0,0,155958.07946777344,0,0,4112314368,0,855236608,0
200,1788377654630,3191,3191,0,0,0,155958.07946777344,0,0,4112314368,0,855236608,0
200,1788377654830,3191,3191,0,0,0,155958.07946777344,0,0,4112314368,0,855236608,0
200,1788377655031,3191,3191,0,0,0,155958.07946777344,0,0,4112314368,0,855236608,0
200,1788377655231,3191,3191,0,0,0,155958.07946777344,0,0,4112314368,0,855236608,0
200,1788377655431,3191,3191,0,0,0,155958.09301757813,0,0,4112314368,0,855236608,0
200,1788377655631,3191,3191,4.761904716491699,4.761904716491699,0,155958.09301757813,0,0,4112314368,0,855236608,0
200,1788377655832,3191,3191,0,0,0,155958.09301757813,0,0,4112314368,0,855236608,0
200,1788377656032,3191,3191,0,0,0,155958.09301757813,0,0,4112314368,0,855236608,0
200,1788377656232,3191,3191,0,4.761904716491699,0,155958.09301757813,0,0,4112314368,0,855236608,0
200,1788377656432,3191,3191,0,0,0,155958.1088256836,0,0,4112314368,0,855236608,0
200,1788377656632,3191,3191,0,0,0,155958.1088256836,0,0,4112314368,0,855236608,0
200,1788377656833,3191,3191,0,0,0,155958.1088256836,0,0,4112314368,0,855236608,0
200,1788377657033,3191,3191,0,0,0,155958.1088256836,0,0,4112314368,0,855236608,0
200,1788377657233,3191,3191,0,0,0,155958.1088256836,0,0,4112314368,0,855236608,0
200,1788377657433,3191,3191,0,0,0,155958.13055419922,0,0,4112314368,0,855236608,0
200,1788377657634,3191,3191,0,0,0,155958.13055419922,0,0,4112314368,0,855236608,0
200,1788377657834,3191,3191,0,0,0,155958.13055419922,0,0,4112314368,0,855236608,0
200,1788377658034,3191,3191,0,0,0,155958.13055419922,0,0,4112314368,0,855236608,0
200,1788377658235,3191,3191,0,0,0,155958.13055419922,0,0,4112314368,0,855236608,0
200,1788377658435,3191,3191,4.761904716491699,4.761904716491699,0,155958.13055419922,0,0,4112314368,0,855236608,0
200,1788377658635,3191,3191,0,0,0,155958.13055419922,0,0,4112314368,0,855236608,0
200,1788377658835,3191,3191,0,0,0,155958.13055419922,0,0,4112314368,0,855236608,0
200,1788377659036,3191,3191,0,0,0,155958.13055419922,0,0,4112314368,0,855236608,0
200,1788377659236,3191,3191,0,0,0,155958.13055419922,0,0,4112314368,0,855236608,0
200,1788377659436,3191,3191,0,0,0,155958.14337158203,0,0,4112314368,0,855236608,0
200,1788377659637,3191,3191,0,0,0,155958.14337158203,0,0,4112314368,0,855236608,0
200,1788377659837,3191,3191,0,0,0,155958.14337158203,0,0,4112314368,0,855236608,0
200,1788377660037,3191,3191,0,0,0,155958.14337158203,0,0,4112314368,0,855236608,0
200,1788377660238,3191,3191,0,0,0,155958.14337158203,0,0,4112314368,0,855236608,0
200,1788377660438,3191,3191,0,0,0,155958.14337158203,0,0,4112314368,0,855236608,0
200,1788377660638,3191,3191,0,0,0,155958.14337158203,0,0,4112314368,0,855236608,0
200,1788377660839,3191,3191,0,0,0,155958.14337158203,0,0,4112314368,0,855236608,0
200,1788377661039,3191,3191,0,0,0,155958.14337158203,0,0,4112314368,0,855236608,0
200,1788377661239,3191,3191,0,0,0,155958.14337158203,0,0,4112314368,0,855236608,0
200,1788377661439,3191,3191,9.090909004211426,0,0,155958.16369628906,0,0,4112314368,0,855236608,0
200,1788377661640,3191,3191,0,0,0,155958.16369628906,0,0,4112314368,0,855236608,0
200,1788377661840,3191,3191,0,0,0,155958.16369628906,0,0,4112314368,0,855236608,0
200,1788377662040,3191,3191,0,0,0,155958.16369628906,0,0,4112314368,0,855236608,0
200,1788377662240,3191,3191,0,0,0,155958.16369628906,0,0,4112314368,0,855236608,0
200,1788377662440,3191,3191,0,0,0,155958.16369628906,0,0,4112314368,0,855236608,0
200,1788377662640,3191,3191,0,0,0,155958.16369628906,0,0,4112314368,0,855236608,0
200,1788377662841,3191,3191,0,0,0,155958.16369628906,0,0,4112314368,0,855236608,0
200,1788377663041,3191,3191,0,0,0,155958.16369628906,0,0,4112314368,0,855236608,0
200,1788377663241,3191,3191,0,0,0,155958.16369628906,0,0,4112314368,0,855236608,0
200,1788377663442,3191,3191,0,0,0,155958.18041992188,0,0,4112314368,0,855236608,0
200,1788377663642,3191,3191,0,0,0,155958.18041992188,0,0,4112314368,0,855236608,0
200,1788377663842,3191,3191,0,0,0,155958.18041992188,0,0,4112314368,0,855236608,0
200,1788377664043,3191,3191,0,0,0,155958.18041992188,0,0,4112314368,0,855236608,0
200,1788377664243,3191,3191,0,0,0,155958.18041992188,0,0,4112314368,0,855236608,0
200,1788377664443,3191,3191,0,0,0,155958.18041992188,0,0,4112314368,0,855236608,0
200,1788377664643,3191,3191,0,0,0,155958.18041992188,0,0,4112314368,0,855236608,0
200,1788377664843,3191,3191,0,0,0,155958.18041992188,0,0,4112314368,0,855236608,0
200,1788377665044,3191,3191,0,0,0,155958.18041992188,0,0,4112314368,0,855236608,0
200,1788377665244,3191,3191,0,4.761904716491699,0,155958.18041992188,0,0,4112314368,0,855236608,0
200,1788377665444,3191,3191,0,0,0,155958.18041992188,0,0,4112314368,0,855236608,0
200,1788377665644,3191,3191,0,0,0,155958.18041992188,0,0,4112314368,0,855236608,0
200,1788377665844,3191,3191,0,0,0,155958.18041992188,0,0,4112314368,0,855236608,0
200,1788377666045,3191,3191,0,0,0,155958.18041992188,0,0,4112314368,0,855236608,0
200,1788377666245,3191,3191,0,0,0,155958.18041992188,0,0,4112314368,0,855236608,0
200,1788377666445,3191,3191,0,0,0,155958.2260131836,0,0,4112314368,0,855236608,0
200,1788377666645,3191,3191,0,0,0,155958.2260131836,0,0,4112314368,0,855236608,0
200,1788377666845,3191,3191,0,0,0,155958.2260131836,0,0,4112314368,0,855236608,0
200,1788377667046,3191,3191,0,0,0,155958.2260131836,0,0,4112314368,0,855236608,0
200,1788377667246,3191,3191,0,0,0,155958.2260131836,0,0,4112314368,0,855236608,0
200,1788377667446,3191,3191,0,0,0,155958.2260131836,0,0,4112314368,0,855236608,0
200,1788377667646,3191,3191,0,0,0,155958.2260131836,0,0,4112314368,0,855236608,0
200,1788377667847,3191,3191,0,0,0,155958.2260131836,0,0,4112314368,0,855236608,0
200,1788377668047,3191,3191,0,0,0,155958.2260131836,0,0,4112314368,0,855236608,0
200,1788377668247,3191,3191,0,0,0,155958.2260131836,0,0,4112314368,0,855236608,0
200,1788377668447,3191,3191,0,0,0,155958.2260131836,0,0,4112314368,0,855236608,0
200,1788377668647,3191,3191,0,0,0,155958.2260131836,0,0,4112314368,0,855236608,0
200,1788377668848,3191,3191,0,4.761904716491699,0,155958.2260131836,0,0,4112314368,0,855236608,0
200,1788377669048,3191,3191,0,0,0,155958.2260131836,0,0,4112314368,0,855236608,0
200,1788377669248,3191,3191,0,0,0,155958.2260131836,0,0,4112314368,0,855236608,0
200,1788377669448,3191,3191,0,0,0,155958.24609375,0,0,4112314368,0,855236608,0
200,1788377669648,3191,3191,0,0,0,155958.24609375,0,0,4112314368,0,855228416,0
200,1788377669848,3191,3191,0,0,0,155958.24609375,0,0,4112314368,0,855228416,0
200,1788377670049,3191,3191,0,0,0,155958.24609375,0,0,4112314368,0,855228416,0
200,1788377670249,3191,3191,0,0,0,155958.24609375,0,0,4112314368,0,855228416,0
200,1788377670449,3191,3191,0,0,0,155958.25329589844,0,0,4112314368,0,855228416,0
200,1788377670650,3191,3191,0,0,0,155958.25329589844,0,0,4112314368,0,855228416,0
200,1788377670850,3191,3191,0,0,0,155958.25329589844,0,0,4112314368,0,855228416,0
200,1788377671050,3191,3191,0,0,0,155958.25329589844,0,0,4112314368,0,855228416,0
200,1788377671250,3191,3191,0,0,0,155958.25329589844,0,0,4112314368,0,855228416,0
200,1788377671451,3191,3191,0,0,0,155958.2664794922,0,0,4112314368,0,855228416,0
200,1788377671651,3191,3191,0,0,0,155958.2664794922,0,0,4112314368,0,855228416,0
200,1788377671851,3191,3191,0,0,0,155958.2664794922,0,0,4112314368,0,855228416,0
200,1788377672051,3191,3191,0,0,0,155958.2664794922,0,0,4112314368,0,855228416,0
200,1788377672252,3191,3191,0,0,0,155958.2664794922,0,0,4112314368,0,855228416,0
200,1788377672452,3191,3191,0,0,0,155958.2664794922,0,0,4112314368,0,855228416,0
200,1788377672652,3191,3191,0,0,0,155958.2664794922,0,0,4112314368,0,855228416,0
200,1788377672853,3191,3191,0,0,0,155958.2664794922,0,0,4112314368,0,855228416,0
200,1788377673053,3191,3191,0,0,0,155958.2664794922,0,0,4112314368,0,855228416,0
200,1788377673253,3191,3191,0,0,0,155958.2664794922,0,0,4112314368,0,855228416,0
200,1788377673453,3191,3191,0,0,0,155958.2664794922,0,0,4112314368,0,855228416,0
200,1788377673654,3191,3191,0,0,0,155958.2664794922,0,0,4112314368,0,855228416,0
200,1788377673854,3191,3191,0,0,0,155958.2664794922,0,0,4112314368,0,855228416,0
200,1788377674055,3191,3191,0,0,0,155958.2664794922,0,0,4112314368,0,855228416,0
200,1788377674255,3191,3191,0,4.761904716491699,0,155958.2664794922,0,0,4112314368,0,855228416,0
200,1788377674455,3191,3191,0,0,0,155958.294921875,0,0,4112314368,0,855228416,0
200,1788377674655,3191,3191,0,4.761904716491699,0,155958.294921875,0,0,4112314368,0,855228416,0
200,1788377674855,3191,3191,0,0,0,155958.294921875,0,0,4112314368,0,855228416,0
200,1788377675056,3191,3191,0,0,0,155958.294921875,0,0,4112314368,0,855228416,0
200,1788377675256,3191,3191,0,0,0,155958.294921875,0,0,4112314368,0,855228416,0
200,1788377675456,3191,3191,5,5,0,155958.32360839844,0,0,4112314368,0,855437312,0
200,1788377675656,3191,3191,0,0,0,155958.32360839844,0,0,4112314368,0,855486464,0
200,1788377675856,3191,3191,0,0,0,155958.32360839844,0,0,4112314368,0,855486464,0
200,1788377676056,3191,3191,0,0,0,155958.32360839844,0,0,4112314368,0,855486464,0
200,1788377676257,3191,3191,0,0,0,155958.32360839844,0,0,4112314368,0,855486464,0
200,1788377676457,3191,3191,0,0,0,155958.3438720703,0,0,4112314368,0,855486464,0
200,1788377676657,3191,3191,0,0,0,155958.3438720703,0,0,4112314368,0,855486464,0
200,1788377676858,3191,3191,0,0,0,155958.3438720703,0,0,4112314368,0,855486464,0
200,1788377677058,3191,3191,0,0,0,155958.3438720703,0,0,4112314368,0,855486464,0
200,1788377677258,3191,3191,0,0,0,155958.3438720703,0,0,4112314368,0,855973888,0
200,1788377677459,3191,3191,0,0,0,155958.3438720703,0,0,4112314368,0,855973888,0
200,1788377677659,3191,3191,0,0,0,155958.3438720703,0,0,4112314368,0,856002560,0
200,1788377677859,3191,3191,0,0,0,155958.3438720703,0,0,4112314368,0,856002560,0
200,1788377678059,3191,3191,0,0,0,155958.3438720703,0,0,4112314368,0,856002560,0
200,1788377678260,3191,3191,0,0,0,155958.3438720703,0,0,4112314368,0,856002560,0
200,1788377678460,3191,3191,0,0,0,155958.3438720703,0,0,4112314368,0,856002560,0
200,1788377678660,3191,3191,0,0,0,155958.3438720703,0,0,4112314368,0,856002560,0
200,1788377678860,3191,3191,0,0,0,155958.3438720703,0,0,4112314368,0,856002560,0
200,1788377679061,3191,3191,0,0,0,155958.3438720703,0,0,4112314368,0,856002560,0
200,1788377679261,3191,3191,0,0,0,155958.3438720703,0,0,4112314368,0,856002560,0
200,1788377679461,3191,3191,0,0,0,155958.3438720703,0,0,4112314368,0,856002560,0
200,1788377679662,3191,3191,0,0,0,155958.3438720703,0,0,4112314368,0,856002560,0
200,1788377679862,3191,3191,0,0,0,155958.3438720703,0,0,4112314368,0,856002560,0
200,1788377680062,3191,3191,0,4.761904716491699,0,155958.3438720703,0,0,4112314368,0,856002560,0
200,1788377680263,3191,3191,0,0,0,155958.3438720703,0,0,4112314368,0,856002560,0
200,1788377680463,3191,3191,0,0,0,155958.37829589844,0,0,4112314368,0,856002560,0
200,1788377680663,3191,3191,0,0,0,155958.37829589844,0,0,4112314368,0,856002560,0
200,1788377680863,3191,3191,0,0,0,155958.37829589844,0,0,4112314368,0,856002560,0
200,1788377681063,3191,3191,0,0,0,155958.37829589844,0,0,4112314368,0,856002560,0
200,1788377681264,3191,3191,0,0,0,155958.37829589844,0,0,4112314368,0,856002560,0
200,1788377681464,3191,3191,0,0,0,155958.37829589844,0,0,4112314368,0,856002560,0
200,1788377681664,3191,3191,0,0,0,155958.37829589844,0,0,4112314368,0,856002560,0
200,1788377681865,3191,3191,0,0,0,155958.37829589844,0,0,4112314368,0,856002560,0
200,1788377682065,3191,3191,0,0,0,155958.37829589844,0,0,4112314368,0,856002560,0
200,1788377682265,3191,3191,0,0,0,155958.37829589844,0,0,4112314368,0,856002560,0
200,1788377682466,3191,3191,0,0,0,155958.39807128906,0,0,4112314368,0,856002560,0
200,1788377682666,3191,3191,0,0,0,155958.39807128906,0,0,4112314368,0,856002560,0
200,1788377682866,3191,3191,0,0,0,155958.39807128906,0,0,4112314368,0,856002560,0
200,1788377683067,3191,3191,0,0,0,155958.39807128906,0,0,4112314368,0,856002560,0
200,1788377683267,3191,3191,0,0,0,155958.39807128906,0,0,4112314368,0,856002560,0
200,1788377683467,3191,3191,0,0,0,155958.39807128906,0,0,4112314368,0,856002560,0
200,1788377683667,3191,3191,0,0,0,155958.39807128906,0,0,4112314368,0,856002560,0
200,1788377683868,3191,3191,4.761904716491699,0,0,155958.39807128906,0,0,4112314368,0,856002560,0
200,1788377684068,3191,3191,0,0,0,155958.39807128906,0,0,4112314368,0,856002560,0
200,1788377684268,3191,3191,0,0,0,155958.39807128906,0,0,4112314368,0,856002560,0
200,1788377684468,3191,3191,0,0,0,155958.39807128906,0,0,4112314368,0,856002560,0
200,1788377684669,3191,3191,0,0,0,155958.39807128906,0,0,4112314368,0,856002560,0
200,1788377684869,3191,3191,0,4.761904716491699,0,155958.39807128906,0,0,4112314368,0,856002560,0
200,1788377685069,3191,3191,0,0,0,155958.39807128906,0,0,4112314368,0,856002560,0
200,1788377685269,3191,3191,0,0,0,155958.39807128906,0,0,4112314368,0,856002560,0
200,1788377685470,3191,3191,0,0,0,155958.41510009766,0,0,4112314368,0,856002560,0
200,1788377685670,3191,3191,0,0,0,155958.41510009766,0,0,4112314368,0,856002560,0
200,1788377685870,3191,3191,0,0,0,155958.41510009766,0,0,4112314368,0,856002560,0
200,1788377686070,3191,3191,0,0,0,155958.41510009766,0,0,4112314368,0,856002560,0
200,1788377686271,3191,3191,0,0,0,155958.41510009766,0,0,4112314368,0,856002560,0
200,1788377686471,3191,3191,0,0,0,155958.44842529297,0,0,4112314368,0,856002560,0
200,1788377686671,3191,3191,0,0,0,155958.44842529297,0,0,4112314368,0,856002560,0
200,1788377686871,3191,3191,0,4.761904716491699,0,155958.44842529297,0,0,4112314368,0,856002560,0
200,1788377687071,3191,3191,0,0,0,155958.44842529297,0,0,4112314368,0,856002560,0
200,1788377687272,3191,3191,0,0,0,155958.44842529297,0,0,4112314368,0,856002560,0
200,1788377687472,3191,3191,0,0,0,155958.44842529297,0,0,4112314368,0,856002560,0
200,1788377687672,3191,3191,0,0,0,155958.44842529297,0,0,4112314368,0,856002560,0
200,1788377687873,3191,3191,0,0,0,155958.44842529297,0,0,4112314368,0,856002560,0
200,1788377688073,3191,3191,0,0,0,155958.44842529297,0,0,4112314368,0,856002560,0
200,1788377688273,3191,3191,0,0,0,155958.44842529297,0,0,4112314368,0,856002560,0
200,1788377688474,3191,3191,0,0,0,155958.44842529297,0,0,4112314368,0,856002560,0
200,1788377688674,3191,3191,0,0,0,155958.44842529297,0,0,4112314368,0,856002560,0
200,1788377688874,3191,3191,0,0,0,155958.44842529297,0,0,4112314368,0,856002560,0
200,1788377689075,3191,3191,0,0,0,155958.44842529297,0,0,4112314368,0,856002560,0
200,1788377689275,3191,3191,0,0,0,155958.44842529297,0,0,4112314368,0,856002560,0
200,1788377689475,3191,3191,0,0,0,155958.474609375,0,0,4112314368,0,856002560,0
200,1788377689675,3191,3191,0,0,0,155958.474609375,0,0,4112314368,0,856002560,0
200,1788377689875,3191,3191,0,0,0,155958.474609375,0,0,4112314368,0,856002560,0
200,1788377690076,3191,3191,4.761904716491699,0,0,155958.474609375,0,0,4112314368,0,856002560,0
200,1788377690276,3191,3191,0,0,0,155958.474609375,0,0,4112314368,0,856002560,0
200,1788377690476,3191,3191,0,0,0,155958.48175048828,0,0,4112314368,0,856002560,0
200,1788377690677,3191,3191,0,0,0,155958.48175048828,0,0,4112314368,0,856002560,0
200,1788377690877,3191,3191,0,0,0,155958.48175048828,0,0,4112314368,0,856002560,0
200,1788377691077,3191,3191,0,0,0,155958.48175048828,0,0,4112314368,0,856002560,0
200,1788377691278,3191,3191,0,0,0,155958.48175048828,0,0,4112314368,0,856002560,0
200,1788377691478,3191,3191,0,0,0,155958.48175048828,0,0,4112314368,0,856002560,0
200,1788377691678,3191,3191,0,0,0,155958.48175048828,0,0,4112314368,0,856002560,0
200,1788377691878,3191,3191,0,0,0,155958.48175048828,0,0,4112314368,0,856002560,0
200,1788377692079,3191,3191,0,0,0,155958.48175048828,0,0,4112314368,0,856002560,0
200,1788377692279,3191,3191,0,0,0,155958.48175048828,0,0,4112314368,0,856002560,0
200,1788377692479,3191,3191,0,0,0,155958.49481201172,0,0,4112314368,0,856002560,0
200,1788377692679,3191,3191,0,0,0,155958.49481201172,0,0,4112314368,0,856002560,0
200,1788377692880,3191,3191,0,0,0,155958.49481201172,0,0,4112314368,0,856002560,0
200,1788377693080,3191,3191,0,0,0,155958.49481201172,0,0,4112314368,0,856002560,0
200,1788377693281,3191,3191,0,0,0,155958.49481201172,0,0,4112314368,0,856002560,0
200,1788377693481,3191,3191,0,0,0,155958.49481201172,0,0,4112314368,0,856002560,0
200,1788377693681,3191,3191,0,0,0,155958.49481201172,0,0,4112314368,0,856002560,0
200,1788377693882,3191,3191,0,0,0,155958.49481201172,0,0,4112314368,0,856002560,0
200,1788377694082,3191,3191,0,0,0,155958.49481201172,0,0,4112314368,0,856002560,0
200,1788377694282,3191,3191,0,0,0,155958.49481201172,0,0,4112314368,0,856002560,0
200,1788377694482,3191,3191,0,0,0,155958.51538085938,0,0,4112314368,0,856002560,0
200,1788377694683,3191,3191,0,0,0,155958.51538085938,0,0,4112314368,0,856002560,0
200,1788377694883,3191,3191,0,0,0,155958.51538085938,0,0,4112314368,0,856002560,0
200,1788377695083,3191,3191,0,0,0,155958.51538085938,0,0,4112314368,0,856002560,0
200,1788377695283,3191,3191,0,0,0,155958.51538085938,0,0,4112314368,0,856002560,0
200,1788377695483,3191,3191,0,0,0,155958.51538085938,0,0,4112314368,0,856002560,0
200,1788377695683,3191,3191,0,4.761904716491699,0,155958.51538085938,0,0,4112314368,0,856002560,0
200,1788377695884,3191,3191,0,0,0,155958.51538085938,0,0,4112314368,0,856002560,0
200,1788377696084,3191,3191,0,0,0,155958.51538085938,0,0,4112314368,0,856002560,0
200,1788377696284,3191,3191,0,0,0,155958.51538085938,0,0,4112314368,0,856002560,0
200,1788377696485,3191,3191,0,0,0,155958.51538085938,0,0,4112314368,0,856002560,0
200,1788377696685,3191,3191,0,0,0,155958.51538085938,0,0,4112314368,0,856002560,0
200,1788377696885,3191,3191,0,0,0,155958.51538085938,0,0,4112314368,0,856002560,0
200,1788377697086,3191,3191,0,0,0,155958.51538085938,0,0,4112314368,0,856002560,0
200,1788377697286,3191,3191,0,0,0,155958.51538085938,0,0,4112314368,0,856002560,0
200,1788377697486,3191,3191,0,0,0,155958.5433959961,0,0,4112314368,0,856002560,0
200,1788377697686,3191,3191,0,0,0,155958.5433959961,0,0,4112314368,0,856002560,0
200,1788377697887,3191,3191,0,0,0,155958.5433959961,0,0,4112314368,0,856002560,0
200,1788377698087,3191,3191,0,0,0,155958.5433959961,0,0,4112314368,0,856002560,0
200,1788377698287,3191,3191,0,0,0,155958.5433959961,0,0,4112314368,0,856002560,0
200,1788377698488,3191,3191,0,0,0,155958.5433959961,0,0,4112314368,0,856002560,0
200,1788377698688,3191,3191,0,0,0,155958.5433959961,0,0,4112314368,0,856002560,0
200,1788377698888,3191,3191,0,0,0,155958.5433959961,0,0,4112314368,0,856002560,0
200,1788377699088,3191,3191,0,0,0,155958.5433959961,0,0,4112314368,0,856002560,0
200,1788377699288,3191,3191,0,0,0,155958.5433959961,0,0,4112314368,0,856002560,0
200,1788377699489,3191,3191,0,0,0,155958.56524658203,0,0,4112314368,0,856002560,0
200,1788377699689,3191,3191,0,0,0,155958.56524658203,0,0,4112314368,0,856002560,0
200,1788377699890,3191,3191,0,0,0,155958.56524658203,0,0,4112314368,0,856002560,0
200,1788377700090,3191,3191,0,0,0,155958.56524658203,0,0,4112314368,0,856002560,0
200,1788377700290,3191,3191,0,0,0,155958.56524658203,0,0,4112314368,0,856002560,0
200,1788377700490,3191,3191,0,0,0,155958.56524658203,0,0,4112314368,0,856002560,0
200,1788377700690,3191,3191,0,0,0,155958.56524658203,0,0,4112314368,0,856002560,0
200,1788377700891,3191,3191,0,0,0,155958.56524658203,0,0,4112314368,0,856002560,0
200,1788377701091,3191,3191,0,0,0,155958.56524658203,0,0,4112314368,0,856002560,0
200,1788377701291,3191,3191,0,0,0,155958.56524658203,0,0,4112314368,0,856002560,0
200,1788377701491,3191,3191,0,4.761904716491699,0,155958.56524658203,0,0,4112314368,0,856002560,0
200,1788377701692,3191,3191,0,0,0,155958.56524658203,0,0,4112314368,0,856002560,0
200,1788377701892,3191,3191,0,4.761904716491699,0,155958.56524658203,0,0,4112314368,0,856002560,0
200,1788377702092,3191,3191,0,0,0,155958.56524658203,0,0,4112314368,0,856002560,0
200,1788377702292,3191,3191,0,0,0,155958.56524658203,0,0,4112314368,0,856002560,0
200,1788377702493,3191,3191,0,0,0,155958.58544921875,0,0,4112314368,0,856002560,0
200,1788377702693,3191,3191,0,0,0,155958.58544921875,0,0,4112314368,0,856002560,0
200,1788377702893,3191,3191,0,0,0,155958.58544921875,0,0,4112314368,0,856002560,0
200,1788377703094,3191,3191,0,0,0,155958.58544921875,0,0,4112314368,0,856002560,0
200,1788377703294,3191,3191,0,0,0,155958.58544921875,0,0,4112314368,0,856002560,0
200,1788377703494,3191,3191,0,0,0,155958.58544921875,0,0,4112314368,0,856002560,0
200,1788377703694,3191,3191,4.761904716491699,0,0,155958.58544921875,0,0,4112314368,0,856002560,0
200,1788377703894,3191,3191,0,0,0,155958.58544921875,0,0,4112314368,0,856002560,0
200,1788377704095,3191,3191,0,0,0,155958.58544921875,0,0,4112314368,0,856002560,0
200,1788377704295,3191,3191,0,0,0,155958.58544921875,0,0,4112314368,0,856002560,0
200,1788377704495,3191,3191,0,0,0,155958.60888671875,0,0,4112314368,0,856002560,0
200,1788377704695,3191,3191,0,0,0,155958.60888671875,0,0,4112314368,0,856002560,0
200,1788377704896,3191,3191,0,0,0,155958.60888671875,0,0,4112314368,0,856002560,0
200,1788377705096,3191,3191,0,0,0,155958.60888671875,0,0,4112314368,0,856002560,0
200,1788377705296,3191,3191,0,0,0,155958.60888671875,0,0,4112314368,0,856002560,0
200,1788377705497,3191,3191,0,0,0,155958.62329101563,0,0,4112314368,0,856002560,0
200,1788377705697,3191,3191,0,0,0,155958.62329101563,0,0,4112314368,0,856002560,0
200,1788377705897,3191,3191,0,0,0,155958.62329101563,0,0,4112314368,0,856002560,0
200,1788377706097,3191,3191,0,0,0,155958.62329101563,0,0,4112314368,0,856002560,0
200,1788377706297,3191,3191,0,0,0,155958.62329101563,0,0,4112314368,0,856002560,0
200,1788377706498,3191,3191,0,0,0,155958.62329101563,0,0,4112314368,0,856002560,0
200,1788377706698,3191,3191,0,0,0,155958.62329101563,0,0,4112314368,0,856002560,0
200,1788377706898,3191,3191,0,0,0,155958.62329101563,0,0,4112314368,0,856002560,0
200,1788377707098,3191,3191,0,0,0,155958.62329101563,0,0,4112314368,0,856002560,0
200,1788377707298,3191,3191,0,0,0,155958.62329101563,0,0,4112314368,0,856002560,0
200,1788377707499,3191,3191,0,0,0,155958.65002441406,0,0,4112314368,0,856002560,0
200,1788377707699,3191,3191,0,0,0,155958.65002441406,0,0,4112314368,0,856002560,0
200,1788377707899,3191,3191,0,0,0,155958.65002441406,0,0,4112314368,0,856002560,0
200,1788377708100,3191,3191,0,0,0,155958.65002441406,0,0,4112314368,0,856002560,0
200,1788377708300,3191,3191,0,4.761904716491699,0,155958.65002441406,0,0,4112314368,0,856002560,0
200,1788377708500,3191,3191,0,0,0,155958.65002441406,0,0,4112314368,0,856002560,0
200,1788377708701,3191,3191,0,0,0,155958.65002441406,0,0,4112314368,0,856002560,0
200,1788377708901,3191,3191,0,0,0,155958.65002441406,0,0,4112314368,0,856002560,0
200,1788377709101,3191,3191,0,4.761904716491699,0,155958.65002441406,0,0,4112314368,0,856002560,0
200,1788377709302,3191,3191,0,0,0,155958.65002441406,0,0,4112314368,0,856002560,0
200,1788377709502,3191,3191,0,0,0,155958.65002441406,0,0,4112314368,0,856002560,0
200,1788377709702,3191,3191,0,0,0,155958.65002441406,0,0,4112314368,0,856002560,0
200,1788377709902,3191,3191,0,0,0,155958.65002441406,0,0,4112314368,0,856002560,0
200,1788377710103,3191,3191,0,0,0,155958.65002441406,0,0,4112314368,0,856002560,0
200,1788377710303,3191,3191,0,0,0,155958.65002441406,0,0,4112314368,0,856002560,0
200,1788377710503,3191,3191,0,0,0,155958.67810058594,0,0,4112314368,0,856002560,0
200,1788377710703,3191,3191,0,0,0,155958.67810058594,0,0,4112314368,0,856002560,0
200,1788377710904,3191,3191,0,0,0,155958.67810058594,0,0,4112314368,0,856002560,0
200,1788377711104,3191,3191,0,0,0,155958.67810058594,0,0,4112314368,0,856002560,0
200,1788377711304,3191,3191,0,0,0,155958.67810058594,0,0,4112314368,0,856002560,0
200,1788377711505,3191,3191,0,0,0,155958.67810058594,0,0,4112314368,0,856002560,0
200,1788377711705,3191,3191,0,0,0,155958.67810058594,0,0,4112314368,0,856002560,0
200,1788377711906,3191,3191,0,0,0,155958.67810058594,0,0,4112314368,0,856002560,0
200,1788377712106,3191,3191,0,0,0,155958.67810058594,0,0,4112314368,0,856002560,0
200,1788377712306,3191,3191,0,0,0,155958.67810058594,0,0,4112314368,0,856002560,0
200,1788377712506,3191,3191,0,0,0,155958.69763183594,0,0,4112314368,0,856002560,0
200,1788377712707,3191,3191,0,0,0,155958.69763183594,0,0,4112314368,0,856002560,0
200,1788377712907,3191,3191,0,0,0,155958.69763183594,0,0,4112314368,0,856002560,0
200,1788377713107,3191,3191,0,4.761904716491699,0,155958.69763183594,0,0,4112314368,0,856002560,0
200,1788377713308,3191,3191,0,0,0,155958.69763183594,0,0,4112314368,0,856002560,0
200,1788377713508,3191,3191,0,0,0,155958.69763183594,0,0,4112314368,0,856002560,0
200,1788377713708,3191,3191,0,0,0,155958.69763183594,0,0,4112314368,0,856002560,0
200,1788377713909,3191,3191,0,0,0,155958.69763183594,0,0,4112314368,0,856002560,0
200,1788377714109,3191,3191,0,0,0,155958.69763183594,0,0,4112314368,0,856002560,0
200,1788377714309,3191,3191,0,0,0,155958.69763183594,0,0,4112314368,0,856002560,0
200,1788377714510,3191,3191,0,0,0,155958.7127685547,0,0,4112314368,0,856002560,0
200,1788377714710,3191,3191,0,0,0,155958.7127685547,0,0,4112314368,0,856002560,0
200,1788377714910,3191,3191,0,0,0,155958.7127685547,0,0,4112314368,0,856002560,0
200,1788377715110,3191,3191,0,0,0,155958.7127685547,0,0,4112314368,0,856002560,0
200,1788377715310,3191,3191,0,0,0,155958.7127685547,0,0,4112314368,0,856002560,0
200,1788377715510,3191,3191,0,0,0,155958.7127685547,0,0,4112314368,0,856002560,0
200,1788377715711,3191,3191,0,0,0,155958.7127685547,0,0,4112314368,0,856002560,0
200,1788377715911,3191,3191,0,0,0,155958.7127685547,0,0,4112314368,0,856002560,0
200,1788377716111,3191,3191,0,0,0,155958.7127685547,0,0,4112314368,0,856002560,0
200,1788377716311,3191,3191,0,0,0,155958.7127685547,0,0,4112314368,0,856002560,0
200,1788377716512,3191,3191,0,0,0,155958.74017333984,0,0,4112314368,0,856002560,0
200,1788377716712,3191,3191,0,0,0,155958.74017333984,0,0,4112314368,0,856002560,0
200,1788377716912,3191,3191,0,0,0,155958.74017333984,0,0,4112314368,0,856002560,0
200,1788377717113,3191,3191,0,0,0,155958.74017333984,0,0,4112314368,0,856002560,0
200,1788377717313,3191,3191,0,0,0,155958.74017333984,0,0,4112314368,0,856002560,0
200,1788377717513,3191,3191,0,0,0,155958.74017333984,0,0,4112314368,0,856002560,0
200,1788377717714,3191,3191,0,0,0,155958.74017333984,0,0,4112314368,0,856002560,0
200,1788377717914,3191,3191,0,0,0,155958.74017333984,0,0,4112314368,0,856002560,0
200,1788377718114,3191,3191,0,0,0,155958.74017333984,0,0,4112314368,0,856002560,0
200,1788377718314,3191,3191,0,10,0,155958.74017333984,0,0,4112314368,0,860405760,0
200,1788377718515,3191,3191,0,0,0,155958.77459716797,0,0,4112314368,0,860405760,0
200,1788377718715,3191,3191,0,0,0,155958.77459716797,0,0,4112314368,0,860454912,0
200,1788377718915,3191,3191,0,0,0,155958.77459716797,0,0,4112314368,0,860454912,0
200,1788377719116,3191,3191,0,0,0,155958.77459716797,0,0,4112314368,0,860454912,0
200,1788377719316,3191,3191,0,0,0,155958.77459716797,0,0,4112314368,0,860454912,0
200,1788377719516,3191,3191,0,0,0,155958.7876586914,0,0,4112314368,0,860454912,0
200,1788377719717,3191,3191,0,0,0,155958.7876586914,0,0,4112314368,0,860454912,0
200,1788377719917,3191,3191,0,0,0,155958.7876586914,0,0,4112314368,0,860454912,0
200,1788377720117,3191,3191,0,0,0,155958.7876586914,0,0,4112314368,0,860454912,0
200,1788377720318,3191,3191,0,0,0,155958.7876586914,0,0,4112314368,0,860454912,0
200,1788377720518,3191,3191,0,0,0,155958.7876586914,0,0,4112314368,0,860454912,0
200,1788377720718,3191,3191,0,0,0,155958.7876586914,0,0,4112314368,0,860454912,0
200,1788377720918,3191,3191,0,0,0,155958.7876586914,0,0,4112314368,0,860454912,0
200,1788377721118,3191,3191,0,0,0,155958.7876586914,0,0,4112314368,0,860454912,0
200,1788377721319,3191,3191,0,0,0,155958.7876586914,0,0,4112314368,0,860454912,0
200,1788377721519,3191,3191,0,0,0,155958.7963256836,0,0,4112314368,0,860454912,0
200,1788377721719,3191,3191,0,0,0,155958.7963256836,0,0,4112314368,0,860454912,0
200,1788377721920,3191,3191,0,4.761904716491699,0,155958.7963256836,0,0,4112314368,0,860454912,0
200,1788377722120,3191,3191,0,0,0,155958.7963256836,0,0,4112314368,0,860454912,0
200,1788377722320,3191,3191,0,0,0,155958.7963256836,0,0,4112314368,0,860454912,0
200,1788377722521,3191,3191,0,0,0,155958.7963256836,0,0,4112314368,0,860454912,0
200,1788377722721,3191,3191,0,0,0,155958.7963256836,0,0,4112314368,0,860454912,0
200,1788377722921,3191,3191,0,0,0,155958.7963256836,0,0,4112314368,0,860454912,0
200,1788377723122,3191,3191,0,0,0,155958.7963256836,0,0,4112314368,0,860454912,0
200,1788377723322,3191,3191,0,0,0,155958.7963256836,0,0,4112314368,0,860454912,0
200,1788377723522,3191,3191,0,0,0,155958.80963134766,0,0,4112314368,0,860454912,0
200,1788377723722,3191,3191,0,0,0,155958.80963134766,0,0,4112314368,0,860454912,0
200,1788377723923,3191,3191,0,0,0,155958.80963134766,0,0,4112314368,0,860454912,0
200,1788377724123,3191,3191,0,0,0,155958.80963134766,0,0,4112314368,0,860454912,0
200,1788377724323,3191,3191,0,0,0,155958.80963134766,0,0,4112314368,0,860454912,0
200,1788377724524,3191,3191,0,0,0,155958.81811523438,0,0,4112314368,0,860454912,0
200,1788377724724,3191,3191,0,0,0,155958.81811523438,0,0,4112314368,0,860454912,0
200,1788377724924,3191,3191,0,0,0,155958.81811523438,0,0,4112314368,0,860454912,0
200,1788377725125,3191,3191,0,0,0,155958.81811523438,0,0,4112314368,0,860454912,0
200,1788377725325,3191,3191,0,0,0,155958.81811523438,0,0,4112314368,0,860454912,0
200,1788377725525,3191,3191,0,0,0,155958.83532714844,0,0,4112314368,0,860454912,0
200,1788377725725,3191,3191,0,0,0,155958.83532714844,0,0,4112314368,0,860454912,0
200,1788377725925,3191,3191,0,0,0,155958.83532714844,0,0,4112314368,0,860454912,0
200,1788377726125,3191,3191,0,0,0,155958.83532714844,0,0,4112314368,0,860454912,0
200,1788377726326,3191,3191,0,0,0,155958.83532714844,0,0,4112314368,0,860454912,0
200,1788377726526,3191,3191,0,0,0,155958.83532714844,0,0,4112314368,0,860454912,0
200,1788377726726,3191,3191,0,0,0,155958.83532714844,0,0,4112314368,0,860454912,0
200,1788377726926,3191,3191,0,0,0,155958.83532714844,0,0,4112314368,0,860454912,0
200,1788377727127,3191,3191,0,0,0,155958.83532714844,0,0,4112314368,0,860454912,0
200,1788377727327,3191,3191,0,0,0,155958.83532714844,0,0,4112314368,0,860454912,0
200,1788377727527,3191,3191,4.761904716491699,0,0,155958.84826660156,0,0,4112314368,0,860454912,0
200,1788377727727,3191,3191,0,0,0,155958.84826660156,0,0,4112314368,0,860454912,0
200,1788377727928,3191,3191,0,0,0,155958.84826660156,0,0,4112314368,0,860454912,0
200,1788377728128,3191,3191,0,0,0,155958.84826660156,0,0,4112314368,0,860454912,0
200,1788377728329,3191,3191,0,0,0,155958.84826660156,0,0,4112314368,0,860454912,0
200,1788377728529,3191,3191,0,0,0,155958.84826660156,0,0,4112314368,0,860454912,0
200,1788377728729,3191,3191,0,0,0,155958.84826660156,0,0,4112314368,0,860454912,0
200,1788377728929,3191,3191,0,4.761904716491699,0,155958.84826660156,0,0,4112314368,0,860454912,0
200,1788377729130,3191,3191,0,0,0,155958.84826660156,0,0,4112314368,0,860454912,0
200,1788377729330,3191,3191,0,0,0,155958.84826660156,0,0,4112314368,0,860454912,0
200,1788377729530,3191,3191,0,0,0,155958.86798095703,0,0,4112314368,0,860454912,0
200,1788377729730,3191,3191,0,4.761904716491699,0,155958.86798095703,0,0,4112314368,0,860454912,0
200,1788377729930,3191,3191,0,0,0,155958.86798095703,0,0,4112314368,0,860454912,0
200,1788377730131,3191,3191,0,0,0,155958.86798095703,0,0,4112314368,0,860454912,0
200,1788377730331,3191,3191,0,0,0,155958.86798095703,0,0,4112314368,0,860446720,0
200,1788377730531,3191,3191,4.761904716491699,0,0,155958.8751220703,0,0,4112314368,0,860446720,0
200,1788377730732,3191,3191,0,0,0,155958.8751220703,0,0,4112314368,0,860446720,0
200,1788377730932,3191,3191,0,0,0,155958.8751220703,0,0,4112314368,0,860446720,0
200,1788377731133,3191,3191,0,0,0,155958.8751220703,0,0,4112314368,0,860446720,0
200,1788377731333,3191,3191,0,0,0,155958.8751220703,0,0,4112314368,0,860446720,0
200,1788377731533,3191,3191,4.761904716491699,0,0,155958.88153076172,0,0,4112314368,0,860446720,0
200,1788377731733,3191,3191,0,0,0,155958.88153076172,0,0,4112314368,0,860446720,0
200,1788377731934,3191,3191,0,0,0,155958.88153076172,0,0,4112314368,0,860446720,0
200,1788377732134,3191,3191,0,0,0,155958.88153076172,0,0,4112314368,0,860446720,0
200,1788377732334,3191,3191,0,0,0,155958.88153076172,0,0,4112314368,0,860446720,0
200,1788377732534,3191,3191,0,0,0,155958.88153076172,0,0,4112314368,0,860446720,0
200,1788377732735,3191,3191,0,0,0,155958.88153076172,0,0,4112314368,0,860446720,0
200,1788377732935,3191,3191,0,0,0,155958.88153076172,0,0,4112314368,0,860446720,0
200,1788377733135,3191,3191,0,0,0,155958.88153076172,0,0,4112314368,0,860446720,0
0,1788377733336,3191,3191,0,0,0,155958.88153076172,0,0,4112314368,0,860446720,0
