Delta,Time,CPU_FREQUENCY_0,CPU_FREQUENCY_1,CPU_USAGE_0,CPU_USAGE_1,DRAM_ENERGY (J),PACKAGE_ENERGY (J),PP0_ENERGY (J),PP1_ENERGY (J),TOTAL_MEMORY,TOTAL_SWAP,USED_MEMORY,USED_SWAP
0,1788374960873,3191,3191,9.090909004211426,4.761904716491699,0,155852.61267089844,0,0,4112314368,0,382169088,0
200,1788374960873,3191,3191,9.090909004211426,4.761904716491699,0,155852.61267089844,0,0,4112314368,0,382169088,0
200,1788374961073,3191,3191,0,0,0,155852.61267089844,0,0,4112314368,0,382169088,0
200,1788374961273,3191,3191,0,0,0,155852.61267089844,0,0,4112314368,0,382169088,0
200,1788374961474,3191,3191,0,0,0,155852.61267089844,0,0,4112314368,0,382169088,0
200,1788374961674,3191,3191,0,0,0,155852.61267089844,0,0,4112314368,0,381911040,0
200,1788374961874,3191,3191,0,0,0,155852.61267089844,0,0,4112314368,0,381911040,0
200,1788374962075,3191,3191,0,0,0,155852.61267089844,0,0,4112314368,0,381911040,0
200,1788374962275,3191,3191,0,0,0,155852.61267089844,0,0,4112314368,0,381911040,0
200,1788374962475,3191,3191,0,0,0,155852.61267089844,0,0,4112314368,0,381911040,0
200,1788374962676,3191,3191,0,0,0,155852.6251220703,0,0,4112314368,0,380698624,0
200,1788374962876,3191,3191,0,0,0,155852.6251220703,0,0,4112314368,0,380698624,0
200,1788374963076,3191,3191,0,0,0,155852.6251220703,0,0,4112314368,0,380698624,0
200,1788374963277,3191,3191,0,0,0,155852.6251220703,0,0,4112314368,0,380698624,0
200,1788374963477,3191,3191,0,0,0,155852.6251220703,0,0,4112314368,0,380698624,0
200,1788374963677,3191,3191,0,0,0,155852.63122558594,0,0,4112314368,0,380489728,0
200,1788374963877,3191,3191,0,0,0,155852.63122558594,0,0,4112314368,0,380489728,0
200,1788374964077,3191,3191,0,0,0,155852.63122558594,0,0,4112314368,0,380489728,0
200,1788374964278,3191,3191,0,0,0,155852.63122558594,0,0,4112314368,0,380489728,0
200,1788374964478,3191,3191,0,0,0,155852.63122558594,0,0,4112314368,0,380489728,0
200,1788374964678,3191,3191,0,0,0,155852.63122558594,0,0,4112314368,0,380440576,0
200,1788374964879,3191,3191,0,0,0,155852.63122558594,0,0,4112314368,0,380440576,0
200,1788374965079,3191,3191,0,0,0,155852.63122558594,0,0,4112314368,0,380440576,0
200,1788374965279,3191,3191,0,0,0,155852.63122558594,0,0,4112314368,0,380440576,0
200,1788374965479,3191,3191,0,0,0,155852.63122558594,0,0,4112314368,0,380440576,0
200,1788374965679,3191,3191,4.761904716491699,0,0,155852.63122558594,0,0,4112314368,0,380428288,0
200,1788374965879,3191,3191,0,0,0,155852.63122558594,0,0,4112314368,0,380428288,0
200,1788374966080,3191,3191,0,0,0,155852.63122558594,0,0,4112314368,0,380428288,0
200,1788374966280,3191,3191,0,0,0,155852.63122558594,0,0,4112314368,0,380428288,0
200,1788374966480,3191,3191,0,0,0,155852.63122558594,0,0,4112314368,0,380428288,0
200,1788374966681,3191,3191,0,0,0,155852.63122558594,0,0,4112314368,0,380428288,0
200,1788374966881,3191,3191,0,0,0,155852.63122558594,0,0,4112314368,0,380428288,0
200,1788374967081,3191,3191,0,0,0,155852.63122558594,0,0,4112314368,0,380428288,0
200,1788374967282,3191,3191,0,0,0,155852.63122558594,0,0,4112314368,0,380428288,0
200,1788374967482,3191,3191,0,0,0,155852.63122558594,0,0,4112314368,0,380428288,0
200,1788374967682,3191,3191,0,0,0,155852.64520263672,0,0,4112314368,0,380428288,0
200,1788374967883,3191,3191,0,0,0,155852.64520263672,0,0,4112314368,0,380428288,0
200,1788374968083,3191,3191,0,0,0,155852.64520263672,0,0,4112314368,0,380428288,0
200,1788374968283,3191,3191,0,0,0,155852.64520263672,0,0,4112314368,0,380428288,0
200,1788374968484,3191,3191,0,0,0,155852.64520263672,0,0,4112314368,0,380428288,0
200,1788374968684,3191,3191,0,0,0,155852.64520263672,0,0,4112314368,0,380428288,0
200,1788374968884,3191,3191,0,0,0,155852.64520263672,0,0,4112314368,0,380428288,0
200,1788374969085,3191,3191,0,0,0,155852.64520263672,0,0,4112314368,0,380428288,0
200,1788374969285,3191,3191,0,0,0,155852.64520263672,0,0,4112314368,0,380428288,0
200,1788374969485,3191,3191,0,0,0,155852.64520263672,0,0,4112314368,0,380428288,0
200,1788374969686,3191,3191,0,0,0,155852.6512451172,0,0,4112314368,0,380428288,0
200,1788374969886,3191,3191,0,0,0,155852.6512451172,0,0,4112314368,0,380428288,0
200,1788374970086,3191,3191,0,0,0,155852.6512451172,0,0,4112314368,0,380428288,0
200,1788374970286,3191,3191,0,0,0,155852.6512451172,0,0,4112314368,0,380428288,0
200,1788374970487,3191,3191,0,0,0,155852.6512451172,0,0,4112314368,0,380428288,0
200,1788374970687,3191,3191,0,0,0,155852.6512451172,0,0,4112314368,0,380428288,0
200,1788374970887,3191,3191,0,0,0,155852.6512451172,0,0,4112314368,0,380428288,0
200,1788374971088,3191,3191,0,0,0,155852.6512451172,0,0,4112314368,0,380428288,0
200,1788374971288,3191,3191,0,0,0,155852.6512451172,0,0,4112314368,0,380428288,0
200,1788374971488,3191,3191,0,0,0,155852.6512451172,0,0,4112314368,0,380428288,0
200,1788374971689,3191,3191,0,0,0,155852.6512451172,0,0,4112314368,0,380428288,0
200,1788374971889,3191,3191,0,0,0,155852.6512451172,0,0,4112314368,0,380428288,0
200,1788374972089,3191,3191,0,0,0,155852.6512451172,0,0,4112314368,0,380428288,0
200,1788374972289,3191,3191,0,0,0,155852.6512451172,0,0,4112314368,0,380428288,0
200,1788374972489,3191,3191,0,0,0,155852.6512451172,0,0,4112314368,0,380428288,0
200,1788374972690,3191,3191,0,0,0,155852.66387939453,0,0,4112314368,0,380428288,0
200,1788374972890,3191,3191,0,0,0,155852.66387939453,0,0,4112314368,0,380428288,0
200,1788374973090,3191,3191,0,0,0,155852.66387939453,0,0,4112314368,0,380428288,0
200,1788374973291,3191,3191,0,0,0,155852.66387939453,0,0,4112314368,0,380428288,0
200,1788374973491,3191,3191,0,0,0,155852.66387939453,0,0,4112314368,0,380428288,0
200,1788374973691,3191,3191,0,0,0,155852.66387939453,0,0,4112314368,0,380428288,0
200,1788374973892,3191,3191,0,0,0,155852.66387939453,0,0,4112314368,0,380428288,0
200,1788374974092,3191,3191,0,0,0,155852.66387939453,0,0,4112314368,0,380428288,0
200,1788374974292,3191,3191,0,0,0,155852.66387939453,0,0,4112314368,0,380428288,0
200,1788374974493,3191,3191,0,0,0,155852.66387939453,0,0,4112314368,0,380428288,0
200,1788374974693,3191,3191,0,0,0,155852.66387939453,0,0,4112314368,0,380428288,0
200,1788374974893,3191,3191,0,0,0,155852.66387939453,0,0,4112314368,0,380428288,0
200,1788374975093,3191,3191,0,0,0,155852.66387939453,0,0,4112314368,0,380428288,0
200,1788374975293,3191,3191,0,0,0,155852.66387939453,0,0,4112314368,0,380428288,0
200,1788374975494,3191,3191,0,0,0,155852.66387939453,0,0,4112314368,0,380428288,0
200,1788374975694,3191,3191,0,0,0,155852.68328857422,0,0,4112314368,0,380428288,0
200,1788374975894,3191,3191,0,0,0,155852.68328857422,0,0,4112314368,0,380428288,0
200,1788374976094,3191,3191,0,0,0,155852.68328857422,0,0,4112314368,0,380428288,0
200,1788374976295,3191,3191,0,0,0,155852.68328857422,0,0,4112314368,0,380428288,0
200,1788374976495,3191,3191,0,0,0,155852.68328857422,0,0,4112314368,0,380428288,0
200,1788374976696,3191,3191,4.761904716491699,0,0,155852.68328857422,0,0,4112314368,0,380428288,0
200,1788374976896,3191,3191,0,0,0,155852.68328857422,0,0,4112314368,0,380428288,0
200,1788374977096,3191,3191,0,0,0,155852.68328857422,0,0,4112314368,0,380428288,0
200,1788374977296,3191,3191,0,0,0,155852.68328857422,0,0,4112314368,0,380428288,0
200,1788374977497,3191,3191,0,0,0,155852.68328857422,0,0,4112314368,0,380428288,0
200,1788374977697,3191,3191,0,0,0,155852.68328857422,0,0,4112314368,0,380428288,0
200,1788374977897,3191,3191,0,0,0,155852.68328857422,0,0,4112314368,0,380219392,0
200,1788374978097,3191,3191,0,0,0,155852.68328857422,0,0,4112314368,0,380219392,0
200,1788374978298,3191,3191,0,0,0,155852.68328857422,0,0,4112314368,0,380219392,0
200,1788374978498,3191,3191,0,0,0,155852.68328857422,0,0,4112314368,0,380219392,0
200,1788374978698,3191,3191,0,0,0,155852.69158935547,0,0,4112314368,0,380170240,0
200,1788374978899,3191,3191,0,0,0,155852.69158935547,0,0,4112314368,0,380170240,0
200,1788374979099,3191,3191,0,0,0,155852.69158935547,0,0,4112314368,0,380170240,0
200,1788374979300,3191,3191,4.761904716491699,0,0,155852.69158935547,0,0,4112314368,0,380170240,0
200,1788374979500,3191,3191,0,0,0,155852.69158935547,0,0,4112314368,0,380170240,0
200,1788374979700,3191,3191,0,0,0,155852.69158935547,0,0,4112314368,0,380170240,0
200,1788374979900,3191,3191,0,0,0,155852.69158935547,0,0,4112314368,0,380170240,0
200,1788374980101,3191,3191,0,0,0,155852.69158935547,0,0,4112314368,0,380170240,0
200,1788374980301,3191,3191,0,0,0,155852.69158935547,0,0,4112314368,0,380170240,0
200,1788374980501,3191,3191,0,0,0,155852.69158935547,0,0,4112314368,0,380170240,0
200,1788374980701,3191,3191,0,0,0,155852.69158935547,0,0,4112314368,0,380170240,0
200,1788374980902,3191,3191,0,0,0,155852.69158935547,0,0,4112314368,0,380170240,0
200,1788374981102,3191,3191,0,0,0,155852.69158935547,0,0,4112314368,0,380170240,0
200,1788374981302,3191,3191,0,0,0,155852.69158935547,0,0,4112314368,0,380170240,0
200,1788374981503,3191,3191,0,0,0,155852.69158935547,0,0,4112314368,0,380170240,0
200,1788374981703,3191,3191,0,0,0,155852.69158935547,0,0,4112314368,0,380170240,0
200,1788374981904,3191,3191,0,0,0,155852.69158935547,0,0,4112314368,0,380170240,0
200,1788374982104,3191,3191,0,0,0,155852.69158935547,0,0,4112314368,0,380170240,0
200,1788374982304,3191,3191,0,0,0,155852.69158935547,0,0,4112314368,0,380170240,0
200,1788374982504,3191,3191,0,0,0,155852.69158935547,0,0,4112314368,0,380170240,0
200,1788374982705,3191,3191,0,0,0,155852.70373535156,0,0,4112314368,0,380170240,0
200,1788374982905,3191,3191,0,0,0,155852.70373535156,0,0,4112314368,0,380170240,0
200,1788374983105,3191,3191,0,0,0,155852.70373535156,0,0,4112314368,0,380170240,0
200,1788374983306,3191,3191,0,0,0,155852.70373535156,0,0,4112314368,0,380170240,0
200,1788374983506,3191,3191,0,0,0,155852.70373535156,0,0,4112314368,0,380170240,0
200,1788374983706,3191,3191,0,0,0,155852.70989990234,0,0,4112314368,0,380170240,0
200,1788374983907,3191,3191,0,0,0,155852.70989990234,0,0,4112314368,0,380170240,0
200,1788374984107,3191,3191,0,0,0,155852.70989990234,0,0,4112314368,0,380170240,0
200,1788374984307,3191,3191,0,0,0,155852.70989990234,0,0,4112314368,0,380170240,0
200,1788374984508,3191,3191,0,4.761904716491699,0,155852.70989990234,0,0,4112314368,0,380170240,0
200,1788374984708,3191,3191,0,0,0,155852.70989990234,0,0,4112314368,0,380170240,0
200,1788374984908,3191,3191,0,0,0,155852.70989990234,0,0,4112314368,0,380170240,0
200,1788374985109,3191,3191,0,0,0,155852.70989990234,0,0,4112314368,0,380170240,0
200,1788374985309,3191,3191,0,0,0,155852.70989990234,0,0,4112314368,0,380170240,0
200,1788374985509,3191,3191,0,0,0,155852.70989990234,0,0,4112314368,0,380170240,0
200,1788374985709,3191,3191,0,0,0,155852.71673583984,0,0,4112314368,0,380170240,0
200,1788374985909,3191,3191,0,0,0,155852.71673583984,0,0,4112314368,0,380170240,0
200,1788374986109,3191,3191,0,0,0,155852.71673583984,0,0,4112314368,0,380170240,0
200,1788374986309,3191,3191,0,0,0,155852.71673583984,0,0,4112314368,0,380170240,0
200,1788374986510,3191,3191,0,0,0,155852.71673583984,0,0,4112314368,0,380170240,0
200,1788374986710,3191,3191,0,0,0,155852.71673583984,0,0,4112314368,0,380170240,0
200,1788374986910,3191,3191,0,0,0,155852.71673583984,0,0,4112314368,0,380170240,0
200,1788374987111,3191,3191,0,0,0,155852.71673583984,0,0,4112314368,0,380170240,0
200,1788374987311,3191,3191,0,0,0,155852.71673583984,0,0,4112314368,0,380170240,0
200,1788374987512,3191,3191,0,0,0,155852.71673583984,0,0,4112314368,0,380170240,0
200,1788374987712,3191,3191,0,0,0,155852.71673583984,0,0,4112314368,0,380170240,0
200,1788374987912,3191,3191,0,0,0,155852.71673583984,0,0,4112314368,0,380170240,0
200,1788374988112,3191,3191,0,0,0,155852.71673583984,0,0,4112314368,0,380170240,0
200,1788374988313,3191,3191,0,0,0,155852.71673583984,0,0,4112314368,0,380170240,0
200,1788374988513,3191,3191,0,0,0,155852.71673583984,0,0,4112314368,0,380170240,0
200,1788374988713,3191,3191,0,0,0,155852.74877929688,0,0,4112314368,0,380170240,0
200,1788374988914,3191,3191,0,0,0,155852.74877929688,0,0,4112314368,0,380170240,0
200,1788374989114,3191,3191,0,0,0,155852.74877929688,0,0,4112314368,0,380170240,0
200,1788374989314,3191,3191,0,0,0,155852.74877929688,0,0,4112314368,0,380170240,0
200,1788374989515,3191,3191,0,0,0,155852.74877929688,0,0,4112314368,0,380170240,0
200,1788374989715,3191,3191,0,0,0,155852.74877929688,0,0,4112314368,0,380170240,0
200,1788374989915,3191,3191,0,0,0,155852.74877929688,0,0,4112314368,0,380170240,0
200,1788374990116,3191,3191,0,0,0,155852.74877929688,0,0,4112314368,0,380170240,0
200,1788374990316,3191,3191,0,0,0,155852.74877929688,0,0,4112314368,0,380170240,0
200,1788374990516,3191,3191,0,0,0,155852.74877929688,0,0,4112314368,0,380170240,0
200,1788374990716,3191,3191,0,0,0,155852.74877929688,0,0,4112314368,0,380170240,0
200,1788374990917,3191,3191,0,0,0,155852.74877929688,0,0,4112314368,0,380170240,0
200,1788374991117,3191,3191,0,0,0,155852.74877929688,0,0,4112314368,0,380170240,0
200,1788374991317,3191,3191,0,0,0,155852.74877929688,0,0,4112314368,0,380170240,0
200,1788374991517,3191,3191,0,0,0,155852.74877929688,0,0,4112314368,0,380170240,0
200,1788374991718,3191,3191,0,0,0,155852.7547607422,0,0,4112314368,0,380170240,0
200,1788374991918,3191,3191,0,0,0,155852.7547607422,0,0,4112314368,0,380170240,0
200,1788374992119,3191,3191,4.761904716491699,0,0,155852.7547607422,0,0,4112314368,0,380170240,0
200,1788374992319,3191,3191,0,0,0,155852.7547607422,0,0,4112314368,0,380170240,0
200,1788374992519,3191,3191,0,0,0,155852.7547607422,0,0,4112314368,0,380170240,0
200,1788374992720,3191,3191,4.761904716491699,0,0,155852.7547607422,0,0,4112314368,0,380170240,0
200,1788374992920,3191,3191,0,0,0,155852.7547607422,0,0,4112314368,0,380170240,0
200,1788374993120,3191,3191,0,0,0,155852.7547607422,0,0,4112314368,0,380170240,0
200,1788374993320,3191,3191,0,0,0,155852.7547607422,0,0,4112314368,0,380170240,0
200,1788374993521,3191,3191,0,0,0,155852.7547607422,0,0,4112314368,0,380170240,0
200,1788374993721,3191,3191,0,0,0,155852.7547607422,0,0,4112314368,0,380170240,0
200,1788374993921,3191,3191,0,0,0,155852.7547607422,0,0,4112314368,0,380170240,0
200,1788374994121,3191,3191,0,0,0,155852.7547607422,0,0,4112314368,0,380170240,0
200,1788374994322,3191,3191,0,0,0,155852.7547607422,0,0,4112314368,0,380170240,0
200,1788374994522,3191,3191,0,0,0,155852.7547607422,0,0,4112314368,0,380170240,0
200,1788374994722,3191,3191,0,0,0,155852.76068115234,0,0,4112314368,0,380170240,0
200,1788374994923,3191,3191,0,0,0,155852.76068115234,0,0,4112314368,0,380170240,0
200,1788374995123,3191,3191,0,0,0,155852.76068115234,0,0,4112314368,0,380170240,0
200,1788374995324,3191,3191,0,0,0,155852.76068115234,0,0,4112314368,0,380170240,0
200,1788374995524,3191,3191,0,0,0,155852.76068115234,0,0,4112314368,0,380170240,0
200,1788374995724,3191,3191,0,0,0,155852.76068115234,0,0,4112314368,0,380170240,0
200,1788374995924,3191,3191,0,0,0,155852.76068115234,0,0,4112314368,0,380170240,0
200,1788374996124,3191,3191,0,0,0,155852.76068115234,0,0,4112314368,0,380170240,0
200,1788374996325,3191,3191,0,0,0,155852.76068115234,0,0,4112314368,0,380170240,0
200,1788374996525,3191,3191,0,0,0,155852.76068115234,0,0,4112314368,0,380170240,0
200,1788374996725,3191,3191,0,0,0,155852.7973022461,0,0,4112314368,0,380162048,0
200,1788374996925,3191,3191,0,0,0,155852.7973022461,0,0,4112314368,0,380162048,0
200,1788374997126,3191,3191,0,0,0,155852.7973022461,0,0,4112314368,0,380162048,0
200,1788374997326,3191,3191,0,0,0,155852.7973022461,0,0,4112314368,0,380162048,0
200,1788374997526,3191,3191,0,0,0,155852.7973022461,0,0,4112314368,0,380162048,0
200,1788374997727,3191,3191,0,0,0,155852.7973022461,0,0,4112314368,0,380162048,0
200,1788374997927,3191,3191,0,0,0,155852.7973022461,0,0,4112314368,0,380162048,0
200,1788374998128,3191,3191,0,0,0,155852.7973022461,0,0,4112314368,0,380162048,0
200,1788374998328,3191,3191,0,0,0,155852.7973022461,0,0,4112314368,0,380162048,0
200,1788374998528,3191,3191,0,0,0,155852.7973022461,0,0,4112314368,0,380162048,0
200,1788374998728,3191,3191,0,0,0,155852.7973022461,0,0,4112314368,0,380162048,0
200,1788374998928,3191,3191,0,0,0,155852.7973022461,0,0,4112314368,0,380162048,0
200,1788374999129,3191,3191,0,0,0,155852.7973022461,0,0,4112314368,0,380162048,0
200,1788374999329,3191,3191,0,0,0,155852.7973022461,0,0,4112314368,0,380162048,0
200,1788374999529,3191,3191,0,0,0,155852.7973022461,0,0,4112314368,0,380162048,0
200,1788374999730,3191,3191,0,0,0,155852.7973022461,0,0,4112314368,0,380162048,0
200,1788374999930,3191,3191,0,0,0,155852.7973022461,0,0,4112314368,0,380162048,0
200,1788375000130,3191,3191,0,0,0,155852.7973022461,0,0,4112314368,0,380162048,0
200,1788375000331,3191,3191,0,0,0,155852.7973022461,0,0,4112314368,0,380162048,0
200,1788375000531,3191,3191,0,0,0,155852.7973022461,0,0,4112314368,0,380162048,0
200,1788375000731,3191,3191,0,0,0,155852.80529785156,0,0,4112314368,0,380162048,0
200,1788375000931,3191,3191,0,0,0,155852.80529785156,0,0,4112314368,0,380162048,0
200,1788375001132,3191,3191,0,0,0,155852.80529785156,0,0,4112314368,0,380162048,0
200,1788375001332,3191,3191,0,0,0,155852.80529785156,0,0,4112314368,0,380162048,0
200,1788375001532,3191,3191,0,0,0,155852.80529785156,0,0,4112314368,0,380162048,0
200,1788375001733,3191,3191,0,0,0,155852.80529785156,0,0,4112314368,0,380162048,0
200,1788375001933,3191,3191,0,0,0,155852.80529785156,0,0,4112314368,0,380162048,0
200,1788375002133,3191,3191,0,0,0,155852.80529785156,0,0,4112314368,0,380162048,0
200,1788375002334,3191,3191,0,0,0,155852.80529785156,0,0,4112314368,0,380162048,0
200,1788375002534,3191,3191,0,0,0,155852.80529785156,0,0,4112314368,0,380162048,0
200,1788375002734,3191,3191,0,0,0,155852.8119506836,0,0,4112314368,0,380162048,0
200,1788375002935,3191,3191,0,0,0,155852.8119506836,0,0,4112314368,0,380162048,0
200,1788375003135,3191,3191,0,0,0,155852.8119506836,0,0,4112314368,0,380162048,0
200,1788375003335,3191,3191,4.761904716491699,0,0,155852.8119506836,0,0,4112314368,0,380162048,0
200,1788375003536,3191,3191,0,0,0,155852.8119506836,0,0,4112314368,0,380162048,0
200,1788375003736,3191,3191,0,0,0,155852.8119506836,0,0,4112314368,0,380162048,0
200,1788375003936,3191,3191,0,0,0,155852.8119506836,0,0,4112314368,0,380162048,0
200,1788375004137,3191,3191,0,0,0,155852.8119506836,0,0,4112314368,0,380162048,0
200,1788375004337,3191,3191,0,0,0,155852.8119506836,0,0,4112314368,0,380162048,0
200,1788375004537,3191,3191,0,0,0,155852.8119506836,0,0,4112314368,0,380162048,0
200,1788375004737,3191,3191,0,0,0,155852.8119506836,0,0,4112314368,0,380162048,0
200,1788375004938,3191,3191,0,0,0,155852.8119506836,0,0,4112314368,0,380162048,0
200,1788375005138,3191,3191,0,0,0,155852.8119506836,0,0,4112314368,0,380162048,0
200,1788375005338,3191,3191,0,0,0,155852.8119506836,0,0,4112314368,0,380162048,0
200,1788375005539,3191,3191,0,0,0,155852.8119506836,0,0,4112314368,0,380162048,0
200,1788375005739,3191,3191,0,0,0,155852.8119506836,0,0,4112314368,0,380162048,0
200,1788375005939,3191,3191,0,0,0,155852.8119506836,0,0,4112314368,0,380162048,0
200,1788375006139,3191,3191,0,0,0,155852.8119506836,0,0,4112314368,0,380162048,0
200,1788375006339,3191,3191,0,0,0,155852.8119506836,0,0,4112314368,0,380162048,0
200,1788375006540,3191,3191,0,0,0,155852.8119506836,0,0,4112314368,0,380162048,0
200,1788375006740,3191,3191,0,0,0,155852.83880615234,0,0,4112314368,0,380162048,0
200,1788375006940,3191,3191,0,0,0,155852.83880615234,0,0,4112314368,0,380162048,0
200,1788375007140,3191,3191,0,0,0,155852.83880615234,0,0,4112314368,0,380162048,0
200,1788375007341,3191,3191,0,0,0,155852.83880615234,0,0,4112314368,0,380162048,0
200,1788375007541,3191,3191,0,0,0,155852.83880615234,0,0,4112314368,0,380162048,0
200,1788375007741,3191,3191,0,0,0,155852.83880615234,0,0,4112314368,0,380162048,0
200,1788375007941,3191,3191,0,0,0,155852.83880615234,0,0,4112314368,0,380162048,0
200,1788375008142,3191,3191,0,0,0,155852.83880615234,0,0,4112314368,0,380162048,0
200,1788375008342,3191,3191,0,0,0,155852.83880615234,0,0,4112314368,0,380162048,0
200,1788375008542,3191,3191,0,0,0,155852.83880615234,0,0,4112314368,0,380162048,0
200,1788375008743,3191,3191,0,0,0,155852.83880615234,0,0,4112314368,0,380162048,0
200,1788375008943,3191,3191,0,0,0,155852.83880615234,0,0,4112314368,0,380162048,0
200,1788375009143,3191,3191,4.761904716491699,0,0,155852.83880615234,0,0,4112314368,0,380162048,0
200,1788375009344,3191,3191,0,0,0,155852.83880615234,0,0,4112314368,0,380162048,0
200,1788375009544,3191,3191,0,0,0,155852.83880615234,0,0,4112314368,0,380162048,0
200,1788375009744,3191,3191,0,0,0,155852.83880615234,0,0,4112314368,0,380162048,0
200,1788375009944,3191,3191,0,0,0,155852.83880615234,0,0,4112314368,0,380162048,0
200,1788375010144,3191,3191,0,0,0,155852.83880615234,0,0,4112314368,0,380162048,0
200,1788375010345,3191,3191,0,0,0,155852.83880615234,0,0,4112314368,0,380162048,0
200,1788375010545,3191,3191,0,0,0,155852.83880615234,0,0,4112314368,0,380162048,0
200,1788375010745,3191,3191,0,0,0,155852.84564208984,0,0,4112314368,0,380162048,0
200,1788375010945,3191,3191,0,0,0,155852.84564208984,0,0,4112314368,0,380162048,0
200,1788375011145,3191,3191,0,0,0,155852.84564208984,0,0,4112314368,0,380162048,0
200,1788375011346,3191,3191,0,0,0,155852.84564208984,0,0,4112314368,0,380162048,0
200,1788375011546,3191,3191,0,0,0,155852.84564208984,0,0,4112314368,0,380162048,0
200,1788375011746,3191,3191,0,0,0,155852.84564208984,0,0,4112314368,0,380162048,0
200,1788375011947,3191,3191,0,0,0,155852.84564208984,0,0,4112314368,0,380162048,0
200,1788375012147,3191,3191,0,0,0,155852.84564208984,0,0,4112314368,0,380162048,0
200,1788375012347,3191,3191,0,0,0,155852.84564208984,0,0,4112314368,0,380162048,0
200,1788375012548,3191,3191,0,0,0,155852.84564208984,0,0,4112314368,0,380162048,0
200,1788375012748,3191,3191,0,0,0,155852.85778808594,0,0,4112314368,0,380162048,0
200,1788375012948,3191,3191,0,0,0,155852.85778808594,0,0,4112314368,0,380162048,0
200,1788375013148,3191,3191,0,0,0,155852.85778808594,0,0,4112314368,0,380162048,0
200,1788375013349,3191,3191,0,0,0,155852.85778808594,0,0,4112314368,0,380162048,0
200,1788375013549,3191,3191,0,0,0,155852.85778808594,0,0,4112314368,0,380162048,0
200,1788375013749,3191,3191,0,0,0,155852.85778808594,0,0,4112314368,0,380162048,0
200,1788375013950,3191,3191,0,0,0,155852.85778808594,0,0,4112314368,0,380162048,0
200,1788375014150,3191,3191,0,0,0,155852.85778808594,0,0,4112314368,0,380162048,0
200,1788375014350,3191,3191,0,0,0,155852.85778808594,0,0,4112314368,0,380162048,0
200,1788375014551,3191,3191,0,0,0,155852.85778808594,0,0,4112314368,0,380162048,0
200,1788375014751,3191,3191,0,0,0,155852.85778808594,0,0,4112314368,0,380162048,0
200,1788375014951,3191,3191,0,0,0,155852.85778808594,0,0,4112314368,0,380162048,0
200,1788375015152,3191,3191,0,0,0,155852.85778808594,0,0,4112314368,0,380162048,0
200,1788375015352,3191,3191,0,0,0,155852.85778808594,0,0,4112314368,0,380162048,0
200,1788375015552,3191,3191,0,0,0,155852.85778808594,0,0,4112314368,0,380162048,0
200,1788375015752,3191,3191,0,0,0,155852.875,0,0,4112314368,0,380162048,0
200,1788375015952,3191,3191,0,0,0,155852.875,0,0,4112314368,0,380162048,0
200,1788375016153,3191,3191,0,0,0,155852.875,0,0,4112314368,0,380162048,0
200,1788375016353,3191,3191,0,0,0,155852.875,0,0,4112314368,0,380162048,0
200,1788375016553,3191,3191,0,0,0,155852.875,0,0,4112314368,0,380162048,0
200,1788375016753,3191,3191,0,0,0,155852.875,0,0,4112314368,0,380162048,0
200,1788375016954,3191,3191,0,0,0,155852.875,0,0,4112314368,0,380162048,0
200,1788375017154,3191,3191,0,0,0,155852.875,0,0,4112314368,0,380162048,0
200,1788375017355,3191,3191,0,0,0,155852.875,0,0,4112314368,0,380162048,0
200,1788375017555,3191,3191,0,0,0,155852.875,0,0,4112314368,0,380162048,0
200,1788375017755,3191,3191,0,0,0,155852.875,0,0,4112314368,0,380162048,0
200,1788375017956,3191,3191,0,0,0,155852.875,0,0,4112314368,0,380162048,0
200,1788375018156,3191,3191,0,0,0,155852.875,0,0,4112314368,0,380162048,0
200,1788375018356,3191,3191,0,0,0,155852.875,0,0,4112314368,0,380162048,0
200,1788375018556,3191,3191,0,0,0,155852.875,0,0,4112314368,0,380162048,0
200,1788375018757,3191,3191,0,0,0,155852.88104248047,0,0,4112314368,0,380162048,0
200,1788375018957,3191,3191,0,0,0,155852.88104248047,0,0,4112314368,0,380162048,0
200,1788375019157,3191,3191,0,0,0,155852.88104248047,0,0,4112314368,0,380162048,0
200,1788375019358,3191,3191,0,0,0,155852.88104248047,0,0,4112314368,0,380162048,0
200,1788375019558,3191,3191,0,0,0,155852.88104248047,0,0,4112314368,0,380162048,0
200,1788375019758,3191,3191,0,0,0,155852.88104248047,0,0,4112314368,0,380162048,0
200,1788375019959,3191,3191,0,0,0,155852.88104248047,0,0,4112314368,0,380162048,0
200,1788375020159,3191,3191,0,0,0,155852.88104248047,0,0,4112314368,0,380162048,0
200,1788375020359,3191,3191,0,0,0,155852.88104248047,0,0,4112314368,0,380162048,0
200,1788375020560,3191,3191,4.761904716491699,0,0,155852.88104248047,0,0,4112314368,0,380162048,0
200,1788375020760,3191,3191,0,0,0,155852.88104248047,0,0,4112314368,0,380162048,0
200,1788375020960,3191,3191,0,0,0,155852.88104248047,0,0,4112314368,0,380162048,0
200,1788375021160,3191,3191,0,0,0,155852.88104248047,0,0,4112314368,0,380162048,0
200,1788375021361,3191,3191,0,0,0,155852.88104248047,0,0,4112314368,0,380162048,0
200,1788375021561,3191,3191,0,0,0,155852.88104248047,0,0,4112314368,0,380162048,0
200,1788375021761,3191,3191,0,0,0,155852.89385986328,0,0,4112314368,0,380162048,0
200,1788375021962,3191,3191,0,0,0,155852.89385986328,0,0,4112314368,0,380162048,0
200,1788375022162,3191,3191,0,0,0,155852.89385986328,0,0,4112314368,0,380162048,0
200,1788375022362,3191,3191,0,0,0,155852.89385986328,0,0,4112314368,0,380162048,0
200,1788375022563,3191,3191,0,0,0,155852.89385986328,0,0,4112314368,0,380162048,0
200,1788375022763,3191,3191,0,0,0,155852.89385986328,0,0,4112314368,0,380162048,0
200,1788375022963,3191,3191,0,0,0,155852.89385986328,0,0,4112314368,0,380162048,0
200,1788375023164,3191,3191,0,0,0,155852.89385986328,0,0,4112314368,0,380162048,0
200,1788375023364,3191,3191,0,0,0,155852.89385986328,0,0,4112314368,0,380162048,0
200,1788375023564,3191,3191,0,0,0,155852.89385986328,0,0,4112314368,0,380162048,0
200,1788375023764,3191,3191,0,0,0,155852.89385986328,0,0,4112314368,0,380162048,0
200,1788375023965,3191,3191,0,0,0,155852.89385986328,0,0,4112314368,0,380162048,0
200,1788375024165,3191,3191,0,0,0,155852.89385986328,0,0,4112314368,0,380162048,0
200,1788375024365,3191,3191,0,0,0,155852.89385986328,0,0,4112314368,0,380162048,0
200,1788375024565,3191,3191,0,0,0,155852.89385986328,0,0,4112314368,0,380162048,0
200,1788375024766,3191,3191,0,0,0,155852.90838623047,0,0,4112314368,0,380162048,0
200,1788375024966,3191,3191,0,0,0,155852.90838623047,0,0,4112314368,0,380162048,0
200,1788375025167,3191,3191,0,0,0,155852.90838623047,0,0,4112314368,0,380162048,0
200,1788375025367,3191,3191,0,0,0,155852.90838623047,0,0,4112314368,0,380162048,0
200,1788375025567,3191,3191,0,0,0,155852.90838623047,0,0,4112314368,0,380162048,0
200,1788375025768,3191,3191,4.761904716491699,0,0,155852.90838623047,0,0,4112314368,0,380162048,0
200,1788375025968,3191,3191,0,0,0,155852.90838623047,0,0,4112314368,0,380162048,0
200,1788375026168,3191,3191,0,0,0,155852.90838623047,0,0,4112314368,0,380162048,0
200,1788375026368,3191,3191,0,0,0,155852.90838623047,0,0,4112314368,0,380162048,0
200,1788375026568,3191,3191,0,0,0,155852.90838623047,0,0,4112314368,0,380162048,0
200,1788375026769,3191,3191,0,0,0,155852.90838623047,0,0,4112314368,0,380162048,0
200,1788375026969,3191,3191,0,0,0,155852.90838623047,0,0,4112314368,0,380162048,0
200,1788375027169,3191,3191,0,0,0,155852.90838623047,0,0,4112314368,0,380162048,0
200,1788375027369,3191,3191,0,0,0,155852.90838623047,0,0,4112314368,0,380162048,0
200,1788375027570,3191,3191,0,0,0,155852.90838623047,0,0,4112314368,0,380162048,0
200,1788375027770,3191,3191,0,0,0,155852.9144897461,0,0,4112314368,0,380162048,0
200,1788375027970,3191,3191,0,0,0,155852.9144897461,0,0,4112314368,0,380162048,0
200,1788375028171,3191,3191,0,0,0,155852.9144897461,0,0,4112314368,0,380162048,0
200,1788375028371,3191,3191,0,0,0,155852.9144897461,0,0,4112314368,0,380162048,0
200,1788375028571,3191,3191,4.761904716491699,0,0,155852.9144897461,0,0,4112314368,0,380162048,0
200,1788375028772,3191,3191,0,0,0,155852.9144897461,0,0,4112314368,0,380162048,0
200,1788375028972,3191,3191,0,0,0,155852.9144897461,0,0,4112314368,0,380162048,0
200,1788375029172,3191,3191,0,0,0,155852.9144897461,0,0,4112314368,0,380162048,0
200,1788375029373,3191,3191,0,0,0,155852.9144897461,0,0,4112314368,0,380162048,0
200,1788375029573,3191,3191,0,0,0,155852.9144897461,0,0,4112314368,0,380162048,0
200,1788375029773,3191,3191,0,0,0,155852.9144897461,0,0,4112314368,0,380162048,0
200,1788375029973,3191,3191,0,0,0,155852.9144897461,0,0,4112314368,0,380162048,0
200,1788375030174,3191,3191,0,0,0,155852.9144897461,0,0,4112314368,0,380162048,0
200,1788375030374,3191,3191,0,0,0,155852.9144897461,0,0,4112314368,0,380162048,0
200,1788375030574,3191,3191,0,0,0,155852.9144897461,0,0,4112314368,0,380162048,0
200,1788375030775,3191,3191,0,0,0,155852.92755126953,0,0,4112314368,0,380162048,0
200,1788375030975,3191,3191,0,0,0,155852.92755126953,0,0,4112314368,0,380162048,0
200,1788375031175,3191,3191,0,0,0,155852.92755126953,0,0,4112314368,0,380162048,0
200,1788375031376,3191,3191,0,0,0,155852.92755126953,0,0,4112314368,0,380162048,0
200,1788375031576,3191,3191,0,0,0,155852.92755126953,0,0,4112314368,0,380162048,0
200,1788375031776,3191,3191,0,0,0,155852.92755126953,0,0,4112314368,0,380162048,0
200,1788375031976,3191,3191,0,0,0,155852.92755126953,0,0,4112314368,0,380162048,0
200,1788375032177,3191,3191,0,0,0,155852.92755126953,0,0,4112314368,0,380162048,0
200,1788375032377,3191,3191,0,0,0,155852.92755126953,0,0,4112314368,0,380162048,0
200,1788375032577,3191,3191,0,0,0,155852.92755126953,0,0,4112314368,0,380162048,0
200,1788375032778,3191,3191,0,0,0,155852.92755126953,0,0,4112314368,0,380162048,0
200,1788375032978,3191,3191,0,0,0,155852.92755126953,0,0,4112314368,0,380162048,0
200,1788375033178,3191,3191,0,0,0,155852.92755126953,0,0,4112314368,0,380162048,0
200,1788375033379,3191,3191,0,0,0,155852.92755126953,0,0,4112314368,0,380162048,0
200,1788375033579,3191,3191,0,0,0,155852.92755126953,0,0,4112314368,0,380162048,0
200,1788375033779,3191,3191,0,0,0,155852.93560791016,0,0,4112314368,0,380162048,0
200,1788375033980,3191,3191,0,0,0,155852.93560791016,0,0,4112314368,0,380162048,0
200,1788375034180,3191,3191,0,0,0,155852.93560791016,0,0,4112314368,0,380162048,0
200,1788375034380,3191,3191,0,0,0,155852.93560791016,0,0,4112314368,0,380162048,0
200,1788375034580,3191,3191,0,0,0,155852.93560791016,0,0,4112314368,0,380162048,0
200,1788375034781,3191,3191,0,0,0,155852.93560791016,0,0,4112314368,0,380162048,0
200,1788375034981,3191,3191,0,0,0,155852.93560791016,0,0,4112314368,0,380162048,0
200,1788375035181,3191,3191,0,0,0,155852.93560791016,0,0,4112314368,0,380162048,0
200,1788375035381,3191,3191,0,0,0,155852.93560791016,0,0,4112314368,0,380162048,0
200,1788375035581,3191,3191,0,0,0,155852.93560791016,0,0,4112314368,0,380162048,0
200,1788375035781,3191,3191,0,0,0,155852.94268798828,0,0,4112314368,0,380162048,0
200,1788375035982,3191,3191,0,0,0,155852.94268798828,0,0,4112314368,0,380162048,0
200,1788375036182,3191,3191,0,0,0,155852.94268798828,0,0,4112314368,0,380162048,0
200,1788375036382,3191,3191,0,0,0,155852.94268798828,0,0,4112314368,0,380162048,0
200,1788375036582,3191,3191,0,0,0,155852.94268798828,0,0,4112314368,0,380162048,0
200,1788375036783,3191,3191,0,0,0,155852.94268798828,0,0,4112314368,0,380162048,0
200,1788375036983,3191,3191,0,0,0,155852.94268798828,0,0,4112314368,0,380162048,0
200,1788375037183,3191,3191,0,0,0,155852.94268798828,0,0,4112314368,0,380162048,0
200,1788375037384,3191,3191,0,0,0,155852.94268798828,0,0,4112314368,0,380162048,0
200,1788375037584,3191,3191,0,0,0,155852.94268798828,0,0,4112314368,0,380153856,0
200,1788375037784,3191,3191,0,0,0,155852.94268798828,0,0,4112314368,0,380153856,0
200,1788375037985,3191,3191,0,0,0,155852.94268798828,0,0,4112314368,0,380153856,0
200,1788375038185,3191,3191,0,0,0,155852.94268798828,0,0,4112314368,0,380153856,0
200,1788375038385,3191,3191,0,0,0,155852.94268798828,0,0,4112314368,0,380153856,0
200,1788375038585,3191,3191,0,0,0,155852.94268798828,0,0,4112314368,0,380153856,0
200,1788375038785,3191,3191,0,0,0,155852.94268798828,0,0,4112314368,0,380153856,0
200,1788375038985,3191,3191,0,0,0,155852.94268798828,0,0,4112314368,0,380153856,0
200,1788375039186,3191,3191,0,0,0,155852.94268798828,0,0,4112314368,0,380153856,0
200,1788375039386,3191,3191,0,0,0,155852.94268798828,0,0,4112314368,0,380153856,0
200,1788375039586,3191,3191,0,0,0,155852.94268798828,0,0,4112314368,0,380153856,0
200,1788375039787,3191,3191,0,0,0,155852.95477294922,0,0,4112314368,0,380153856,0
200,1788375039987,3191,3191,0,0,0,155852.95477294922,0,0,4112314368,0,380153856,0
200,1788375040188,3191,3191,0,0,0,155852.95477294922,0,0,4112314368,0,380153856,0
200,1788375040388,3191,3191,0,0,0,155852.95477294922,0,0,4112314368,0,380153856,0
200,1788375040588,3191,3191,0,0,0,155852.95477294922,0,0,4112314368,0,380153856,0
200,1788375040788,3191,3191,0,0,0,155852.95477294922,0,0,4112314368,0,380153856,0
200,1788375040988,3191,3191,0,0,0,155852.95477294922,0,0,4112314368,0,380153856,0
200,1788375041189,3191,3191,0,0,0,155852.95477294922,0,0,4112314368,0,380153856,0
200,1788375041389,3191,3191,0,0,0,155852.95477294922,0,0,4112314368,0,380153856,0
200,1788375041589,3191,3191,0,0,0,155852.95477294922,0,0,4112314368,0,380153856,0
200,1788375041790,3191,3191,0,0,0,155852.95477294922,0,0,4112314368,0,380153856,0
200,1788375041990,3191,3191,0,0,0,155852.95477294922,0,0,4112314368,0,380153856,0
200,1788375042190,3191,3191,0,0,0,155852.95477294922,0,0,4112314368,0,380153856,0
200,1788375042391,3191,3191,0,0,0,155852.95477294922,0,0,4112314368,0,380153856,0
200,1788375042591,3191,3191,0,0,0,155852.95477294922,0,0,4112314368,0,380153856,0
200,1788375042792,3191,3191,0,0,0,155852.9608154297,0,0,4112314368,0,380153856,0
200,1788375042992,3191,3191,0,0,0,155852.9608154297,0,0,4112314368,0,380153856,0
200,1788375043192,3191,3191,0,0,0,155852.9608154297,0,0,4112314368,0,380153856,0
200,1788375043392,3191,3191,0,0,0,155852.9608154297,0,0,4112314368,0,380153856,0
200,1788375043593,3191,3191,0,0,0,155852.9608154297,0,0,4112314368,0,380153856,0
200,1788375043793,3191,3191,0,0,0,155852.9608154297,0,0,4112314368,0,380153856,0
200,1788375043993,3191,3191,0,0,0,155852.9608154297,0,0,4112314368,0,380153856,0
200,1788375044194,3191,3191,0,0,0,155852.9608154297,0,0,4112314368,0,380153856,0
200,1788375044394,3191,3191,0,0,0,155852.9608154297,0,0,4112314368,0,380153856,0
200,1788375044594,3191,3191,0,0,0,155852.9608154297,0,0,4112314368,0,380153856,0
200,1788375044795,3191,3191,0,0,0,155852.9608154297,0,0,4112314368,0,380153856,0
200,1788375044995,3191,3191,0,0,0,155852.9608154297,0,0,4112314368,0,380153856,0
200,1788375045195,3191,3191,0,0,0,155852.9608154297,0,0,4112314368,0,380153856,0
200,1788375045396,3191,3191,0,0,0,155852.9608154297,0,0,4112314368,0,380153856,0
200,1788375045596,3191,3191,0,0,0,155852.9608154297,0,0,4112314368,0,380153856,0
200,1788375045796,3191,3191,0,0,0,155852.97784423828,0,0,4112314368,0,380153856,0
200,1788375045996,3191,3191,0,0,0,155852.97784423828,0,0,4112314368,0,380153856,0
200,1788375046196,3191,3191,0,0,0,155852.97784423828,0,0,4112314368,0,380153856,0
200,1788375046396,3191,3191,0,0,0,155852.97784423828,0,0,4112314368,0,380153856,0
200,1788375046597,3191,3191,0,0,0,155852.97784423828,0,0,4112314368,0,380153856,0
200,1788375046797,3191,3191,0,0,0,155852.97784423828,0,0,4112314368,0,380153856,0
200,1788375046997,3191,3191,0,0,0,155852.97784423828,0,0,4112314368,0,380153856,0
200,1788375047197,3191,3191,0,0,0,155852.97784423828,0,0,4112314368,0,380153856,0
200,1788375047397,3191,3191,0,0,0,155852.97784423828,0,0,4112314368,0,380153856,0
200,1788375047597,3191,3191,0,0,0,155852.97784423828,0,0,4112314368,0,380153856,0
200,1788375047798,3191,3191,0,0,0,155852.98388671875,0,0,4112314368,0,380153856,0
200,1788375047998,3191,3191,0,0,0,155852.98388671875,0,0,4112314368,0,380153856,0
200,1788375048198,3191,3191,0,0,0,155852.98388671875,0,0,4112314368,0,380153856,0
200,1788375048399,3191,3191,0,0,0,155852.98388671875,0,0,4112314368,0,380153856,0
200,1788375048599,3191,3191,0,0,0,155852.98388671875,0,0,4112314368,0,380153856,0
200,1788375048799,3191,3191,0,0,0,155852.98388671875,0,0,4112314368,0,380153856,0
200,1788375049000,3191,3191,0,0,0,155852.98388671875,0,0,4112314368,0,380153856,0
200,1788375049200,3191,3191,0,0,0,155852.98388671875,0,0,4112314368,0,380153856,0
200,1788375049400,3191,3191,0,0,0,155852.98388671875,0,0,4112314368,0,380153856,0
200,1788375049600,3191,3191,0,0,0,155852.98388671875,0,0,4112314368,0,380153856,0
200,1788375049801,3191,3191,0,0,0,155852.98388671875,0,0,4112314368,0,380153856,0
200,1788375050001,3191,3191,0,0,0,155852.98388671875,0,0,4112314368,0,380153856,0
200,1788375050201,3191,3191,0,0,0,155852.98388671875,0,0,4112314368,0,380153856,0
200,1788375050401,3191,3191,0,0,0,155852.98388671875,0,0,4112314368,0,380153856,0
200,1788375050602,3191,3191,0,0,0,155852.98388671875,0,0,4112314368,0,380153856,0
200,1788375050802,3191,3191,0,0,0,155852.9966430664,0,0,4112314368,0,380153856,0
200,1788375051002,3191,3191,0,0,0,155852.9966430664,0,0,4112314368,0,380153856,0
200,1788375051202,3191,3191,0,0,0,155852.9966430664,0,0,4112314368,0,380153856,0
200,1788375051403,3191,3191,0,0,0,155852.9966430664,0,0,4112314368,0,380153856,0
200,1788375051603,3191,3191,0,0,0,155852.9966430664,0,0,4112314368,0,380153856,0
200,1788375051804,3191,3191,4.761904716491699,0,0,155852.9966430664,0,0,4112314368,0,380153856,0
200,1788375052004,3191,3191,0,0,0,155852.9966430664,0,0,4112314368,0,380153856,0
200,1788375052204,3191,3191,0,0,0,155852.9966430664,0,0,4112314368,0,380153856,0
200,1788375052404,3191,3191,0,0,0,155852.9966430664,0,0,4112314368,0,380153856,0
200,1788375052605,3191,3191,0,0,0,155852.9966430664,0,0,4112314368,0,380153856,0
200,1788375052805,3191,3191,0,0,0,155852.9966430664,0,0,4112314368,0,380153856,0
200,1788375053005,3191,3191,0,0,0,155852.9966430664,0,0,4112314368,0,380153856,0
200,1788375053206,3191,3191,0,0,0,155852.9966430664,0,0,4112314368,0,380153856,0
200,1788375053406,3191,3191,0,0,0,155852.9966430664,0,0,4112314368,0,380153856,0
200,1788375053606,3191,3191,0,0,0,155852.9966430664,0,0,4112314368,0,380153856,0
200,1788375053806,3191,3191,0,0,0,155853.00457763672,0,0,4112314368,0,380153856,0
200,1788375054007,3191,3191,0,0,0,155853.00457763672,0,0,4112314368,0,380153856,0
200,1788375054207,3191,3191,0,0,0,155853.00457763672,0,0,4112314368,0,380153856,0
200,1788375054407,3191,3191,0,0,0,155853.00457763672,0,0,4112314368,0,380153856,0
200,1788375054608,3191,3191,0,0,0,155853.00457763672,0,0,4112314368,0,380153856,0
200,1788375054808,3191,3191,0,0,0,155853.00457763672,0,0,4112314368,0,380153856,0
200,1788375055008,3191,3191,0,0,0,155853.00457763672,0,0,4112314368,0,380153856,0
200,1788375055209,3191,3191,0,0,0,155853.00457763672,0,0,4112314368,0,380153856,0
200,1788375055409,3191,3191,0,0,0,155853.00457763672,0,0,4112314368,0,380153856,0
200,1788375055609,3191,3191,0,0,0,155853.00457763672,0,0,4112314368,0,380153856,0
200,1788375055809,3191,3191,0,0,0,155853.00457763672,0,0,4112314368,0,380153856,0
200,1788375056010,3191,3191,0,0,0,155853.00457763672,0,0,4112314368,0,380153856,0
200,1788375056210,3191,3191,0,0,0,155853.00457763672,0,0,4112314368,0,380153856,0
200,1788375056410,3191,3191,0,0,0,155853.00457763672,0,0,4112314368,0,380153856,0
200,1788375056611,3191,3191,0,0,0,155853.00457763672,0,0,4112314368,0,380153856,0
200,1788375056811,3191,3191,0,0,0,155853.0164794922,0,0,4112314368,0,380153856,0
200,1788375057011,3191,3191,4.761904716491699,0,0,155853.0164794922,0,0,4112314368,0,380153856,0
200,1788375057212,3191,3191,0,0,0,155853.0164794922,0,0,4112314368,0,380153856,0
200,1788375057412,3191,3191,0,0,0,155853.0164794922,0,0,4112314368,0,380153856,0
200,1788375057612,3191,3191,0,0,0,155853.0164794922,0,0,4112314368,0,380153856,0
200,1788375057813,3191,3191,0,0,0,155853.0164794922,0,0,4112314368,0,380153856,0
200,1788375058013,3191,3191,0,0,0,155853.0164794922,0,0,4112314368,0,380153856,0
200,1788375058213,3191,3191,0,0,0,155853.0164794922,0,0,4112314368,0,380153856,0
200,1788375058413,3191,3191,0,0,0,155853.0164794922,0,0,4112314368,0,380153856,0
200,1788375058614,3191,3191,0,0,0,155853.0164794922,0,0,4112314368,0,380153856,0
200,1788375058814,3191,3191,0,0,0,155853.02880859375,0,0,4112314368,0,380153856,0
200,1788375059014,3191,3191,0,0,0,155853.02880859375,0,0,4112314368,0,380153856,0
200,1788375059215,3191,3191,0,0,0,155853.02880859375,0,0,4112314368,0,380153856,0
200,1788375059415,3191,3191,0,0,0,155853.02880859375,0,0,4112314368,0,380153856,0
200,1788375059615,3191,3191,0,0,0,155853.02880859375,0,0,4112314368,0,380153856,0
200,1788375059816,3191,3191,0,0,0,155853.02880859375,0,0,4112314368,0,380153856,0
200,1788375060016,3191,3191,0,0,0,155853.02880859375,0,0,4112314368,0,380153856,0
200,1788375060216,3191,3191,0,0,0,155853.02880859375,0,0,4112314368,0,380153856,0
200,1788375060417,3191,3191,0,0,0,155853.02880859375,0,0,4112314368,0,380153856,0
200,1788375060617,3191,3191,0,0,0,155853.02880859375,0,0,4112314368,0,380153856,0
200,1788375060817,3191,3191,0,0,0,155853.02880859375,0,0,4112314368,0,380153856,0
200,1788375061017,3191,3191,0,0,0,155853.02880859375,0,0,4112314368,0,380153856,0
200,1788375061217,3191,3191,0,0,0,155853.02880859375,0,0,4112314368,0,380153856,0
200,1788375061418,3191,3191,0,0,0,155853.02880859375,0,0,4112314368,0,380153856,0
200,1788375061618,3191,3191,0,0,0,155853.02880859375,0,0,4112314368,0,380153856,0
200,1788375061818,3191,3191,0,0,0,155853.0352783203,0,0,4112314368,0,380153856,0
200,1788375062019,3191,3191,0,0,0,155853.0352783203,0,0,4112314368,0,380153856,0
200,1788375062219,3191,3191,0,0,0,155853.0352783203,0,0,4112314368,0,380153856,0
200,1788375062419,3191,3191,4.761904716491699,0,0,155853.0352783203,0,0,4112314368,0,380153856,0
200,1788375062620,3191,3191,0,0,0,155853.0352783203,0,0,4112314368,0,380153856,0
200,1788375062820,3191,3191,0,0,0,155853.0352783203,0,0,4112314368,0,380153856,0
200,1788375063020,3191,3191,0,0,0,155853.0352783203,0,0,4112314368,0,380153856,0
200,1788375063221,3191,3191,0,0,0,155853.0352783203,0,0,4112314368,0,380153856,0
200,1788375063421,3191,3191,0,0,0,155853.0352783203,0,0,4112314368,0,380153856,0
200,1788375063621,3191,3191,0,0,0,155853.0352783203,0,0,4112314368,0,380153856,0
200,1788375063821,3191,3191,0,0,0,155853.0352783203,0,0,4112314368,0,380153856,0
200,1788375064021,3191,3191,0,0,0,155853.0352783203,0,0,4112314368,0,380153856,0
200,1788375064222,3191,3191,0,0,0,155853.0352783203,0,0,4112314368,0,380153856,0
200,1788375064422,3191,3191,0,0,0,155853.0352783203,0,0,4112314368,0,380153856,0
200,1788375064622,3191,3191,0,0,0,155853.0352783203,0,0,4112314368,0,380153856,0
200,1788375064823,3191,3191,0,0,0,155853.04132080078,0,0,4112314368,0,380153856,0
200,1788375065023,3191,3191,0,0,0,155853.04132080078,0,0,4112314368,0,380153856,0
200,1788375065223,3191,3191,0,0,0,155853.04132080078,0,0,4112314368,0,380153856,0
200,1788375065423,3191,3191,0,0,0,155853.04132080078,0,0,4112314368,0,380153856,0
200,1788375065623,3191,3191,0,0,0,155853.04132080078,0,0,4112314368,0,380153856,0
200,1788375065824,3191,3191,0,0,0,155853.04132080078,0,0,4112314368,0,380153856,0
200,1788375066024,3191,3191,0,0,0,155853.04132080078,0,0,4112314368,0,380153856,0
200,1788375066224,3191,3191,0,0,0,155853.04132080078,0,0,4112314368,0,380153856,0
200,1788375066425,3191,3191,0,0,0,155853.04132080078,0,0,4112314368,0,380153856,0
200,1788375066625,3191,3191,0,0,0,155853.04132080078,0,0,4112314368,0,380153856,0
200,1788375066825,3191,3191,0,0,0,155853.04132080078,0,0,4112314368,0,380153856,0
200,1788375067025,3191,3191,0,0,0,155853.04132080078,0,0,4112314368,0,380153856,0
200,1788375067226,3191,3191,0,0,0,155853.04132080078,0,0,4112314368,0,380153856,0
200,1788375067426,3191,3191,0,0,0,155853.04132080078,0,0,4112314368,0,380153856,0
200,1788375067626,3191,3191,0,0,0,155853.04132080078,0,0,4112314368,0,380153856,0
200,1788375067827,3191,3191,0,0,0,155853.04736328125,0,0,4112314368,0,380153856,0
200,1788375068027,3191,3191,0,0,0,155853.04736328125,0,0,4112314368,0,380153856,0
200,1788375068228,3191,3191,0,0,0,155853.04736328125,0,0,4112314368,0,380153856,0
200,1788375068428,3191,3191,0,0,0,155853.04736328125,0,0,4112314368,0,380153856,0
200,1788375068628,3191,3191,0,0,0,155853.04736328125,0,0,4112314368,0,380153856,0
200,1788375068828,3191,3191,0,0,0,155853.04736328125,0,0,4112314368,0,380153856,0
200,1788375069029,3191,3191,0,0,0,155853.04736328125,0,0,4112314368,0,380153856,0
200,1788375069229,3191,3191,0,0,0,155853.04736328125,0,0,4112314368,0,380153856,0
200,1788375069429,3191,3191,0,0,0,155853.04736328125,0,0,4112314368,0,380153856,0
200,1788375069629,3191,3191,0,0,0,155853.04736328125,0,0,4112314368,0,380153856,0
200,1788375069829,3191,3191,0,0,0,155853.04736328125,0,0,4112314368,0,380153856,0
200,1788375070030,3191,3191,0,0,0,155853.04736328125,0,0,4112314368,0,380153856,0
200,1788375070230,3191,3191,0,0,0,155853.04736328125,0,0,4112314368,0,380153856,0
200,1788375070430,3191,3191,0,0,0,155853.04736328125,0,0,4112314368,0,380153856,0
200,1788375070631,3191,3191,0,0,0,155853.04736328125,0,0,4112314368,0,380153856,0
200,1788375070831,3191,3191,0,0,0,155853.06231689453,0,0,4112314368,0,380153856,0
200,1788375071031,3191,3191,4.761904716491699,0,0,155853.06231689453,0,0,4112314368,0,380153856,0
200,1788375071232,3191,3191,0,0,0,155853.06231689453,0,0,4112314368,0,380153856,0
200,1788375071432,3191,3191,0,0,0,155853.06231689453,0,0,4112314368,0,380153856,0
200,1788375071632,3191,3191,0,0,0,155853.06231689453,0,0,4112314368,0,380153856,0
200,1788375071832,3191,3191,0,0,0,155853.06231689453,0,0,4112314368,0,380153856,0
200,1788375072033,3191,3191,0,0,0,155853.06231689453,0,0,4112314368,0,380153856,0
200,1788375072233,3191,3191,0,0,0,155853.06231689453,0,0,4112314368,0,380153856,0
200,1788375072433,3191,3191,0,0,0,155853.06231689453,0,0,4112314368,0,380153856,0
200,1788375072634,3191,3191,0,0,0,155853.06231689453,0,0,4112314368,0,380153856,0
200,1788375072834,3191,3191,0,0,0,155853.06231689453,0,0,4112314368,0,380153856,0
200,1788375073034,3191,3191,0,0,0,155853.06231689453,0,0,4112314368,0,380153856,0
200,1788375073235,3191,3191,0,0,0,155853.06231689453,0,0,4112314368,0,380153856,0
200,1788375073435,3191,3191,0,0,0,155853.06231689453,0,0,4112314368,0,380153856,0
200,1788375073636,3191,3191,0,0,0,155853.06231689453,0,0,4112314368,0,380153856,0
200,1788375073836,3191,3191,0,0,0,155853.07037353516,0,0,4112314368,0,380153856,0
200,1788375074036,3191,3191,0,0,0,155853.07037353516,0,0,4112314368,0,380153856,0
200,1788375074236,3191,3191,0,0,0,155853.07037353516,0,0,4112314368,0,380153856,0
200,1788375074437,3191,3191,0,0,0,155853.07037353516,0,0,4112314368,0,380153856,0
200,1788375074637,3191,3191,0,0,0,155853.07037353516,0,0,4112314368,0,380153856,0
200,1788375074837,3191,3191,0,0,0,155853.07037353516,0,0,4112314368,0,380153856,0
200,1788375075037,3191,3191,0,0,0,155853.07037353516,0,0,4112314368,0,380153856,0
200,1788375075238,3191,3191,0,0,0,155853.07037353516,0,0,4112314368,0,380153856,0
200,1788375075438,3191,3191,0,0,0,155853.07037353516,0,0,4112314368,0,380153856,0
200,1788375075639,3191,3191,0,0,0,155853.07037353516,0,0,4112314368,0,380153856,0
200,1788375075839,3191,3191,0,0,0,155853.07037353516,0,0,4112314368,0,380153856,0
200,1788375076039,3191,3191,0,0,0,155853.07037353516,0,0,4112314368,0,380153856,0
200,1788375076239,3191,3191,0,0,0,155853.07037353516,0,0,4112314368,0,380153856,0
200,1788375076439,3191,3191,0,0,0,155853.07037353516,0,0,4112314368,0,380153856,0
200,1788375076639,3191,3191,0,0,0,155853.07037353516,0,0,4112314368,0,380153856,0
200,1788375076840,3191,3191,0,0,0,155853.07037353516,0,0,4112314368,0,380153856,0
200,1788375077040,3191,3191,0,0,0,155853.07037353516,0,0,4112314368,0,380153856,0
200,1788375077240,3191,3191,0,0,0,155853.07037353516,0,0,4112314368,0,380153856,0
200,1788375077440,3191,3191,0,0,0,155853.07037353516,0,0,4112314368,0,380153856,0
200,1788375077641,3191,3191,0,0,0,155853.07037353516,0,0,4112314368,0,380153856,0
200,1788375077841,3191,3191,0,0,0,155853.07647705078,0,0,4112314368,0,380153856,0
200,1788375078041,3191,3191,0,0,0,155853.07647705078,0,0,4112314368,0,380153856,0
200,1788375078242,3191,3191,0,0,0,155853.07647705078,0,0,4112314368,0,380153856,0
200,1788375078442,3191,3191,0,0,0,155853.07647705078,0,0,4112314368,0,380153856,0
200,1788375078642,3191,3191,0,0,0,155853.07647705078,0,0,4112314368,0,380153856,0
200,1788375078843,3191,3191,0,0,0,155853.07647705078,0,0,4112314368,0,380153856,0
200,1788375079043,3191,3191,0,0,0,155853.07647705078,0,0,4112314368,0,380153856,0
200,1788375079243,3191,3191,4.761904716491699,0,0,155853.07647705078,0,0,4112314368,0,380153856,0
200,1788375079444,3191,3191,0,0,0,155853.07647705078,0,0,4112314368,0,380153856,0
200,1788375079644,3191,3191,0,0,0,155853.07647705078,0,0,4112314368,0,380153856,0
200,1788375079844,3191,3191,0,0,0,155853.07647705078,0,0,4112314368,0,380153856,0
200,1788375080045,3191,3191,0,0,0,155853.07647705078,0,0,4112314368,0,380153856,0
200,1788375080245,3191,3191,0,0,0,155853.07647705078,0,0,4112314368,0,380153856,0
200,1788375080445,3191,3191,0,0,0,155853.07647705078,0,0,4112314368,0,380153856,0
200,1788375080645,3191,3191,0,0,0,155853.07647705078,0,0,4112314368,0,380153856,0
200,1788375080845,3191,3191,0,0,0,155853.09490966797,0,0,4112314368,0,380153856,0
200,1788375081046,3191,3191,0,0,0,155853.09490966797,0,0,4112314368,0,380153856,0
200,1788375081246,3191,3191,0,0,0,155853.09490966797,0,0,4112314368,0,380153856,0
200,1788375081446,3191,3191,0,0,0,155853.09490966797,0,0,4112314368,0,380153856,0
200,1788375081647,3191,3191,0,0,0,155853.09490966797,0,0,4112314368,0,380153856,0
200,1788375081847,3191,3191,0,0,0,155853.1016845703,0,0,4112314368,0,380153856,0
200,1788375082047,3191,3191,0,0,0,155853.1016845703,0,0,4112314368,0,380153856,0
200,1788375082247,3191,3191,0,0,0,155853.1016845703,0,0,4112314368,0,380153856,0
200,1788375082448,3191,3191,0,0,0,155853.1016845703,0,0,4112314368,0,380153856,0
200,1788375082648,3191,3191,0,0,0,155853.1016845703,0,0,4112314368,0,380153856,0
200,1788375082848,3191,3191,0,0,0,155853.1016845703,0,0,4112314368,0,380153856,0
200,1788375083049,3191,3191,0,0,0,155853.1016845703,0,0,4112314368,0,380153856,0
200,1788375083249,3191,3191,0,0,0,155853.1016845703,0,0,4112314368,0,380153856,0
200,1788375083449,3191,3191,0,0,0,155853.1016845703,0,0,4112314368,0,380153856,0
200,1788375083650,3191,3191,0,0,0,155853.1016845703,0,0,4112314368,0,380153856,0
200,1788375083850,3191,3191,0,0,0,155853.1016845703,0,0,4112314368,0,380153856,0
200,1788375084050,3191,3191,0,0,0,155853.1016845703,0,0,4112314368,0,380153856,0
200,1788375084251,3191,3191,0,0,0,155853.1016845703,0,0,4112314368,0,380153856,0
200,1788375084451,3191,3191,0,0,0,155853.1016845703,0,0,4112314368,0,380153856,0
200,1788375084652,3191,3191,0,0,0,155853.1016845703,0,0,4112314368,0,380153856,0
200,1788375084852,3191,3191,0,0,0,155853.1151123047,0,0,4112314368,0,380153856,0
200,1788375085052,3191,3191,0,0,0,155853.1151123047,0,0,4112314368,0,380153856,0
200,1788375085252,3191,3191,0,0,0,155853.1151123047,0,0,4112314368,0,380153856,0
200,1788375085453,3191,3191,0,0,0,155853.1151123047,0,0,4112314368,0,380153856,0
200,1788375085653,3191,3191,0,0,0,155853.1151123047,0,0,4112314368,0,380153856,0
200,1788375085853,3191,3191,0,0,0,155853.1151123047,0,0,4112314368,0,380153856,0
200,1788375086053,3191,3191,0,0,0,155853.1151123047,0,0,4112314368,0,380153856,0
200,1788375086253,3191,3191,0,0,0,155853.1151123047,0,0,4112314368,0,380153856,0
200,1788375086454,3191,3191,0,0,0,155853.1151123047,0,0,4112314368,0,380153856,0
200,1788375086654,3191,3191,0,0,0,155853.1151123047,0,0,4112314368,0,380153856,0
200,1788375086854,3191,3191,0,0,0,155853.1151123047,0,0,4112314368,0,380153856,0
200,1788375087055,3191,3191,0,0,0,155853.1151123047,0,0,4112314368,0,380153856,0
200,1788375087255,3191,3191,0,0,0,155853.1151123047,0,0,4112314368,0,380153856,0
200,1788375087455,3191,3191,0,0,0,155853.1151123047,0,0,4112314368,0,380153856,0
200,1788375087656,3191,3191,0,0,0,155853.1151123047,0,0,4112314368,0,380153856,0
200,1788375087856,3191,3191,0,0,0,155853.1151123047,0,0,4112314368,0,380153856,0
200,1788375088056,3191,3191,0,0,0,155853.1151123047,0,0,4112314368,0,380153856,0
200,1788375088257,3191,3191,0,0,0,155853.1151123047,0,0,4112314368,0,380153856,0
200,1788375088457,3191,3191,0,0,0,155853.1151123047,0,0,4112314368,0,380153856,0
200,1788375088657,3191,3191,0,0,0,155853.1151123047,0,0,4112314368,0,380153856,0
200,1788375088858,3191,3191,0,0,0,155853.12115478516,0,0,4112314368,0,380153856,0
200,1788375089058,3191,3191,0,0,0,155853.12115478516,0,0,4112314368,0,380153856,0
200,1788375089258,3191,3191,0,0,0,155853.12115478516,0,0,4112314368,0,380153856,0
200,1788375089459,3191,3191,0,0,0,155853.12115478516,0,0,4112314368,0,380153856,0
200,1788375089659,3191,3191,0,0,0,155853.12115478516,0,0,4112314368,0,380153856,0
200,1788375089859,3191,3191,0,0,0,155853.12115478516,0,0,4112314368,0,380153856,0
200,1788375090060,3191,3191,0,0,0,155853.12115478516,0,0,4112314368,0,380153856,0
200,1788375090260,3191,3191,0,0,0,155853.12115478516,0,0,4112314368,0,380153856,0
200,1788375090460,3191,3191,0,0,0,155853.12115478516,0,0,4112314368,0,380153856,0
200,1788375090660,3191,3191,0,0,0,155853.12115478516,0,0,4112314368,0,380153856,0
200,1788375090860,3191,3191,0,0,0,155853.12115478516,0,0,4112314368,0,380153856,0
200,1788375091060,3191,3191,0,0,0,155853.12115478516,0,0,4112314368,0,380153856,0
200,1788375091261,3191,3191,4.761904716491699,0,0,155853.12115478516,0,0,4112314368,0,380153856,0
200,1788375091461,3191,3191,0,0,0,155853.12115478516,0,0,4112314368,0,380153856,0
200,1788375091661,3191,3191,0,0,0,155853.12115478516,0,0,4112314368,0,380153856,0
200,1788375091861,3191,3191,0,0,0,155853.12115478516,0,0,4112314368,0,380153856,0
200,1788375092061,3191,3191,0,0,0,155853.12115478516,0,0,4112314368,0,380153856,0
200,1788375092261,3191,3191,0,0,0,155853.12115478516,0,0,4112314368,0,380153856,0
200,1788375092462,3191,3191,0,0,0,155853.12115478516,0,0,4112314368,0,380153856,0
200,1788375092662,3191,3191,0,0,0,155853.12115478516,0,0,4112314368,0,380153856,0
200,1788375092862,3191,3191,0,0,0,155853.13775634766,0,0,4112314368,0,380153856,0
200,1788375093062,3191,3191,0,0,0,155853.13775634766,0,0,4112314368,0,380153856,0
200,1788375093263,3191,3191,0,0,0,155853.13775634766,0,0,4112314368,0,380153856,0
200,1788375093463,3191,3191,0,0,0,155853.13775634766,0,0,4112314368,0,380153856,0
200,1788375093663,3191,3191,4.761904716491699,0,0,155853.13775634766,0,0,4112314368,0,380153856,0
200,1788375093864,3191,3191,0,0,0,155853.13775634766,0,0,4112314368,0,380153856,0
200,1788375094064,3191,3191,0,0,0,155853.13775634766,0,0,4112314368,0,380153856,0
200,1788375094264,3191,3191,0,0,0,155853.13775634766,0,0,4112314368,0,380153856,0
200,1788375094464,3191,3191,0,0,0,155853.13775634766,0,0,4112314368,0,380153856,0
200,1788375094665,3191,3191,0,0,0,155853.13775634766,0,0,4112314368,0,380153856,0
200,1788375094865,3191,3191,0,0,0,155853.13775634766,0,0,4112314368,0,380153856,0
200,1788375095065,3191,3191,0,0,0,155853.13775634766,0,0,4112314368,0,380153856,0
200,1788375095265,3191,3191,0,0,0,155853.13775634766,0,0,4112314368,0,380153856,0
200,1788375095465,3191,3191,0,0,0,155853.13775634766,0,0,4112314368,0,380153856,0
200,1788375095665,3191,3191,0,0,0,155853.13775634766,0,0,4112314368,0,380153856,0
200,1788375095866,3191,3191,0,0,0,155853.1513671875,0,0,4112314368,0,380153856,0
200,1788375096066,3191,3191,0,0,0,155853.1513671875,0,0,4112314368,0,380153856,0
200,1788375096266,3191,3191,0,0,0,155853.1513671875,0,0,4112314368,0,380153856,0
200,1788375096466,3191,3191,0,0,0,155853.1513671875,0,0,4112314368,0,380153856,0
200,1788375096667,3191,3191,0,0,0,155853.1513671875,0,0,4112314368,0,380153856,0
200,1788375096867,3191,3191,0,0,0,155853.1513671875,0,0,4112314368,0,380153856,0
200,1788375097067,3191,3191,0,0,0,155853.1513671875,0,0,4112314368,0,380153856,0
200,1788375097268,3191,3191,0,0,0,155853.1513671875,0,0,4112314368,0,380153856,0
200,1788375097468,3191,3191,0,0,0,155853.1513671875,0,0,4112314368,0,380153856,0
200,1788375097668,3191,3191,0,0,0,155853.1513671875,0,0,4112314368,0,380153856,0
200,1788375097868,3191,3191,0,0,0,155853.15753173828,0,0,4112314368,0,380153856,0
200,1788375098069,3191,3191,0,0,0,155853.15753173828,0,0,4112314368,0,380153856,0
200,1788375098269,3191,3191,0,0,0,155853.15753173828,0,0,4112314368,0,380153856,0
200,1788375098469,3191,3191,0,0,0,155853.15753173828,0,0,4112314368,0,380153856,0
200,1788375098669,3191,3191,0,0,0,155853.15753173828,0,0,4112314368,0,380153856,0
200,1788375098870,3191,3191,0,0,0,155853.15753173828,0,0,4112314368,0,380153856,0
200,1788375099070,3191,3191,0,0,0,155853.15753173828,0,0,4112314368,0,380153856,0
200,1788375099270,3191,3191,0,0,0,155853.15753173828,0,0,4112314368,0,380153856,0
200,1788375099471,3191,3191,0,0,0,155853.15753173828,0,0,4112314368,0,380153856,0
200,1788375099671,3191,3191,0,0,0,155853.15753173828,0,0,4112314368,0,380153856,0
200,1788375099871,3191,3191,4.761904716491699,0,0,155853.15753173828,0,0,4112314368,0,380153856,0
200,1788375100072,3191,3191,0,0,0,155853.15753173828,0,0,4112314368,0,380153856,0
200,1788375100272,3191,3191,0,0,0,155853.15753173828,0,0,4112314368,0,380153856,0
200,1788375100472,3191,3191,0,0,0,155853.15753173828,0,0,4112314368,0,380153856,0
200,1788375100672,3191,3191,0,0,0,155853.15753173828,0,0,4112314368,0,380153856,0
200,1788375100873,3191,3191,0,0,0,155853.16973876953,0,0,4112314368,0,380153856,0
200,1788375101073,3191,3191,0,0,0,155853.16973876953,0,0,4112314368,0,380153856,0
200,1788375101273,3191,3191,0,0,0,155853.16973876953,0,0,4112314368,0,380153856,0
200,1788375101473,3191,3191,0,0,0,155853.16973876953,0,0,4112314368,0,380153856,0
200,1788375101673,3191,3191,0,0,0,155853.16973876953,0,0,4112314368,0,380153856,0
200,1788375101874,3191,3191,0,0,0,155853.16973876953,0,0,4112314368,0,380153856,0
200,1788375102074,3191,3191,0,0,0,155853.16973876953,0,0,4112314368,0,380153856,0
200,1788375102274,3191,3191,0,0,0,155853.16973876953,0,0,4112314368,0,380153856,0
200,1788375102475,3191,3191,0,0,0,155853.16973876953,0,0,4112314368,0,380153856,0
200,1788375102675,3191,3191,0,0,0,155853.16973876953,0,0,4112314368,0,380153856,0
200,1788375102875,3191,3191,0,0,0,155853.16973876953,0,0,4112314368,0,380153856,0
200,1788375103076,3191,3191,0,0,0,155853.16973876953,0,0,4112314368,0,380153856,0
200,1788375103276,3191,3191,0,0,0,155853.16973876953,0,0,4112314368,0,380153856,0
200,1788375103476,3191,3191,0,0,0,155853.16973876953,0,0,4112314368,0,380153856,0
200,1788375103676,3191,3191,0,0,0,155853.16973876953,0,0,4112314368,0,380153856,0
200,1788375103877,3191,3191,0,0,0,155853.17584228516,0,0,4112314368,0,380153856,0
200,1788375104077,3191,3191,0,0,0,155853.17584228516,0,0,4112314368,0,380153856,0
200,1788375104277,3191,3191,0,0,0,155853.17584228516,0,0,4112314368,0,380153856,0
200,1788375104478,3191,3191,0,0,0,155853.17584228516,0,0,4112314368,0,380153856,0
200,1788375104678,3191,3191,0,0,0,155853.17584228516,0,0,4112314368,0,380153856,0
200,1788375104878,3191,3191,0,0,0,155853.17584228516,0,0,4112314368,0,380153856,0
200,1788375105078,3191,3191,0,0,0,155853.17584228516,0,0,4112314368,0,380153856,0
200,1788375105279,3191,3191,0,0,0,155853.17584228516,0,0,4112314368,0,380153856,0
200,1788375105479,3191,3191,0,0,0,155853.17584228516,0,0,4112314368,0,380153856,0
200,1788375105679,3191,3191,0,0,0,155853.17584228516,0,0,4112314368,0,380145664,0
200,1788375105879,3191,3191,0,0,0,155853.17584228516,0,0,4112314368,0,380145664,0
200,1788375106079,3191,3191,0,0,0,155853.17584228516,0,0,4112314368,0,380145664,0
200,1788375106280,3191,3191,0,0,0,155853.17584228516,0,0,4112314368,0,380145664,0
200,1788375106480,3191,3191,0,0,0,155853.17584228516,0,0,4112314368,0,380145664,0
200,1788375106680,3191,3191,0,0,0,155853.17584228516,0,0,4112314368,0,380145664,0
200,1788375106880,3191,3191,0,0,0,155853.19311523438,0,0,4112314368,0,380145664,0
200,1788375107081,3191,3191,0,0,0,155853.19311523438,0,0,4112314368,0,380145664,0
200,1788375107281,3191,3191,0,0,0,155853.19311523438,0,0,4112314368,0,380145664,0
200,1788375107481,3191,3191,0,0,0,155853.19311523438,0,0,4112314368,0,380145664,0
200,1788375107682,3191,3191,0,0,0,155853.19311523438,0,0,4112314368,0,380145664,0
200,1788375107882,3191,3191,0,0,0,155853.19311523438,0,0,4112314368,0,380145664,0
200,1788375108082,3191,3191,0,0,0,155853.19311523438,0,0,4112314368,0,380145664,0
200,1788375108283,3191,3191,0,0,0,155853.19311523438,0,0,4112314368,0,380145664,0
200,1788375108483,3191,3191,0,0,0,155853.19311523438,0,0,4112314368,0,380145664,0
200,1788375108683,3191,3191,0,0,0,155853.19311523438,0,0,4112314368,0,380145664,0
200,1788375108884,3191,3191,0,0,0,155853.19311523438,0,0,4112314368,0,380145664,0
200,1788375109084,3191,3191,0,0,0,155853.19311523438,0,0,4112314368,0,380145664,0
200,1788375109284,3191,3191,0,0,0,155853.19311523438,0,0,4112314368,0,380145664,0
200,1788375109485,3191,3191,0,0,0,155853.19311523438,0,0,4112314368,0,380145664,0
200,1788375109685,3191,3191,0,0,0,155853.19311523438,0,0,4112314368,0,380145664,0
200,1788375109885,3191,3191,0,0,0,155853.19311523438,0,0,4112314368,0,380145664,0
200,1788375110086,3191,3191,0,0,0,155853.19311523438,0,0,4112314368,0,380145664,0
200,1788375110286,3191,3191,0,0,0,155853.19311523438,0,0,4112314368,0,380145664,0
200,1788375110486,3191,3191,0,0,0,155853.19311523438,0,0,4112314368,0,380145664,0
200,1788375110687,3191,3191,0,0,0,155853.19311523438,0,0,4112314368,0,380145664,0
200,1788375110887,3191,3191,0,0,0,155853.20526123047,0,0,4112314368,0,380145664,0
200,1788375111087,3191,3191,4.761904716491699,0,0,155853.20526123047,0,0,4112314368,0,380145664,0
200,1788375111288,3191,3191,0,0,0,155853.20526123047,0,0,4112314368,0,380145664,0
200,1788375111488,3191,3191,0,0,0,155853.20526123047,0,0,4112314368,0,380145664,0
200,1788375111688,3191,3191,0,0,0,155853.20526123047,0,0,4112314368,0,380145664,0
200,1788375111889,3191,3191,0,0,0,155853.20526123047,0,0,4112314368,0,380145664,0
200,1788375112089,3191,3191,0,0,0,155853.20526123047,0,0,4112314368,0,380145664,0
200,1788375112289,3191,3191,0,0,0,155853.20526123047,0,0,4112314368,0,380145664,0
200,1788375112489,3191,3191,0,0,0,155853.20526123047,0,0,4112314368,0,380145664,0
200,1788375112690,3191,3191,0,0,0,155853.20526123047,0,0,4112314368,0,380145664,0
200,1788375112890,3191,3191,0,0,0,155853.20526123047,0,0,4112314368,0,380145664,0
200,1788375113091,3191,3191,0,0,0,155853.20526123047,0,0,4112314368,0,380145664,0
200,1788375113291,3191,3191,0,0,0,155853.20526123047,0,0,4112314368,0,380145664,0
200,1788375113491,3191,3191,0,0,0,155853.20526123047,0,0,4112314368,0,380145664,0
200,1788375113692,3191,3191,0,0,0,155853.20526123047,0,0,4112314368,0,380145664,0
200,1788375113892,3191,3191,0,0,0,155853.20526123047,0,0,4112314368,0,380145664,0
200,1788375114092,3191,3191,0,0,0,155853.20526123047,0,0,4112314368,0,380145664,0
200,1788375114292,3191,3191,0,0,0,155853.20526123047,0,0,4112314368,0,380145664,0
200,1788375114493,3191,3191,0,0,0,155853.20526123047,0,0,4112314368,0,380145664,0
200,1788375114693,3191,3191,0,0,0,155853.20526123047,0,0,4112314368,0,380145664,0
200,1788375114893,3191,3191,0,0,0,155853.20526123047,0,0,4112314368,0,380145664,0
200,1788375115093,3191,3191,0,0,0,155853.20526123047,0,0,4112314368,0,380145664,0
200,1788375115293,3191,3191,0,0,0,155853.20526123047,0,0,4112314368,0,380145664,0
200,1788375115493,3191,3191,0,0,0,155853.20526123047,0,0,4112314368,0,380145664,0
200,1788375115694,3191,3191,0,0,0,155853.20526123047,0,0,4112314368,0,380145664,0
200,1788375115894,3191,3191,0,0,0,155853.20526123047,0,0,4112314368,0,380145664,0
200,1788375116094,3191,3191,0,0,0,155853.20526123047,0,0,4112314368,0,380145664,0
200,1788375116295,3191,3191,0,0,0,155853.20526123047,0,0,4112314368,0,380145664,0
200,1788375116495,3191,3191,0,0,0,155853.20526123047,0,0,4112314368,0,380145664,0
200,1788375116695,3191,3191,0,0,0,155853.20526123047,0,0,4112314368,0,380145664,0
200,1788375116896,3191,3191,0,0,0,155853.21801757813,0,0,4112314368,0,380145664,0
200,1788375117096,3191,3191,0,0,0,155853.21801757813,0,0,4112314368,0,380145664,0
200,1788375117296,3191,3191,0,0,0,155853.21801757813,0,0,4112314368,0,380145664,0
200,1788375117496,3191,3191,0,0,0,155853.21801757813,0,0,4112314368,0,380145664,0
200,1788375117696,3191,3191,0,0,0,155853.21801757813,0,0,4112314368,0,380145664,0
200,1788375117897,3191,3191,0,0,0,155853.2240600586,0,0,4112314368,0,380145664,0
200,1788375118097,3191,3191,0,0,0,155853.2240600586,0,0,4112314368,0,380145664,0
200,1788375118297,3191,3191,0,0,0,155853.2240600586,0,0,4112314368,0,380145664,0
200,1788375118498,3191,3191,0,0,0,155853.2240600586,0,0,4112314368,0,380145664,0
200,1788375118698,3191,3191,0,0,0,155853.2240600586,0,0,4112314368,0,380145664,0
200,1788375118898,3191,3191,0,0,0,155853.2240600586,0,0,4112314368,0,380145664,0
200,1788375119099,3191,3191,0,0,0,155853.2240600586,0,0,4112314368,0,380145664,0
200,1788375119299,3191,3191,0,0,0,155853.2240600586,0,0,4112314368,0,380145664,0
200,1788375119499,3191,3191,0,4.761904716491699,0,155853.2240600586,0,0,4112314368,0,380145664,0
200,1788375119700,3191,3191,0,0,0,155853.2240600586,0,0,4112314368,0,380145664,0
200,1788375119900,3191,3191,0,0,0,155853.2240600586,0,0,4112314368,0,380145664,0
200,1788375120100,3191,3191,0,0,0,155853.2240600586,0,0,4112314368,0,380145664,0
200,1788375120301,3191,3191,0,0,0,155853.2240600586,0,0,4112314368,0,380145664,0
200,1788375120501,3191,3191,0,0,0,155853.2240600586,0,0,4112314368,0,380145664,0
200,1788375120701,3191,3191,0,0,0,155853.2240600586,0,0,4112314368,0,380145664,0
200,1788375120901,3191,3191,0,0,0,155853.23010253906,0,0,4112314368,0,380145664,0
200,1788375121101,3191,3191,4.761904716491699,0,0,155853.23010253906,0,0,4112314368,0,380145664,0
200,1788375121302,3191,3191,0,0,0,155853.23010253906,0,0,4112314368,0,380145664,0
200,1788375121502,3191,3191,0,0,0,155853.23010253906,0,0,4112314368,0,380145664,0
200,1788375121703,3191,3191,0,0,0,155853.23010253906,0,0,4112314368,0,380145664,0
200,1788375121903,3191,3191,0,0,0,155853.23010253906,0,0,4112314368,0,380145664,0
200,1788375122103,3191,3191,0,0,0,155853.23010253906,0,0,4112314368,0,380145664,0
200,1788375122304,3191,3191,0,0,0,155853.23010253906,0,0,4112314368,0,380145664,0
200,1788375122504,3191,3191,0,0,0,155853.23010253906,0,0,4112314368,0,380145664,0
200,1788375122704,3191,3191,0,0,0,155853.23010253906,0,0,4112314368,0,380145664,0
200,1788375122904,3191,3191,0,0,0,155853.23010253906,0,0,4112314368,0,380145664,0
200,1788375123105,3191,3191,0,0,0,155853.23010253906,0,0,4112314368,0,380145664,0
200,1788375123305,3191,3191,0,0,0,155853.23010253906,0,0,4112314368,0,380145664,0
200,1788375123505,3191,3191,0,0,0,155853.23010253906,0,0,4112314368,0,380145664,0
200,1788375123705,3191,3191,0,0,0,155853.23010253906,0,0,4112314368,0,380145664,0
200,1788375123906,3191,3191,0,0,0,155853.23010253906,0,0,4112314368,0,380145664,0
200,1788375124106,3191,3191,0,0,0,155853.23010253906,0,0,4112314368,0,380145664,0
200,1788375124306,3191,3191,0,0,0,155853.23010253906,0,0,4112314368,0,380145664,0
200,1788375124507,3191,3191,0,0,0,155853.23010253906,0,0,4112314368,0,380145664,0
200,1788375124707,3191,3191,0,0,0,155853.23010253906,0,0,4112314368,0,380145664,0
200,1788375124908,3191,3191,0,0,0,155853.2491455078,0,0,4112314368,0,380145664,0
200,1788375125108,3191,3191,0,0,0,155853.2491455078,0,0,4112314368,0,380145664,0
200,1788375125308,3191,3191,0,0,0,155853.2491455078,0,0,4112314368,0,380145664,0
200,1788375125508,3191,3191,0,0,0,155853.2491455078,0,0,4112314368,0,380145664,0
200,1788375125709,3191,3191,0,0,0,155853.2491455078,0,0,4112314368,0,380145664,0
200,1788375125909,3191,3191,0,0,0,155853.2491455078,0,0,4112314368,0,380145664,0
200,1788375126109,3191,3191,0,0,0,155853.2491455078,0,0,4112314368,0,380145664,0
200,1788375126309,3191,3191,0,0,0,155853.2491455078,0,0,4112314368,0,380145664,0
200,1788375126509,3191,3191,0,0,0,155853.2491455078,0,0,4112314368,0,380145664,0
200,1788375126710,3191,3191,0,0,0,155853.2491455078,0,0,4112314368,0,380145664,0
200,1788375126910,3191,3191,0,0,0,155853.2491455078,0,0,4112314368,0,380145664,0
200,1788375127110,3191,3191,0,0,0,155853.2491455078,0,0,4112314368,0,380145664,0
200,1788375127311,3191,3191,0,0,0,155853.2491455078,0,0,4112314368,0,380145664,0
200,1788375127511,3191,3191,0,0,0,155853.2491455078,0,0,4112314368,0,380145664,0
200,1788375127712,3191,3191,4.761904716491699,0,0,155853.2491455078,0,0,4112314368,0,380145664,0
200,1788375127912,3191,3191,0,0,0,155853.2491455078,0,0,4112314368,0,380145664,0
200,1788375128112,3191,3191,0,0,0,155853.2491455078,0,0,4112314368,0,380145664,0
200,1788375128312,3191,3191,0,0,0,155853.2491455078,0,0,4112314368,0,380145664,0
200,1788375128513,3191,3191,0,0,0,155853.2491455078,0,0,4112314368,0,380145664,0
200,1788375128713,3191,3191,0,0,0,155853.2491455078,0,0,4112314368,0,380145664,0
200,1788375128913,3191,3191,0,0,0,155853.26110839844,0,0,4112314368,0,380145664,0
200,1788375129113,3191,3191,0,0,0,155853.26110839844,0,0,4112314368,0,380145664,0
200,1788375129314,3191,3191,0,0,0,155853.26110839844,0,0,4112314368,0,380145664,0
200,1788375129514,3191,3191,0,0,0,155853.26110839844,0,0,4112314368,0,380145664,0
200,1788375129714,3191,3191,0,0,0,155853.26110839844,0,0,4112314368,0,380145664,0
200,1788375129915,3191,3191,0,0,0,155853.26110839844,0,0,4112314368,0,380145664,0
200,1788375130115,3191,3191,0,0,0,155853.26110839844,0,0,4112314368,0,380145664,0
200,1788375130315,3191,3191,0,0,0,155853.26110839844,0,0,4112314368,0,380145664,0
200,1788375130516,3191,3191,0,0,0,155853.26110839844,0,0,4112314368,0,380145664,0
200,1788375130716,3191,3191,0,0,0,155853.26110839844,0,0,4112314368,0,380145664,0
200,1788375130916,3191,3191,0,0,0,155853.26110839844,0,0,4112314368,0,380145664,0
200,1788375131117,3191,3191,0,0,0,155853.26110839844,0,0,4112314368,0,380145664,0
200,1788375131317,3191,3191,0,0,0,155853.26110839844,0,0,4112314368,0,380145664,0
200,1788375131517,3191,3191,0,0,0,155853.26110839844,0,0,4112314368,0,380145664,0
200,1788375131717,3191,3191,0,0,0,155853.26110839844,0,0,4112314368,0,380145664,0
200,1788375131918,3191,3191,0,0,0,155853.26110839844,0,0,4112314368,0,380145664,0
200,1788375132118,3191,3191,0,0,0,155853.26110839844,0,0,4112314368,0,380145664,0
200,1788375132318,3191,3191,0,0,0,155853.26110839844,0,0,4112314368,0,380145664,0
200,1788375132519,3191,3191,0,0,0,155853.26110839844,0,0,4112314368,0,380145664,0
200,1788375132719,3191,3191,0,0,0,155853.26110839844,0,0,4112314368,0,380145664,0
200,1788375132920,3191,3191,4.761904716491699,0,0,155853.26708984375,0,0,4112314368,0,380145664,0
200,1788375133120,3191,3191,0,0,0,155853.26708984375,0,0,4112314368,0,380145664,0
200,1788375133320,3191,3191,0,0,0,155853.26708984375,0,0,4112314368,0,380145664,0
200,1788375133520,3191,3191,0,0,0,155853.26708984375,0,0,4112314368,0,380145664,0
200,1788375133721,3191,3191,0,0,0,155853.26708984375,0,0,4112314368,0,380145664,0
200,1788375133921,3191,3191,0,0,0,155853.26708984375,0,0,4112314368,0,380145664,0
200,1788375134121,3191,3191,0,0,0,155853.26708984375,0,0,4112314368,0,380145664,0
200,1788375134321,3191,3191,0,0,0,155853.26708984375,0,0,4112314368,0,380145664,0
200,1788375134522,3191,3191,0,0,0,155853.26708984375,0,0,4112314368,0,380145664,0
200,1788375134722,3191,3191,0,0,0,155853.26708984375,0,0,4112314368,0,380145664,0
200,1788375134922,3191,3191,0,0,0,155853.26708984375,0,0,4112314368,0,380145664,0
200,1788375135123,3191,3191,0,0,0,155853.26708984375,0,0,4112314368,0,380145664,0
200,1788375135323,3191,3191,0,0,0,155853.26708984375,0,0,4112314368,0,380145664,0
200,1788375135524,3191,3191,0,0,0,155853.26708984375,0,0,4112314368,0,380145664,0
200,1788375135724,3191,3191,0,0,0,155853.26708984375,0,0,4112314368,0,380145664,0
200,1788375135924,3191,3191,0,0,0,155853.28942871094,0,0,4112314368,0,380145664,0
200,1788375136124,3191,3191,5,0,0,155853.28942871094,0,0,4112314368,0,380145664,0
200,1788375136324,3191,3191,0,0,0,155853.28942871094,0,0,4112314368,0,380145664,0
200,1788375136524,3191,3191,0,0,0,155853.28942871094,0,0,4112314368,0,380145664,0
200,1788375136725,3191,3191,0,0,0,155853.28942871094,0,0,4112314368,0,380145664,0
200,1788375136925,3191,3191,0,0,0,155853.28942871094,0,0,4112314368,0,380145664,0
200,1788375137125,3191,3191,0,0,0,155853.28942871094,0,0,4112314368,0,380145664,0
200,1788375137326,3191,3191,0,0,0,155853.28942871094,0,0,4112314368,0,380145664,0
200,1788375137526,3191,3191,0,0,0,155853.28942871094,0,0,4112314368,0,380145664,0
200,1788375137726,3191,3191,0,0,0,155853.28942871094,0,0,4112314368,0,380145664,0
200,1788375137927,3191,3191,0,0,0,155853.28942871094,0,0,4112314368,0,380145664,0
200,1788375138127,3191,3191,0,0,0,155853.28942871094,0,0,4112314368,0,380145664,0
200,1788375138327,3191,3191,0,0,0,155853.28942871094,0,0,4112314368,0,380145664,0
200,1788375138527,3191,3191,0,0,0,155853.28942871094,0,0,4112314368,0,380145664,0
200,1788375138728,3191,3191,0,0,0,155853.28942871094,0,0,4112314368,0,380145664,0
200,1788375138928,3191,3191,0,0,0,155853.28942871094,0,0,4112314368,0,380145664,0
200,1788375139128,3191,3191,0,0,0,155853.28942871094,0,0,4112314368,0,380145664,0
200,1788375139328,3191,3191,0,0,0,155853.28942871094,0,0,4112314368,0,380145664,0
200,1788375139529,3191,3191,0,0,0,155853.28942871094,0,0,4112314368,0,380145664,0
200,1788375139729,3191,3191,0,0,0,155853.28942871094,0,0,4112314368,0,380145664,0
200,1788375139929,3191,3191,0,0,0,155853.2954711914,0,0,4112314368,0,380145664,0
200,1788375140129,3191,3191,0,0,0,155853.2954711914,0,0,4112314368,0,380145664,0
200,1788375140329,3191,3191,0,0,0,155853.2954711914,0,0,4112314368,0,380145664,0
200,1788375140529,3191,3191,0,0,0,155853.2954711914,0,0,4112314368,0,380145664,0
200,1788375140730,3191,3191,0,0,0,155853.2954711914,0,0,4112314368,0,380145664,0
200,1788375140930,3191,3191,0,0,0,155853.30145263672,0,0,4112314368,0,380145664,0
200,1788375141131,3191,3191,0,0,0,155853.30145263672,0,0,4112314368,0,380145664,0
200,1788375141331,3191,3191,0,0,0,155853.30145263672,0,0,4112314368,0,380145664,0
200,1788375141531,3191,3191,4.761904716491699,4.761904716491699,0,155853.30145263672,0,0,4112314368,0,380145664,0
200,1788375141732,3191,3191,0,0,0,155853.30145263672,0,0,4112314368,0,380145664,0
200,1788375141932,3191,3191,0,0,0,155853.30145263672,0,0,4112314368,0,380145664,0
200,1788375142132,3191,3191,0,0,0,155853.30145263672,0,0,4112314368,0,380145664,0
200,1788375142332,3191,3191,0,0,0,155853.30145263672,0,0,4112314368,0,380145664,0
200,1788375142533,3191,3191,0,0,0,155853.30145263672,0,0,4112314368,0,380145664,0
200,1788375142733,3191,3191,0,0,0,155853.30145263672,0,0,4112314368,0,380145664,0
200,1788375142933,3191,3191,0,0,0,155853.3074951172,0,0,4112314368,0,380145664,0
200,1788375143134,3191,3191,0,0,0,155853.3074951172,0,0,4112314368,0,380145664,0
200,1788375143334,3191,3191,0,0,0,155853.3074951172,0,0,4112314368,0,380145664,0
200,1788375143534,3191,3191,0,0,0,155853.3074951172,0,0,4112314368,0,380145664,0
200,1788375143734,3191,3191,0,0,0,155853.3074951172,0,0,4112314368,0,380145664,0
200,1788375143935,3191,3191,0,0,0,155853.3074951172,0,0,4112314368,0,380145664,0
200,1788375144135,3191,3191,0,0,0,155853.3074951172,0,0,4112314368,0,380145664,0
200,1788375144335,3191,3191,0,0,0,155853.3074951172,0,0,4112314368,0,380145664,0
200,1788375144536,3191,3191,0,0,0,155853.3074951172,0,0,4112314368,0,380145664,0
200,1788375144736,3191,3191,0,0,0,155853.3074951172,0,0,4112314368,0,380145664,0
200,1788375144936,3191,3191,0,0,0,155853.3074951172,0,0,4112314368,0,380145664,0
200,1788375145136,3191,3191,0,0,0,155853.3074951172,0,0,4112314368,0,380145664,0
200,1788375145337,3191,3191,0,0,0,155853.3074951172,0,0,4112314368,0,380145664,0
200,1788375145537,3191,3191,0,0,0,155853.3074951172,0,0,4112314368,0,380145664,0
200,1788375145737,3191,3191,0,0,0,155853.3074951172,0,0,4112314368,0,380145664,0
200,1788375145937,3191,3191,0,0,0,155853.3074951172,0,0,4112314368,0,380145664,0
200,1788375146137,3191,3191,0,0,0,155853.3074951172,0,0,4112314368,0,380145664,0
200,1788375146337,3191,3191,0,0,0,155853.3074951172,0,0,4112314368,0,380145664,0
200,1788375146538,3191,3191,0,0,0,155853.3074951172,0,0,4112314368,0,380145664,0
200,1788375146738,3191,3191,0,0,0,155853.3074951172,0,0,4112314368,0,380145664,0
200,1788375146938,3191,3191,0,0,0,155853.33178710938,0,0,4112314368,0,380145664,0
200,1788375147139,3191,3191,0,0,0,155853.33178710938,0,0,4112314368,0,380145664,0
200,1788375147339,3191,3191,0,0,0,155853.33178710938,0,0,4112314368,0,380145664,0
200,1788375147540,3191,3191,4.761904716491699,0,0,155853.33178710938,0,0,4112314368,0,380145664,0
200,1788375147740,3191,3191,0,0,0,155853.33178710938,0,0,4112314368,0,380145664,0
200,1788375147940,3191,3191,0,0,0,155853.33178710938,0,0,4112314368,0,380145664,0
200,1788375148140,3191,3191,0,0,0,155853.33178710938,0,0,4112314368,0,380145664,0
200,1788375148341,3191,3191,0,0,0,155853.33178710938,0,0,4112314368,0,380145664,0
200,1788375148541,3191,3191,0,0,0,155853.33178710938,0,0,4112314368,0,380145664,0
200,1788375148741,3191,3191,0,0,0,155853.33178710938,0,0,4112314368,0,380145664,0
200,1788375148942,3191,3191,0,0,0,155853.33178710938,0,0,4112314368,0,380145664,0
200,1788375149142,3191,3191,0,0,0,155853.33178710938,0,0,4112314368,0,380145664,0
200,1788375149342,3191,3191,0,0,0,155853.33178710938,0,0,4112314368,0,380145664,0
200,1788375149543,3191,3191,0,0,0,155853.33178710938,0,0,4112314368,0,380145664,0
200,1788375149743,3191,3191,0,0,0,155853.33178710938,0,0,4112314368,0,380145664,0
200,1788375149943,3191,3191,0,0,0,155853.337890625,0,0,4112314368,0,380145664,0
200,1788375150144,3191,3191,0,0,0,155853.337890625,0,0,4112314368,0,380145664,0
200,1788375150344,3191,3191,0,0,0,155853.337890625,0,0,4112314368,0,380145664,0
200,1788375150544,3191,3191,0,0,0,155853.337890625,0,0,4112314368,0,380145664,0
200,1788375150744,3191,3191,0,0,0,155853.337890625,0,0,4112314368,0,380145664,0
200,1788375150945,3191,3191,0,0,0,155853.35009765625,0,0,4112314368,0,380145664,0
200,1788375151145,3191,3191,0,0,0,155853.35009765625,0,0,4112314368,0,380145664,0
200,1788375151345,3191,3191,0,0,0,155853.35009765625,0,0,4112314368,0,380145664,0
200,1788375151545,3191,3191,0,0,0,155853.35009765625,0,0,4112314368,0,380145664,0
200,1788375151746,3191,3191,0,0,0,155853.35009765625,0,0,4112314368,0,380145664,0
200,1788375151946,3191,3191,0,0,0,155853.35009765625,0,0,4112314368,0,380145664,0
200,1788375152146,3191,3191,0,0,0,155853.35009765625,0,0,4112314368,0,380145664,0
200,1788375152347,3191,3191,0,0,0,155853.35009765625,0,0,4112314368,0,380145664,0
200,1788375152547,3191,3191,0,0,0,155853.35009765625,0,0,4112314368,0,380145664,0
200,1788375152748,3191,3191,0,0,0,155853.35009765625,0,0,4112314368,0,380145664,0
200,1788375152948,3191,3191,0,0,0,155853.35009765625,0,0,4112314368,0,380145664,0
200,1788375153148,3191,3191,0,0,0,155853.35009765625,0,0,4112314368,0,380145664,0
200,1788375153348,3191,3191,0,0,0,155853.35009765625,0,0,4112314368,0,380145664,0
200,1788375153549,3191,3191,0,0,0,155853.35009765625,0,0,4112314368,0,380145664,0
200,1788375153749,3191,3191,0,0,0,155853.35009765625,0,0,4112314368,0,380145664,0
200,1788375153949,3191,3191,0,0,0,155853.35815429688,0,0,4112314368,0,380145664,0
200,1788375154149,3191,3191,0,0,0,155853.35815429688,0,0,4112314368,0,380145664,0
200,1788375154349,3191,3191,0,0,0,155853.35815429688,0,0,4112314368,0,380145664,0
200,1788375154550,3191,3191,0,0,0,155853.35815429688,0,0,4112314368,0,380145664,0
200,1788375154750,3191,3191,0,0,0,155853.35815429688,0,0,4112314368,0,380145664,0
200,1788375154950,3191,3191,0,0,0,155853.35815429688,0,0,4112314368,0,380145664,0
200,1788375155151,3191,3191,0,0,0,155853.35815429688,0,0,4112314368,0,380145664,0
200,1788375155351,3191,3191,0,0,0,155853.35815429688,0,0,4112314368,0,380145664,0
200,1788375155551,3191,3191,0,0,0,155853.35815429688,0,0,4112314368,0,380145664,0
200,1788375155751,3191,3191,4.761904716491699,0,0,155853.35815429688,0,0,4112314368,0,380145664,0
200,1788375155952,3191,3191,0,0,0,155853.35815429688,0,0,4112314368,0,380145664,0
200,1788375156152,3191,3191,0,0,0,155853.35815429688,0,0,4112314368,0,380145664,0
200,1788375156352,3191,3191,0,0,0,155853.35815429688,0,0,4112314368,0,380145664,0
200,1788375156552,3191,3191,0,0,0,155853.35815429688,0,0,4112314368,0,380145664,0
200,1788375156753,3191,3191,0,0,0,155853.35815429688,0,0,4112314368,0,380145664,0
200,1788375156953,3191,3191,0,0,0,155853.35815429688,0,0,4112314368,0,380145664,0
200,1788375157153,3191,3191,0,0,0,155853.35815429688,0,0,4112314368,0,380145664,0
200,1788375157353,3191,3191,0,0,0,155853.35815429688,0,0,4112314368,0,380145664,0
200,1788375157554,3191,3191,0,0,0,155853.35815429688,0,0,4112314368,0,380145664,0
200,1788375157754,3191,3191,0,0,0,155853.35815429688,0,0,4112314368,0,380145664,0
200,1788375157954,3191,3191,0,0,0,155853.37036132813,0,0,4112314368,0,380145664,0
200,1788375158155,3191,3191,0,0,0,155853.37036132813,0,0,4112314368,0,380145664,0
200,1788375158355,3191,3191,0,0,0,155853.37036132813,0,0,4112314368,0,380145664,0
200,1788375158556,3191,3191,4.761904716491699,0,0,155853.37036132813,0,0,4112314368,0,380145664,0
200,1788375158756,3191,3191,0,0,0,155853.37036132813,0,0,4112314368,0,380145664,0
200,1788375158956,3191,3191,0,0,0,155853.37036132813,0,0,4112314368,0,380145664,0
200,1788375159156,3191,3191,0,0,0,155853.37036132813,0,0,4112314368,0,380145664,0
200,1788375159357,3191,3191,0,0,0,155853.37036132813,0,0,4112314368,0,380145664,0
200,1788375159557,3191,3191,0,0,0,155853.37036132813,0,0,4112314368,0,380145664,0
200,1788375159757,3191,3191,0,0,0,155853.37036132813,0,0,4112314368,0,380145664,0
200,1788375159958,3191,3191,0,0,0,155853.37036132813,0,0,4112314368,0,380145664,0
200,1788375160158,3191,3191,0,0,0,155853.37036132813,0,0,4112314368,0,380145664,0
200,1788375160358,3191,3191,0,0,0,155853.37036132813,0,0,4112314368,0,380145664,0
200,1788375160559,3191,3191,0,0,0,155853.37036132813,0,0,4112314368,0,380145664,0
200,1788375160759,3191,3191,0,0,0,155853.37036132813,0,0,4112314368,0,380145664,0
200,1788375160959,3191,3191,0,0,0,155853.37670898438,0,0,4112314368,0,380145664,0
200,1788375161159,3191,3191,0,0,0,155853.37670898438,0,0,4112314368,0,380145664,0
200,1788375161360,3191,3191,0,0,0,155853.37670898438,0,0,4112314368,0,380145664,0
200,1788375161560,3191,3191,0,0,0,155853.37670898438,0,0,4112314368,0,380145664,0
200,1788375161760,3191,3191,0,0,0,155853.37670898438,0,0,4112314368,0,380145664,0
200,1788375161961,3191,3191,0,0,0,155853.37670898438,0,0,4112314368,0,380145664,0
200,1788375162161,3191,3191,0,0,0,155853.37670898438,0,0,4112314368,0,380145664,0
200,1788375162361,3191,3191,0,0,0,155853.37670898438,0,0,4112314368,0,380145664,0
200,1788375162561,3191,3191,0,0,0,155853.37670898438,0,0,4112314368,0,380145664,0
200,1788375162762,3191,3191,0,0,0,155853.37670898438,0,0,4112314368,0,380145664,0
200,1788375162962,3191,3191,0,0,0,155853.37670898438,0,0,4112314368,0,380145664,0
200,1788375163162,3191,3191,0,0,0,155853.37670898438,0,0,4112314368,0,380145664,0
200,1788375163363,3191,3191,0,0,0,155853.37670898438,0,0,4112314368,0,380145664,0
200,1788375163563,3191,3191,0,0,0,155853.37670898438,0,0,4112314368,0,380145664,0
200,1788375163763,3191,3191,0,0,0,155853.37670898438,0,0,4112314368,0,380145664,0
200,1788375163964,3191,3191,0,0,0,155853.3846435547,0,0,4112314368,0,380145664,0
200,1788375164164,3191,3191,0,0,0,155853.3846435547,0,0,4112314368,0,380145664,0
200,1788375164364,3191,3191,0,0,0,155853.3846435547,0,0,4112314368,0,380145664,0
200,1788375164564,3191,3191,0,0,0,155853.3846435547,0,0,4112314368,0,380145664,0
200,1788375164765,3191,3191,0,0,0,155853.3846435547,0,0,4112314368,0,380145664,0
200,1788375164965,3191,3191,0,0,0,155853.3846435547,0,0,4112314368,0,380145664,0
200,1788375165165,3191,3191,0,0,0,155853.3846435547,0,0,4112314368,0,380145664,0
200,1788375165366,3191,3191,0,0,0,155853.3846435547,0,0,4112314368,0,380145664,0
200,1788375165566,3191,3191,0,0,0,155853.3846435547,0,0,4112314368,0,380145664,0
200,1788375165766,3191,3191,0,0,0,155853.3846435547,0,0,4112314368,0,380145664,0
200,1788375165966,3191,3191,0,0,0,155853.3846435547,0,0,4112314368,0,380145664,0
200,1788375166167,3191,3191,0,0,0,155853.3846435547,0,0,4112314368,0,380145664,0
200,1788375166367,3191,3191,0,0,0,155853.3846435547,0,0,4112314368,0,380145664,0
200,1788375166567,3191,3191,0,0,0,155853.3846435547,0,0,4112314368,0,380145664,0
200,1788375166767,3191,3191,0,0,0,155853.3846435547,0,0,4112314368,0,380145664,0
200,1788375166968,3191,3191,0,0,0,155853.3846435547,0,0,4112314368,0,380145664,0
200,1788375167168,3191,3191,0,0,0,155853.3846435547,0,0,4112314368,0,380145664,0
200,1788375167368,3191,3191,0,0,0,155853.3846435547,0,0,4112314368,0,380145664,0
200,1788375167568,3191,3191,0,0,0,155853.3846435547,0,0,4112314368,0,380145664,0
200,1788375167769,3191,3191,0,0,0,155853.3846435547,0,0,4112314368,0,380145664,0
200,1788375167969,3191,3191,0,0,0,155853.39685058594,0,0,4112314368,0,380145664,0
200,1788375168169,3191,3191,0,0,0,155853.39685058594,0,0,4112314368,0,380145664,0
200,1788375168370,3191,3191,0,0,0,155853.39685058594,0,0,4112314368,0,380145664,0
200,1788375168570,3191,3191,0,0,0,155853.39685058594,0,0,4112314368,0,380145664,0
200,1788375168770,3191,3191,0,0,0,155853.39685058594,0,0,4112314368,0,380145664,0
200,1788375168971,3191,3191,0,0,0,155853.39685058594,0,0,4112314368,0,380145664,0
200,1788375169171,3191,3191,0,0,0,155853.39685058594,0,0,4112314368,0,380145664,0
200,1788375169371,3191,3191,0,0,0,155853.39685058594,0,0,4112314368,0,379936768,0
200,1788375169572,3191,3191,4.761904716491699,0,0,155853.39685058594,0,0,4112314368,0,379887616,0
200,1788375169772,3191,3191,0,0,0,155853.39685058594,0,0,4112314368,0,379887616,0
200,1788375169972,3191,3191,0,0,0,155853.40301513672,0,0,4112314368,0,379887616,0
200,1788375170173,3191,3191,0,0,0,155853.40301513672,0,0,4112314368,0,379887616,0
200,1788375170373,3191,3191,0,0,0,155853.40301513672,0,0,4112314368,0,379879424,0
200,1788375170573,3191,3191,0,0,0,155853.40301513672,0,0,4112314368,0,379879424,0
200,1788375170773,3191,3191,0,0,0,155853.40301513672,0,0,4112314368,0,379879424,0
200,1788375170974,3191,3191,0,0,0,155853.40301513672,0,0,4112314368,0,379879424,0
200,1788375171174,3191,3191,0,0,0,155853.40301513672,0,0,4112314368,0,379879424,0
200,1788375171374,3191,3191,0,0,0,155853.40301513672,0,0,4112314368,0,379879424,0
200,1788375171575,3191,3191,0,0,0,155853.40301513672,0,0,4112314368,0,379879424,0
200,1788375171775,3191,3191,0,0,0,155853.40301513672,0,0,4112314368,0,379879424,0
200,1788375171975,3191,3191,4.761904716491699,0,0,155853.40979003906,0,0,4112314368,0,379879424,0
200,1788375172176,3191,3191,0,0,0,155853.40979003906,0,0,4112314368,0,379879424,0
200,1788375172376,3191,3191,0,0,0,155853.40979003906,0,0,4112314368,0,379879424,0
200,1788375172576,3191,3191,0,0,0,155853.40979003906,0,0,4112314368,0,379879424,0
200,1788375172776,3191,3191,0,0,0,155853.40979003906,0,0,4112314368,0,379879424,0
200,1788375172977,3191,3191,0,0,0,155853.4158935547,0,0,4112314368,0,379879424,0
200,1788375173177,3191,3191,0,0,0,155853.4158935547,0,0,4112314368,0,379879424,0
200,1788375173377,3191,3191,0,0,0,155853.4158935547,0,0,4112314368,0,379879424,0
200,1788375173577,3191,3191,0,0,0,155853.4158935547,0,0,4112314368,0,379879424,0
200,1788375173777,3191,3191,0,0,0,155853.4158935547,0,0,4112314368,0,379879424,0
200,1788375173978,3191,3191,0,0,0,155853.4158935547,0,0,4112314368,0,379879424,0
200,1788375174178,3191,3191,0,0,0,155853.4158935547,0,0,4112314368,0,379879424,0
200,1788375174379,3191,3191,0,0,0,155853.4158935547,0,0,4112314368,0,379879424,0
200,1788375174579,3191,3191,0,0,0,155853.4158935547,0,0,4112314368,0,379879424,0
200,1788375174779,3191,3191,0,0,0,155853.4158935547,0,0,4112314368,0,379879424,0
200,1788375174980,3191,3191,0,0,0,155853.4158935547,0,0,4112314368,0,379879424,0
200,1788375175180,3191,3191,0,0,0,155853.4158935547,0,0,4112314368,0,379879424,0
200,1788375175380,3191,3191,0,0,0,155853.4158935547,0,0,4112314368,0,379879424,0
200,1788375175580,3191,3191,0,0,0,155853.4158935547,0,0,4112314368,0,379879424,0
200,1788375175781,3191,3191,0,0,0,155853.4158935547,0,0,4112314368,0,379879424,0
200,1788375175981,3191,3191,0,0,0,155853.4307861328,0,0,4112314368,0,379879424,0
200,1788375176181,3191,3191,0,0,0,155853.4307861328,0,0,4112314368,0,379879424,0
200,1788375176381,3191,3191,0,0,0,155853.4307861328,0,0,4112314368,0,379879424,0
200,1788375176581,3191,3191,0,0,0,155853.4307861328,0,0,4112314368,0,379879424,0
200,1788375176781,3191,3191,0,0,0,155853.4307861328,0,0,4112314368,0,379879424,0
200,1788375176981,3191,3191,0,0,0,155853.4307861328,0,0,4112314368,0,379879424,0
200,1788375177182,3191,3191,0,0,0,155853.4307861328,0,0,4112314368,0,379879424,0
200,1788375177382,3191,3191,0,0,0,155853.4307861328,0,0,4112314368,0,379879424,0
200,1788375177582,3191,3191,0,0,0,155853.4307861328,0,0,4112314368,0,379879424,0
200,1788375177783,3191,3191,0,0,0,155853.4307861328,0,0,4112314368,0,379879424,0
200,1788375177983,3191,3191,0,0,0,155853.4307861328,0,0,4112314368,0,379879424,0
200,1788375178183,3191,3191,0,0,0,155853.4307861328,0,0,4112314368,0,379879424,0
200,1788375178384,3191,3191,0,0,0,155853.4307861328,0,0,4112314368,0,379879424,0
200,1788375178584,3191,3191,0,0,0,155853.4307861328,0,0,4112314368,0,379879424,0
200,1788375178784,3191,3191,0,0,0,155853.4307861328,0,0,4112314368,0,379879424,0
200,1788375178985,3191,3191,0,0,0,155853.4307861328,0,0,4112314368,0,379879424,0
200,1788375179185,3191,3191,0,0,0,155853.4307861328,0,0,4112314368,0,379879424,0
200,1788375179385,3191,3191,0,0,0,155853.4307861328,0,0,4112314368,0,379879424,0
200,1788375179586,3191,3191,0,0,0,155853.4307861328,0,0,4112314368,0,379879424,0
200,1788375179786,3191,3191,0,0,0,155853.4307861328,0,0,4112314368,0,379879424,0
200,1788375179986,3191,3191,0,0,0,155853.43688964844,0,0,4112314368,0,379879424,0
200,1788375180187,3191,3191,0,0,0,155853.43688964844,0,0,4112314368,0,379879424,0
200,1788375180387,3191,3191,0,0,0,155853.43688964844,0,0,4112314368,0,379879424,0
200,1788375180587,3191,3191,4.761904716491699,0,0,155853.43688964844,0,0,4112314368,0,379879424,0
200,1788375180788,3191,3191,0,0,0,155853.43688964844,0,0,4112314368,0,379879424,0
200,1788375180988,3191,3191,0,0,0,155853.43688964844,0,0,4112314368,0,379879424,0
200,1788375181188,3191,3191,0,0,0,155853.43688964844,0,0,4112314368,0,379879424,0
200,1788375181389,3191,3191,0,0,0,155853.43688964844,0,0,4112314368,0,379879424,0
200,1788375181589,3191,3191,0,0,0,155853.43688964844,0,0,4112314368,0,379879424,0
200,1788375181789,3191,3191,0,0,0,155853.43688964844,0,0,4112314368,0,379879424,0
200,1788375181989,3191,3191,0,0,0,155853.43688964844,0,0,4112314368,0,379879424,0
200,1788375182189,3191,3191,0,0,0,155853.43688964844,0,0,4112314368,0,379879424,0
200,1788375182389,3191,3191,0,0,0,155853.43688964844,0,0,4112314368,0,379879424,0
200,1788375182590,3191,3191,0,0,0,155853.43688964844,0,0,4112314368,0,379879424,0
200,1788375182790,3191,3191,0,0,0,155853.43688964844,0,0,4112314368,0,379879424,0
200,1788375182990,3191,3191,0,0,0,155853.44360351563,0,0,4112314368,0,379879424,0
200,1788375183191,3191,3191,0,0,0,155853.44360351563,0,0,4112314368,0,379879424,0
200,1788375183391,3191,3191,0,0,0,155853.44360351563,0,0,4112314368,0,379879424,0
200,1788375183591,3191,3191,0,0,0,155853.44360351563,0,0,4112314368,0,379879424,0
200,1788375183792,3191,3191,0,0,0,155853.44360351563,0,0,4112314368,0,379879424,0
200,1788375183992,3191,3191,0,0,0,155853.44360351563,0,0,4112314368,0,379879424,0
200,1788375184192,3191,3191,0,0,0,155853.44360351563,0,0,4112314368,0,379879424,0
200,1788375184392,3191,3191,0,0,0,155853.44360351563,0,0,4112314368,0,379879424,0
200,1788375184593,3191,3191,0,0,0,155853.44360351563,0,0,4112314368,0,379879424,0
200,1788375184793,3191,3191,0,0,0,155853.44360351563,0,0,4112314368,0,379879424,0
200,1788375184993,3191,3191,0,0,0,155853.44360351563,0,0,4112314368,0,379879424,0
200,1788375185193,3191,3191,0,0,0,155853.44360351563,0,0,4112314368,0,379879424,0
200,1788375185394,3191,3191,0,0,0,155853.44360351563,0,0,4112314368,0,379879424,0
200,1788375185594,3191,3191,0,0,0,155853.44360351563,0,0,4112314368,0,379879424,0
200,1788375185794,3191,3191,0,0,0,155853.44360351563,0,0,4112314368,0,379879424,0
200,1788375185994,3191,3191,0,0,0,155853.46520996094,0,0,4112314368,0,379879424,0
200,1788375186194,3191,3191,0,0,0,155853.46520996094,0,0,4112314368,0,379879424,0
200,1788375186395,3191,3191,0,0,0,155853.46520996094,0,0,4112314368,0,379879424,0
200,1788375186595,3191,3191,0,0,0,155853.46520996094,0,0,4112314368,0,379879424,0
200,1788375186795,3191,3191,0,0,0,155853.46520996094,0,0,4112314368,0,379879424,0
200,1788375186996,3191,3191,0,0,0,155853.46520996094,0,0,4112314368,0,379879424,0
200,1788375187196,3191,3191,0,0,0,155853.46520996094,0,0,4112314368,0,379879424,0
200,1788375187396,3191,3191,0,0,0,155853.46520996094,0,0,4112314368,0,379879424,0
200,1788375187596,3191,3191,0,0,0,155853.46520996094,0,0,4112314368,0,379879424,0
200,1788375187796,3191,3191,0,0,0,155853.46520996094,0,0,4112314368,0,379879424,0
200,1788375187997,3191,3191,0,0,0,155853.46520996094,0,0,4112314368,0,379879424,0
200,1788375188197,3191,3191,0,0,0,155853.46520996094,0,0,4112314368,0,379879424,0
200,1788375188397,3191,3191,0,0,0,155853.46520996094,0,0,4112314368,0,379879424,0
200,1788375188598,3191,3191,0,0,0,155853.46520996094,0,0,4112314368,0,379879424,0
200,1788375188798,3191,3191,0,0,0,155853.46520996094,0,0,4112314368,0,379879424,0
200,1788375188998,3191,3191,0,0,0,155853.4712524414,0,0,4112314368,0,379879424,0
200,1788375189198,3191,3191,0,0,0,155853.4712524414,0,0,4112314368,0,379879424,0
200,1788375189399,3191,3191,0,0,0,155853.4712524414,0,0,4112314368,0,379879424,0
200,1788375189599,3191,3191,0,0,0,155853.4712524414,0,0,4112314368,0,379879424,0
200,1788375189799,3191,3191,4.761904716491699,0,0,155853.4712524414,0,0,4112314368,0,379879424,0
200,1788375190000,3191,3191,0,0,0,155853.4712524414,0,0,4112314368,0,379879424,0
200,1788375190200,3191,3191,0,0,0,155853.4712524414,0,0,4112314368,0,379879424,0
200,1788375190400,3191,3191,0,0,0,155853.4712524414,0,0,4112314368,0,379879424,0
200,1788375190601,3191,3191,0,0,0,155853.4712524414,0,0,4112314368,0,379879424,0
200,1788375190801,3191,3191,0,0,0,155853.4712524414,0,0,4112314368,0,379879424,0
200,1788375191001,3191,3191,0,0,0,155853.4712524414,0,0,4112314368,0,379879424,0
200,1788375191201,3191,3191,0,0,0,155853.4712524414,0,0,4112314368,0,379879424,0
200,1788375191401,3191,3191,0,0,0,155853.4712524414,0,0,4112314368,0,379879424,0
200,1788375191601,3191,3191,0,0,0,155853.4712524414,0,0,4112314368,0,379879424,0
200,1788375191802,3191,3191,0,0,0,155853.4712524414,0,0,4112314368,0,379879424,0
200,1788375192002,3191,3191,0,0,0,155853.48400878906,0,0,4112314368,0,379879424,0
200,1788375192202,3191,3191,0,0,0,155853.48400878906,0,0,4112314368,0,379879424,0
200,1788375192403,3191,3191,0,0,0,155853.48400878906,0,0,4112314368,0,379879424,0
200,1788375192603,3191,3191,0,0,0,155853.48400878906,0,0,4112314368,0,379879424,0
200,1788375192803,3191,3191,4.761904716491699,0,0,155853.48400878906,0,0,4112314368,0,379879424,0
200,1788375193004,3191,3191,0,0,0,155853.49017333984,0,0,4112314368,0,379879424,0
200,1788375193204,3191,3191,0,0,0,155853.49017333984,0,0,4112314368,0,379879424,0
200,1788375193404,3191,3191,0,0,0,155853.49017333984,0,0,4112314368,0,379879424,0
200,1788375193604,3191,3191,0,0,0,155853.49017333984,0,0,4112314368,0,379879424,0
200,1788375193804,3191,3191,0,0,0,155853.49017333984,0,0,4112314368,0,379879424,0
200,1788375194005,3191,3191,0,0,0,155853.49017333984,0,0,4112314368,0,379879424,0
200,1788375194205,3191,3191,0,0,0,155853.49017333984,0,0,4112314368,0,379879424,0
200,1788375194405,3191,3191,0,0,0,155853.49017333984,0,0,4112314368,0,379879424,0
200,1788375194605,3191,3191,0,0,0,155853.49017333984,0,0,4112314368,0,379879424,0
200,1788375194805,3191,3191,0,0,0,155853.49017333984,0,0,4112314368,0,379879424,0
200,1788375195005,3191,3191,0,0,0,155853.49017333984,0,0,4112314368,0,379879424,0
200,1788375195206,3191,3191,0,0,0,155853.49017333984,0,0,4112314368,0,379879424,0
200,1788375195406,3191,3191,0,0,0,155853.49017333984,0,0,4112314368,0,379879424,0
200,1788375195606,3191,3191,0,0,0,155853.49017333984,0,0,4112314368,0,379879424,0
200,1788375195806,3191,3191,0,0,0,155853.49017333984,0,0,4112314368,0,379879424,0
200,1788375196006,3191,3191,0,0,0,155853.50750732422,0,0,4112314368,0,379879424,0
200,1788375196207,3191,3191,0,0,0,155853.50750732422,0,0,4112314368,0,379879424,0
200,1788375196407,3191,3191,0,0,0,155853.50750732422,0,0,4112314368,0,379879424,0
200,1788375196608,3191,3191,0,0,0,155853.50750732422,0,0,4112314368,0,379879424,0
200,1788375196808,3191,3191,0,0,0,155853.50750732422,0,0,4112314368,0,379879424,0
200,1788375197008,3191,3191,0,0,0,155853.50750732422,0,0,4112314368,0,379879424,0
200,1788375197208,3191,3191,0,0,0,155853.50750732422,0,0,4112314368,0,379879424,0
200,1788375197409,3191,3191,0,0,0,155853.50750732422,0,0,4112314368,0,379879424,0
200,1788375197609,3191,3191,0,0,0,155853.50750732422,0,0,4112314368,0,379879424,0
200,1788375197809,3191,3191,0,0,0,155853.50750732422,0,0,4112314368,0,379879424,0
200,1788375198010,3191,3191,0,0,0,155853.50750732422,0,0,4112314368,0,379879424,0
200,1788375198210,3191,3191,0,0,0,155853.50750732422,0,0,4112314368,0,379879424,0
200,1788375198410,3191,3191,0,0,0,155853.50750732422,0,0,4112314368,0,379879424,0
200,1788375198611,3191,3191,0,0,0,155853.50750732422,0,0,4112314368,0,379879424,0
200,1788375198811,3191,3191,0,0,0,155853.50750732422,0,0,4112314368,0,379879424,0
200,1788375199011,3191,3191,0,0,0,155853.50750732422,0,0,4112314368,0,379879424,0
200,1788375199212,3191,3191,0,0,0,155853.50750732422,0,0,4112314368,0,379879424,0
200,1788375199412,3191,3191,0,0,0,155853.50750732422,0,0,4112314368,0,379879424,0
200,1788375199612,3191,3191,0,0,0,155853.50750732422,0,0,4112314368,0,379879424,0
200,1788375199813,3191,3191,0,0,0,155853.50750732422,0,0,4112314368,0,379879424,0
200,1788375200013,3191,3191,0,0,0,155853.5196533203,0,0,4112314368,0,379879424,0
200,1788375200213,3191,3191,0,0,0,155853.5196533203,0,0,4112314368,0,379879424,0
200,1788375200413,3191,3191,0,0,0,155853.5196533203,0,0,4112314368,0,379879424,0
200,1788375200613,3191,3191,0,0,0,155853.5196533203,0,0,4112314368,0,379879424,0
200,1788375200813,3191,3191,0,0,0,155853.5196533203,0,0,4112314368,0,379879424,0
200,1788375201014,3191,3191,0,0,0,155853.5196533203,0,0,4112314368,0,379879424,0
200,1788375201214,3191,3191,0,4.761904716491699,0,155853.5196533203,0,0,4112314368,0,379879424,0
200,1788375201414,3191,3191,0,0,0,155853.5196533203,0,0,4112314368,0,379879424,0
200,1788375201615,3191,3191,0,0,0,155853.5196533203,0,0,4112314368,0,379879424,0
200,1788375201815,3191,3191,0,0,0,155853.5196533203,0,0,4112314368,0,379879424,0
200,1788375202015,3191,3191,0,0,0,155853.5196533203,0,0,4112314368,0,379879424,0
200,1788375202216,3191,3191,0,0,0,155853.5196533203,0,0,4112314368,0,379879424,0
200,1788375202416,3191,3191,0,0,0,155853.5196533203,0,0,4112314368,0,379879424,0
200,1788375202616,3191,3191,0,0,0,155853.5196533203,0,0,4112314368,0,379879424,0
199,1788375202817,3191,3191,0,0,0,155853.5196533203,0,0,4112314368,0,379879424,0
200,1788375203017,3191,3191,0,0,0,155853.52569580078,0,0,4112314368,0,379879424,0
200,1788375203217,3191,3191,0,0,0,155853.52569580078,0,0,4112314368,0,379879424,0
200,1788375203417,3191,3191,0,0,0,155853.52569580078,0,0,4112314368,0,379879424,0
200,1788375203618,3191,3191,0,0,0,155853.52569580078,0,0,4112314368,0,379879424,0
200,1788375203818,3191,3191,0,0,0,155853.52569580078,0,0,4112314368,0,379879424,0
200,1788375204018,3191,3191,0,0,0,155853.5415649414,0,0,4112314368,0,379879424,0
200,1788375204219,3191,3191,0,0,0,155853.5415649414,0,0,4112314368,0,379879424,0
200,1788375204419,3191,3191,0,0,0,155853.5415649414,0,0,4112314368,0,379879424,0
200,1788375204619,3191,3191,4.761904716491699,0,0,155853.5415649414,0,0,4112314368,0,379879424,0
200,1788375204820,3191,3191,0,0,0,155853.5415649414,0,0,4112314368,0,379879424,0
200,1788375205020,3191,3191,0,0,0,155853.5415649414,0,0,4112314368,0,379879424,0
200,1788375205220,3191,3191,0,0,0,155853.5415649414,0,0,4112314368,0,379879424,0
200,1788375205420,3191,3191,0,0,0,155853.5415649414,0,0,4112314368,0,379879424,0
200,1788375205621,3191,3191,0,0,0,155853.5415649414,0,0,4112314368,0,379879424,0
200,1788375205821,3191,3191,0,0,0,155853.5415649414,0,0,4112314368,0,379879424,0
200,1788375206021,3191,3191,0,0,0,155853.56146240234,0,0,4112314368,0,379879424,0
200,1788375206221,3191,3191,0,0,0,155853.56146240234,0,0,4112314368,0,379879424,0
200,1788375206422,3191,3191,0,0,0,155853.56146240234,0,0,4112314368,0,379879424,0
200,1788375206622,3191,3191,0,0,0,155853.56146240234,0,0,4112314368,0,379879424,0
200,1788375206822,3191,3191,0,0,0,155853.56146240234,0,0,4112314368,0,379879424,0
200,1788375207022,3191,3191,0,0,0,155853.56146240234,0,0,4112314368,0,379879424,0
200,1788375207223,3191,3191,0,0,0,155853.56146240234,0,0,4112314368,0,379879424,0
200,1788375207423,3191,3191,0,0,0,155853.56146240234,0,0,4112314368,0,379879424,0
200,1788375207623,3191,3191,0,0,0,155853.56146240234,0,0,4112314368,0,379879424,0
200,1788375207824,3191,3191,0,0,0,155853.56146240234,0,0,4112314368,0,379879424,0
200,1788375208024,3191,3191,0,0,0,155853.56146240234,0,0,4112314368,0,379879424,0
200,1788375208224,3191,3191,0,0,0,155853.56146240234,0,0,4112314368,0,379879424,0
200,1788375208425,3191,3191,0,0,0,155853.56146240234,0,0,4112314368,0,379879424,0
200,1788375208625,3191,3191,0,0,0,155853.56146240234,0,0,4112314368,0,379879424,0
200,1788375208825,3191,3191,0,0,0,155853.56146240234,0,0,4112314368,0,379879424,0
200,1788375209026,3191,3191,0,0,0,155853.56146240234,0,0,4112314368,0,379879424,0
200,1788375209226,3191,3191,0,0,0,155853.56146240234,0,0,4112314368,0,379879424,0
200,1788375209426,3191,3191,0,0,0,155853.56146240234,0,0,4112314368,0,379879424,0
200,1788375209626,3191,3191,0,0,0,155853.56146240234,0,0,4112314368,0,379879424,0
200,1788375209827,3191,3191,0,0,0,155853.56146240234,0,0,4112314368,0,379879424,0
200,1788375210027,3191,3191,0,0,0,155853.56756591797,0,0,4112314368,0,379879424,0
200,1788375210227,3191,3191,0,0,0,155853.56756591797,0,0,4112314368,0,379879424,0
200,1788375210428,3191,3191,0,0,0,155853.56756591797,0,0,4112314368,0,379879424,0
200,1788375210628,3191,3191,0,0,0,155853.56756591797,0,0,4112314368,0,379879424,0
200,1788375210828,3191,3191,0,0,0,155853.56756591797,0,0,4112314368,0,379879424,0
200,1788375211029,3191,3191,0,0,0,155853.56756591797,0,0,4112314368,0,379879424,0
200,1788375211229,3191,3191,0,0,0,155853.56756591797,0,0,4112314368,0,379879424,0
200,1788375211429,3191,3191,0,0,0,155853.56756591797,0,0,4112314368,0,379879424,0
200,1788375211629,3191,3191,0,0,0,155853.56756591797,0,0,4112314368,0,379879424,0
200,1788375211829,3191,3191,0,0,0,155853.56756591797,0,0,4112314368,0,379879424,0
200,1788375212029,3191,3191,0,0,0,155853.56756591797,0,0,4112314368,0,379879424,0
200,1788375212230,3191,3191,0,0,0,155853.56756591797,0,0,4112314368,0,379879424,0
200,1788375212430,3191,3191,0,0,0,155853.56756591797,0,0,4112314368,0,379879424,0
200,1788375212630,3191,3191,0,0,0,155853.56756591797,0,0,4112314368,0,379879424,0
200,1788375212831,3191,3191,0,0,0,155853.56756591797,0,0,4112314368,0,379879424,0
200,1788375213031,3191,3191,0,0,0,155853.57354736328,0,0,4112314368,0,379879424,0
200,1788375213231,3191,3191,0,0,0,155853.57354736328,0,0,4112314368,0,379879424,0
200,1788375213432,3191,3191,0,0,0,155853.57354736328,0,0,4112314368,0,379879424,0
200,1788375213632,3191,3191,0,0,0,155853.57354736328,0,0,4112314368,0,379879424,0
200,1788375213832,3191,3191,0,0,0,155853.57354736328,0,0,4112314368,0,379879424,0
200,1788375214032,3191,3191,0,0,0,155853.57354736328,0,0,4112314368,0,379879424,0
200,1788375214233,3191,3191,0,0,0,155853.57354736328,0,0,4112314368,0,379879424,0
200,1788375214433,3191,3191,0,0,0,155853.57354736328,0,0,4112314368,0,379879424,0
200,1788375214633,3191,3191,0,0,0,155853.57354736328,0,0,4112314368,0,379879424,0
200,1788375214833,3191,3191,0,0,0,155853.57354736328,0,0,4112314368,0,379879424,0
200,1788375215033,3191,3191,0,0,0,155853.57354736328,0,0,4112314368,0,379879424,0
200,1788375215233,3191,3191,0,0,0,155853.57354736328,0,0,4112314368,0,379879424,0
200,1788375215434,3191,3191,0,0,0,155853.57354736328,0,0,4112314368,0,379879424,0
200,1788375215634,3191,3191,0,0,0,155853.57354736328,0,0,4112314368,0,379879424,0
200,1788375215834,3191,3191,0,0,0,155853.57354736328,0,0,4112314368,0,379879424,0
200,1788375216035,3191,3191,0,0,0,155853.57354736328,0,0,4112314368,0,379879424,0
200,1788375216235,3191,3191,0,0,0,155853.57354736328,0,0,4112314368,0,379879424,0
200,1788375216435,3191,3191,0,0,0,155853.57354736328,0,0,4112314368,0,379879424,0
200,1788375216635,3191,3191,0,0,0,155853.57354736328,0,0,4112314368,0,379879424,0
200,1788375216835,3191,3191,0,0,0,155853.57354736328,0,0,4112314368,0,379879424,0
200,1788375217036,3191,3191,0,0,0,155853.60125732422,0,0,4112314368,0,379879424,0
200,1788375217236,3191,3191,4.761904716491699,0,0,155853.60125732422,0,0,4112314368,0,379879424,0
200,1788375217436,3191,3191,0,0,0,155853.60125732422,0,0,4112314368,0,379879424,0
200,1788375217636,3191,3191,0,0,0,155853.60125732422,0,0,4112314368,0,379879424,0
200,1788375217836,3191,3191,0,0,0,155853.60125732422,0,0,4112314368,0,379879424,0
200,1788375218037,3191,3191,0,0,0,155853.60125732422,0,0,4112314368,0,379879424,0
200,1788375218237,3191,3191,0,0,0,155853.60125732422,0,0,4112314368,0,379879424,0
200,1788375218437,3191,3191,0,0,0,155853.60125732422,0,0,4112314368,0,379879424,0
200,1788375218637,3191,3191,0,0,0,155853.60125732422,0,0,4112314368,0,379879424,0
200,1788375218837,3191,3191,0,0,0,155853.60125732422,0,0,4112314368,0,379879424,0
200,1788375219037,3191,3191,0,0,0,155853.60125732422,0,0,4112314368,0,379879424,0
200,1788375219238,3191,3191,0,0,0,155853.60125732422,0,0,4112314368,0,379879424,0
200,1788375219438,3191,3191,0,0,0,155853.60125732422,0,0,4112314368,0,379879424,0
200,1788375219638,3191,3191,0,0,0,155853.60125732422,0,0,4112314368,0,379879424,0
200,1788375219839,3191,3191,0,0,0,155853.60125732422,0,0,4112314368,0,379879424,0
200,1788375220039,3191,3191,0,0,0,155853.60748291016,0,0,4112314368,0,379879424,0
200,1788375220239,3191,3191,0,0,0,155853.60748291016,0,0,4112314368,0,379879424,0
200,1788375220440,3191,3191,0,0,0,155853.60748291016,0,0,4112314368,0,379879424,0
200,1788375220640,3191,3191,0,0,0,155853.60748291016,0,0,4112314368,0,379879424,0
200,1788375220840,3191,3191,0,0,0,155853.60748291016,0,0,4112314368,0,379879424,0
200,1788375221040,3191,3191,0,0,0,155853.60748291016,0,0,4112314368,0,379879424,0
200,1788375221241,3191,3191,0,0,0,155853.60748291016,0,0,4112314368,0,379879424,0
200,1788375221441,3191,3191,0,0,0,155853.60748291016,0,0,4112314368,0,379879424,0
200,1788375221641,3191,3191,0,0,0,155853.60748291016,0,0,4112314368,0,379879424,0
200,1788375221841,3191,3191,0,0,0,155853.60748291016,0,0,4112314368,0,379879424,0
200,1788375222042,3191,3191,0,0,0,155853.60748291016,0,0,4112314368,0,379879424,0
200,1788375222242,3191,3191,0,0,0,155853.60748291016,0,0,4112314368,0,379879424,0
200,1788375222443,3191,3191,0,0,0,155853.60748291016,0,0,4112314368,0,379879424,0
200,1788375222643,3191,3191,0,0,0,155853.60748291016,0,0,4112314368,0,379879424,0
200,1788375222843,3191,3191,4.761904716491699,0,0,155853.60748291016,0,0,4112314368,0,379879424,0
200,1788375223044,3191,3191,0,0,0,155853.62017822266,0,0,4112314368,0,379879424,0
200,1788375223244,3191,3191,0,0,0,155853.62017822266,0,0,4112314368,0,379879424,0
200,1788375223444,3191,3191,0,0,0,155853.62017822266,0,0,4112314368,0,379879424,0
200,1788375223644,3191,3191,0,0,0,155853.62017822266,0,0,4112314368,0,379879424,0
200,1788375223845,3191,3191,0,0,0,155853.62017822266,0,0,4112314368,0,379879424,0
200,1788375224045,3191,3191,0,0,0,155853.62017822266,0,0,4112314368,0,379879424,0
200,1788375224245,3191,3191,0,0,0,155853.62017822266,0,0,4112314368,0,379879424,0
200,1788375224445,3191,3191,0,4.761904716491699,0,155853.62017822266,0,0,4112314368,0,379879424,0
200,1788375224646,3191,3191,0,0,0,155853.62017822266,0,0,4112314368,0,379879424,0
200,1788375224846,3191,3191,0,0,0,155853.62017822266,0,0,4112314368,0,379879424,0
200,1788375225046,3191,3191,0,0,0,155853.62017822266,0,0,4112314368,0,379879424,0
200,1788375225246,3191,3191,0,0,0,155853.62017822266,0,0,4112314368,0,379879424,0
200,1788375225447,3191,3191,0,0,0,155853.62017822266,0,0,4112314368,0,379879424,0
200,1788375225647,3191,3191,0,0,0,155853.62017822266,0,0,4112314368,0,379879424,0
200,1788375225847,3191,3191,0,4.761904716491699,0,155853.62017822266,0,0,4112314368,0,379879424,0
200,1788375226048,3191,3191,0,0,0,155853.63751220703,0,0,4112314368,0,379879424,0
200,1788375226248,3191,3191,0,0,0,155853.63751220703,0,0,4112314368,0,379879424,0
200,1788375226448,3191,3191,0,0,0,155853.63751220703,0,0,4112314368,0,379879424,0
200,1788375226648,3191,3191,0,0,0,155853.63751220703,0,0,4112314368,0,379879424,0
200,1788375226848,3191,3191,0,0,0,155853.63751220703,0,0,4112314368,0,379879424,0
200,1788375227048,3191,3191,0,0,0,155853.63751220703,0,0,4112314368,0,379879424,0
200,1788375227249,3191,3191,0,0,0,155853.63751220703,0,0,4112314368,0,379879424,0
200,1788375227449,3191,3191,0,0,0,155853.63751220703,0,0,4112314368,0,379879424,0
200,1788375227649,3191,3191,0,0,0,155853.63751220703,0,0,4112314368,0,379879424,0
200,1788375227849,3191,3191,0,0,0,155853.63751220703,0,0,4112314368,0,379879424,0
200,1788375228050,3191,3191,0,0,0,155853.64361572266,0,0,4112314368,0,379879424,0
200,1788375228250,3191,3191,0,0,0,155853.64361572266,0,0,4112314368,0,379879424,0
200,1788375228450,3191,3191,0,0,0,155853.64361572266,0,0,4112314368,0,379879424,0
200,1788375228651,3191,3191,0,0,0,155853.64361572266,0,0,4112314368,0,379879424,0
200,1788375228851,3191,3191,0,0,0,155853.64361572266,0,0,4112314368,0,379879424,0
200,1788375229051,3191,3191,4.761904716491699,0,0,155853.64361572266,0,0,4112314368,0,379879424,0
200,1788375229252,3191,3191,0,0,0,155853.64361572266,0,0,4112314368,0,379879424,0
200,1788375229452,3191,3191,0,0,0,155853.64361572266,0,0,4112314368,0,379879424,0
200,1788375229652,3191,3191,0,0,0,155853.64361572266,0,0,4112314368,0,379879424,0
200,1788375229852,3191,3191,0,0,0,155853.64361572266,0,0,4112314368,0,379879424,0
200,1788375230052,3191,3191,0,0,0,155853.65185546875,0,0,4112314368,0,379879424,0
200,1788375230253,3191,3191,0,0,0,155853.65185546875,0,0,4112314368,0,379879424,0
200,1788375230453,3191,3191,0,0,0,155853.65185546875,0,0,4112314368,0,379879424,0
200,1788375230653,3191,3191,0,0,0,155853.65185546875,0,0,4112314368,0,379879424,0
200,1788375230854,3191,3191,0,0,0,155853.65185546875,0,0,4112314368,0,379879424,0
200,1788375231054,3191,3191,0,0,0,155853.65185546875,0,0,4112314368,0,379879424,0
200,1788375231254,3191,3191,0,0,0,155853.65185546875,0,0,4112314368,0,379879424,0
200,1788375231455,3191,3191,0,0,0,155853.65185546875,0,0,4112314368,0,379879424,0
200,1788375231655,3191,3191,0,0,0,155853.65185546875,0,0,4112314368,0,379879424,0
200,1788375231855,3191,3191,0,0,0,155853.65185546875,0,0,4112314368,0,379879424,0
200,1788375232056,3191,3191,0,0,0,155853.65185546875,0,0,4112314368,0,379879424,0
200,1788375232256,3191,3191,4.761904716491699,0,0,155853.65185546875,0,0,4112314368,0,379879424,0
200,1788375232456,3191,3191,0,0,0,155853.65185546875,0,0,4112314368,0,379879424,0
200,1788375232657,3191,3191,0,0,0,155853.65185546875,0,0,4112314368,0,379879424,0
200,1788375232857,3191,3191,0,0,0,155853.65185546875,0,0,4112314368,0,379879424,0
200,1788375233057,3191,3191,0,0,0,155853.6644897461,0,0,4112314368,0,379879424,0
200,1788375233258,3191,3191,0,0,0,155853.6644897461,0,0,4112314368,0,379879424,0
200,1788375233458,3191,3191,0,0,0,155853.6644897461,0,0,4112314368,0,379879424,0
200,1788375233658,3191,3191,0,0,0,155853.6644897461,0,0,4112314368,0,379879424,0
200,1788375233859,3191,3191,0,0,0,155853.6644897461,0,0,4112314368,0,379879424,0
200,1788375234059,3191,3191,0,0,0,155853.6644897461,0,0,4112314368,0,379879424,0
200,1788375234259,3191,3191,0,4.761904716491699,0,155853.6644897461,0,0,4112314368,0,379879424,0
200,1788375234460,3191,3191,0,0,0,155853.6644897461,0,0,4112314368,0,379879424,0
200,1788375234660,3191,3191,0,0,0,155853.6644897461,0,0,4112314368,0,379879424,0
200,1788375234860,3191,3191,0,0,0,155853.6644897461,0,0,4112314368,0,379879424,0
200,1788375235061,3191,3191,0,0,0,155853.6644897461,0,0,4112314368,0,379879424,0
200,1788375235261,3191,3191,0,0,0,155853.6644897461,0,0,4112314368,0,379879424,0
200,1788375235461,3191,3191,0,0,0,155853.6644897461,0,0,4112314368,0,379879424,0
200,1788375235661,3191,3191,0,0,0,155853.6644897461,0,0,4112314368,0,379879424,0
200,1788375235861,3191,3191,0,0,0,155853.6644897461,0,0,4112314368,0,379879424,0
200,1788375236061,3191,3191,0,0,0,155853.6644897461,0,0,4112314368,0,379879424,0
200,1788375236262,3191,3191,0,0,0,155853.6644897461,0,0,4112314368,0,379879424,0
200,1788375236462,3191,3191,0,0,0,155853.6644897461,0,0,4112314368,0,379879424,0
200,1788375236662,3191,3191,0,0,0,155853.6644897461,0,0,4112314368,0,379879424,0
200,1788375236862,3191,3191,0,0,0,155853.6644897461,0,0,4112314368,0,379879424,0
200,1788375237063,3191,3191,0,0,0,155853.67626953125,0,0,4112314368,0,379879424,0
200,1788375237263,3191,3191,0,0,0,155853.67626953125,0,0,4112314368,0,379879424,0
200,1788375237464,3191,3191,0,0,0,155853.67626953125,0,0,4112314368,0,379879424,0
200,1788375237664,3191,3191,0,0,0,155853.67626953125,0,0,4112314368,0,379879424,0
200,1788375237864,3191,3191,0,0,0,155853.67626953125,0,0,4112314368,0,379879424,0
200,1788375238064,3191,3191,0,0,0,155853.67626953125,0,0,4112314368,0,379879424,0
200,1788375238265,3191,3191,0,0,0,155853.67626953125,0,0,4112314368,0,379879424,0
200,1788375238465,3191,3191,0,0,0,155853.67626953125,0,0,4112314368,0,379879424,0
200,1788375238665,3191,3191,0,0,0,155853.67626953125,0,0,4112314368,0,379879424,0
200,1788375238866,3191,3191,0,0,0,155853.67626953125,0,0,4112314368,0,379879424,0
200,1788375239066,3191,3191,0,0,0,155853.68231201172,0,0,4112314368,0,379879424,0
200,1788375239266,3191,3191,0,0,0,155853.68231201172,0,0,4112314368,0,379879424,0
200,1788375239467,3191,3191,0,0,0,155853.68231201172,0,0,4112314368,0,379879424,0
200,1788375239667,3191,3191,0,0,0,155853.68231201172,0,0,4112314368,0,379879424,0
200,1788375239867,3191,3191,0,0,0,155853.68231201172,0,0,4112314368,0,379879424,0
200,1788375240068,3191,3191,0,0,0,155853.68231201172,0,0,4112314368,0,379879424,0
200,1788375240268,3191,3191,0,0,0,155853.68231201172,0,0,4112314368,0,379879424,0
200,1788375240468,3191,3191,0,0,0,155853.68231201172,0,0,4112314368,0,379879424,0
200,1788375240668,3191,3191,0,0,0,155853.68231201172,0,0,4112314368,0,379879424,0
200,1788375240869,3191,3191,0,0,0,155853.68231201172,0,0,4112314368,0,379879424,0
200,1788375241069,3191,3191,0,0,0,155853.68231201172,0,0,4112314368,0,379879424,0
200,1788375241269,3191,3191,0,0,0,155853.68231201172,0,0,4112314368,0,379879424,0
200,1788375241469,3191,3191,0,0,0,155853.68231201172,0,0,4112314368,0,379879424,0
200,1788375241670,3191,3191,0,0,0,155853.68231201172,0,0,4112314368,0,379879424,0
200,1788375241870,3191,3191,0,0,0,155853.68231201172,0,0,4112314368,0,379879424,0
200,1788375242070,3191,3191,0,0,0,155853.69482421875,0,0,4112314368,0,379879424,0
200,1788375242270,3191,3191,0,0,0,155853.69482421875,0,0,4112314368,0,379879424,0
200,1788375242471,3191,3191,0,0,0,155853.69482421875,0,0,4112314368,0,379879424,0
200,1788375242671,3191,3191,0,0,0,155853.69482421875,0,0,4112314368,0,379879424,0
200,1788375242872,3191,3191,4.761904716491699,0,0,155853.69482421875,0,0,4112314368,0,379871232,0
200,1788375243072,3191,3191,0,0,0,155853.69482421875,0,0,4112314368,0,379871232,0
200,1788375243272,3191,3191,0,0,0,155853.69482421875,0,0,4112314368,0,379871232,0
200,1788375243472,3191,3191,0,0,0,155853.69482421875,0,0,4112314368,0,379871232,0
200,1788375243673,3191,3191,0,0,0,155853.69482421875,0,0,4112314368,0,379871232,0
200,1788375243873,3191,3191,0,0,0,155853.69482421875,0,0,4112314368,0,379871232,0
200,1788375244073,3191,3191,0,0,0,155853.69482421875,0,0,4112314368,0,379871232,0
200,1788375244274,3191,3191,0,0,0,155853.69482421875,0,0,4112314368,0,379871232,0
200,1788375244474,3191,3191,0,0,0,155853.69482421875,0,0,4112314368,0,379871232,0
200,1788375244674,3191,3191,0,0,0,155853.69482421875,0,0,4112314368,0,379871232,0
200,1788375244875,3191,3191,0,0,0,155853.69482421875,0,0,4112314368,0,379871232,0
200,1788375245075,3191,3191,0,0,0,155853.70263671875,0,0,4112314368,0,379871232,0
200,1788375245275,3191,3191,0,0,0,155853.70263671875,0,0,4112314368,0,379871232,0
200,1788375245475,3191,3191,0,0,0,155853.70263671875,0,0,4112314368,0,379871232,0
200,1788375245676,3191,3191,0,0,0,155853.70263671875,0,0,4112314368,0,379871232,0
200,1788375245876,3191,3191,0,0,0,155853.70263671875,0,0,4112314368,0,379871232,0
200,1788375246076,3191,3191,0,0,0,155853.70263671875,0,0,4112314368,0,379871232,0
200,1788375246276,3191,3191,0,0,0,155853.70263671875,0,0,4112314368,0,379871232,0
200,1788375246476,3191,3191,0,0,0,155853.70263671875,0,0,4112314368,0,379871232,0
200,1788375246677,3191,3191,0,0,0,155853.70263671875,0,0,4112314368,0,379871232,0
200,1788375246877,3191,3191,0,0,0,155853.70263671875,0,0,4112314368,0,379871232,0
200,1788375247077,3191,3191,0,0,0,155853.70263671875,0,0,4112314368,0,379871232,0
200,1788375247278,3191,3191,0,0,0,155853.70263671875,0,0,4112314368,0,379871232,0
200,1788375247478,3191,3191,0,0,0,155853.70263671875,0,0,4112314368,0,379871232,0
200,1788375247678,3191,3191,0,0,0,155853.70263671875,0,0,4112314368,0,379871232,0
200,1788375247879,3191,3191,0,0,0,155853.70263671875,0,0,4112314368,0,379871232,0
200,1788375248079,3191,3191,0,0,0,155853.71630859375,0,0,4112314368,0,379871232,0
200,1788375248279,3191,3191,0,0,0,155853.71630859375,0,0,4112314368,0,379871232,0
200,1788375248480,3191,3191,0,0,0,155853.71630859375,0,0,4112314368,0,379871232,0
200,1788375248680,3191,3191,0,0,0,155853.71630859375,0,0,4112314368,0,379871232,0
200,1788375248880,3191,3191,0,0,0,155853.71630859375,0,0,4112314368,0,379871232,0
200,1788375249081,3191,3191,0,0,0,155853.71630859375,0,0,4112314368,0,379871232,0
200,1788375249281,3191,3191,0,0,0,155853.71630859375,0,0,4112314368,0,379871232,0
200,1788375249481,3191,3191,0,0,0,155853.71630859375,0,0,4112314368,0,379871232,0
200,1788375249681,3191,3191,0,0,0,155853.71630859375,0,0,4112314368,0,379871232,0
200,1788375249882,3191,3191,0,0,0,155853.71630859375,0,0,4112314368,0,379871232,0
200,1788375250082,3191,3191,0,0,0,155853.71630859375,0,0,4112314368,0,379871232,0
200,1788375250282,3191,3191,0,0,0,155853.71630859375,0,0,4112314368,0,379871232,0
200,1788375250483,3191,3191,0,0,0,155853.71630859375,0,0,4112314368,0,379871232,0
200,1788375250683,3191,3191,0,0,0,155853.71630859375,0,0,4112314368,0,379871232,0
200,1788375250884,3191,3191,4.761904716491699,0,0,155853.71630859375,0,0,4112314368,0,379871232,0
200,1788375251084,3191,3191,0,0,0,155853.72235107422,0,0,4112314368,0,379871232,0
200,1788375251284,3191,3191,0,0,0,155853.72235107422,0,0,4112314368,0,379871232,0
200,1788375251484,3191,3191,0,0,0,155853.72235107422,0,0,4112314368,0,379871232,0
200,1788375251684,3191,3191,0,0,0,155853.72235107422,0,0,4112314368,0,379871232,0
200,1788375251885,3191,3191,0,0,0,155853.72235107422,0,0,4112314368,0,379871232,0
200,1788375252085,3191,3191,0,0,0,155853.72235107422,0,0,4112314368,0,379871232,0
200,1788375252285,3191,3191,0,0,0,155853.72235107422,0,0,4112314368,0,379871232,0
200,1788375252485,3191,3191,0,0,0,155853.72235107422,0,0,4112314368,0,379871232,0
200,1788375252686,3191,3191,0,0,0,155853.72235107422,0,0,4112314368,0,379871232,0
200,1788375252886,3191,3191,0,0,0,155853.72235107422,0,0,4112314368,0,379871232,0
200,1788375253086,3191,3191,0,0,0,155853.72235107422,0,0,4112314368,0,379871232,0
200,1788375253286,3191,3191,0,0,0,155853.72235107422,0,0,4112314368,0,379871232,0
200,1788375253487,3191,3191,0,0,0,155853.72235107422,0,0,4112314368,0,379871232,0
200,1788375253687,3191,3191,0,0,0,155853.72235107422,0,0,4112314368,0,379871232,0
200,1788375253888,3191,3191,0,0,0,155853.72235107422,0,0,4112314368,0,379871232,0
200,1788375254088,3191,3191,0,0,0,155853.7303466797,0,0,4112314368,0,379871232,0
200,1788375254288,3191,3191,0,0,0,155853.7303466797,0,0,4112314368,0,379871232,0
200,1788375254488,3191,3191,0,0,0,155853.7303466797,0,0,4112314368,0,379871232,0
200,1788375254688,3191,3191,0,0,0,155853.7303466797,0,0,4112314368,0,379871232,0
200,1788375254889,3191,3191,0,0,0,155853.7303466797,0,0,4112314368,0,379871232,0
200,1788375255089,3191,3191,0,0,0,155853.7303466797,0,0,4112314368,0,379871232,0
200,1788375255289,3191,3191,0,0,0,155853.7303466797,0,0,4112314368,0,379871232,0
200,1788375255489,3191,3191,0,0,0,155853.7303466797,0,0,4112314368,0,379871232,0
200,1788375255689,3191,3191,0,0,0,155853.7303466797,0,0,4112314368,0,379871232,0
200,1788375255890,3191,3191,0,0,0,155853.7303466797,0,0,4112314368,0,379871232,0
200,1788375256090,3191,3191,0,0,0,155853.77014160156,0,0,4112314368,0,379871232,0
200,1788375256290,3191,3191,0,0,0,155853.77014160156,0,0,4112314368,0,379871232,0
200,1788375256491,3191,3191,0,0,0,155853.77014160156,0,0,4112314368,0,379871232,0
200,1788375256691,3191,3191,0,0,0,155853.77014160156,0,0,4112314368,0,379871232,0
200,1788375256891,3191,3191,0,0,0,155853.77014160156,0,0,4112314368,0,379871232,0
200,1788375257092,3191,3191,0,0,0,155853.77014160156,0,0,4112314368,0,379871232,0
200,1788375257292,3191,3191,0,0,0,155853.77014160156,0,0,4112314368,0,379871232,0
200,1788375257492,3191,3191,0,0,0,155853.77014160156,0,0,4112314368,0,379871232,0
200,1788375257692,3191,3191,0,0,0,155853.77014160156,0,0,4112314368,0,379871232,0
200,1788375257893,3191,3191,0,0,0,155853.77014160156,0,0,4112314368,0,379871232,0
200,1788375258093,3191,3191,0,0,0,155853.7767944336,0,0,4112314368,0,379871232,0
200,1788375258293,3191,3191,0,0,0,155853.7767944336,0,0,4112314368,0,379871232,0
200,1788375258494,3191,3191,0,0,0,155853.7767944336,0,0,4112314368,0,379871232,0
200,1788375258694,3191,3191,0,0,0,155853.7767944336,0,0,4112314368,0,379871232,0
200,1788375258894,3191,3191,0,0,0,155853.7767944336,0,0,4112314368,0,379871232,0
200,1788375259095,3191,3191,0,0,0,155853.7767944336,0,0,4112314368,0,379871232,0
200,1788375259295,3191,3191,0,0,0,155853.7767944336,0,0,4112314368,0,379871232,0
200,1788375259495,3191,3191,0,0,0,155853.7767944336,0,0,4112314368,0,379871232,0
200,1788375259696,3191,3191,4.761904716491699,0,0,155853.7767944336,0,0,4112314368,0,379871232,0
200,1788375259896,3191,3191,0,0,0,155853.7767944336,0,0,4112314368,0,379871232,0
200,1788375260096,3191,3191,0,0,0,155853.7767944336,0,0,4112314368,0,379871232,0
200,1788375260296,3191,3191,0,0,0,155853.7767944336,0,0,4112314368,0,379871232,0
200,1788375260497,3191,3191,0,0,0,155853.7767944336,0,0,4112314368,0,379871232,0
200,1788375260697,3191,3191,0,0,0,155853.7767944336,0,0,4112314368,0,379863040,0
0,1788375260897,3191,3191,0,0,0,155853.7767944336,0,0,4112314368,0,379604992,0
